[2025-10-24 05:54:11] local.ERROR: Class "Barryvdh\Debugbar\ServiceProvider" not found {"exception":"[object] (Error(code: 0): Class \"Barryvdh\\Debugbar\\ServiceProvider\" not found at C:\\Users\\dell\\Documents\\Github\\saudiex\\vendor\\laravel\\framework\\src\\Illuminate\\Foundation\\ProviderRepository.php:206)
[stacktrace]
#0 C:\\Users\\dell\\Documents\\Github\\saudiex\\vendor\\laravel\\framework\\src\\Illuminate\\Foundation\\ProviderRepository.php(142): Illuminate\\Foundation\\ProviderRepository->createProvider('Barryvdh\\\\Debugb...')
#1 C:\\Users\\dell\\Documents\\Github\\saudiex\\vendor\\laravel\\framework\\src\\Illuminate\\Foundation\\ProviderRepository.php(61): Illuminate\\Foundation\\ProviderRepository->compileManifest(Array)
#2 C:\\Users\\dell\\Documents\\Github\\saudiex\\vendor\\laravel\\framework\\src\\Illuminate\\Foundation\\Application.php(689): Illuminate\\Foundation\\ProviderRepository->load(Array)
#3 C:\\Users\\dell\\Documents\\Github\\saudiex\\vendor\\laravel\\framework\\src\\Illuminate\\Foundation\\Bootstrap\\RegisterProviders.php(17): Illuminate\\Foundation\\Application->registerConfiguredProviders()
#4 C:\\Users\\dell\\Documents\\Github\\saudiex\\vendor\\laravel\\framework\\src\\Illuminate\\Foundation\\Application.php(265): Illuminate\\Foundation\\Bootstrap\\RegisterProviders->bootstrap(Object(Illuminate\\Foundation\\Application))
#5 C:\\Users\\dell\\Documents\\Github\\saudiex\\vendor\\laravel\\framework\\src\\Illuminate\\Foundation\\Console\\Kernel.php(383): Illuminate\\Foundation\\Application->bootstrapWith(Array)
#6 C:\\Users\\dell\\Documents\\Github\\saudiex\\vendor\\laravel\\framework\\src\\Illuminate\\Foundation\\Console\\Kernel.php(153): Illuminate\\Foundation\\Console\\Kernel->bootstrap()
#7 C:\\Users\\dell\\Documents\\Github\\saudiex\\artisan(33): Illuminate\\Foundation\\Console\\Kernel->handle(Object(Symfony\\Component\\Console\\Input\\ArgvInput), Object(Symfony\\Component\\Console\\Output\\ConsoleOutput))
#8 {main}
"} 
[2025-10-24 10:48:44] local.ERROR: Class "Barryvdh\Debugbar\ServiceProvider" not found {"exception":"[object] (Error(code: 0): Class \"Barryvdh\\Debugbar\\ServiceProvider\" not found at C:\\Users\\dell\\Documents\\Github\\saudiex\\vendor\\laravel\\framework\\src\\Illuminate\\Foundation\\ProviderRepository.php:206)
[stacktrace]
#0 C:\\Users\\dell\\Documents\\Github\\saudiex\\vendor\\laravel\\framework\\src\\Illuminate\\Foundation\\ProviderRepository.php(142): Illuminate\\Foundation\\ProviderRepository->createProvider('Barryvdh\\\\Debugb...')
#1 C:\\Users\\dell\\Documents\\Github\\saudiex\\vendor\\laravel\\framework\\src\\Illuminate\\Foundation\\ProviderRepository.php(61): Illuminate\\Foundation\\ProviderRepository->compileManifest(Array)
#2 C:\\Users\\dell\\Documents\\Github\\saudiex\\vendor\\laravel\\framework\\src\\Illuminate\\Foundation\\Application.php(689): Illuminate\\Foundation\\ProviderRepository->load(Array)
#3 C:\\Users\\dell\\Documents\\Github\\saudiex\\vendor\\laravel\\framework\\src\\Illuminate\\Foundation\\Bootstrap\\RegisterProviders.php(17): Illuminate\\Foundation\\Application->registerConfiguredProviders()
#4 C:\\Users\\dell\\Documents\\Github\\saudiex\\vendor\\laravel\\framework\\src\\Illuminate\\Foundation\\Application.php(265): Illuminate\\Foundation\\Bootstrap\\RegisterProviders->bootstrap(Object(Illuminate\\Foundation\\Application))
#5 C:\\Users\\dell\\Documents\\Github\\saudiex\\vendor\\laravel\\framework\\src\\Illuminate\\Foundation\\Console\\Kernel.php(383): Illuminate\\Foundation\\Application->bootstrapWith(Array)
#6 C:\\Users\\dell\\Documents\\Github\\saudiex\\vendor\\laravel\\framework\\src\\Illuminate\\Foundation\\Console\\Kernel.php(153): Illuminate\\Foundation\\Console\\Kernel->bootstrap()
#7 Command line code(1): Illuminate\\Foundation\\Console\\Kernel->handle(Object(Symfony\\Component\\Console\\Input\\ArgvInput), Object(Symfony\\Component\\Console\\Output\\ConsoleOutput))
#8 {main}
"} 
[2025-10-24 10:48:44] local.ERROR: Class "Barryvdh\Debugbar\ServiceProvider" not found {"exception":"[object] (Error(code: 0): Class \"Barryvdh\\Debugbar\\ServiceProvider\" not found at C:\\Users\\dell\\Documents\\Github\\saudiex\\vendor\\laravel\\framework\\src\\Illuminate\\Foundation\\ProviderRepository.php:206)
[stacktrace]
#0 C:\\Users\\dell\\Documents\\Github\\saudiex\\vendor\\laravel\\framework\\src\\Illuminate\\Foundation\\ProviderRepository.php(142): Illuminate\\Foundation\\ProviderRepository->createProvider('Barryvdh\\\\Debugb...')
#1 C:\\Users\\dell\\Documents\\Github\\saudiex\\vendor\\laravel\\framework\\src\\Illuminate\\Foundation\\ProviderRepository.php(61): Illuminate\\Foundation\\ProviderRepository->compileManifest(Array)
#2 C:\\Users\\dell\\Documents\\Github\\saudiex\\vendor\\laravel\\framework\\src\\Illuminate\\Foundation\\Application.php(689): Illuminate\\Foundation\\ProviderRepository->load(Array)
#3 C:\\Users\\dell\\Documents\\Github\\saudiex\\vendor\\laravel\\framework\\src\\Illuminate\\Foundation\\Bootstrap\\RegisterProviders.php(17): Illuminate\\Foundation\\Application->registerConfiguredProviders()
#4 C:\\Users\\dell\\Documents\\Github\\saudiex\\vendor\\laravel\\framework\\src\\Illuminate\\Foundation\\Application.php(265): Illuminate\\Foundation\\Bootstrap\\RegisterProviders->bootstrap(Object(Illuminate\\Foundation\\Application))
#5 C:\\Users\\dell\\Documents\\Github\\saudiex\\vendor\\laravel\\framework\\src\\Illuminate\\Foundation\\Console\\Kernel.php(383): Illuminate\\Foundation\\Application->bootstrapWith(Array)
#6 C:\\Users\\dell\\Documents\\Github\\saudiex\\vendor\\laravel\\framework\\src\\Illuminate\\Foundation\\Console\\Kernel.php(153): Illuminate\\Foundation\\Console\\Kernel->bootstrap()
#7 Command line code(1): Illuminate\\Foundation\\Console\\Kernel->handle(Object(Symfony\\Component\\Console\\Input\\ArgvInput), Object(Symfony\\Component\\Console\\Output\\ConsoleOutput))
#8 {main}
"} 
[2025-10-24 10:48:44] local.ERROR: Class "Barryvdh\Debugbar\ServiceProvider" not found {"exception":"[object] (Error(code: 0): Class \"Barryvdh\\Debugbar\\ServiceProvider\" not found at C:\\Users\\dell\\Documents\\Github\\saudiex\\vendor\\laravel\\framework\\src\\Illuminate\\Foundation\\ProviderRepository.php:206)
[stacktrace]
#0 C:\\Users\\dell\\Documents\\Github\\saudiex\\vendor\\laravel\\framework\\src\\Illuminate\\Foundation\\ProviderRepository.php(142): Illuminate\\Foundation\\ProviderRepository->createProvider('Barryvdh\\\\Debugb...')
#1 C:\\Users\\dell\\Documents\\Github\\saudiex\\vendor\\laravel\\framework\\src\\Illuminate\\Foundation\\ProviderRepository.php(61): Illuminate\\Foundation\\ProviderRepository->compileManifest(Array)
#2 C:\\Users\\dell\\Documents\\Github\\saudiex\\vendor\\laravel\\framework\\src\\Illuminate\\Foundation\\Application.php(689): Illuminate\\Foundation\\ProviderRepository->load(Array)
#3 C:\\Users\\dell\\Documents\\Github\\saudiex\\vendor\\laravel\\framework\\src\\Illuminate\\Foundation\\Bootstrap\\RegisterProviders.php(17): Illuminate\\Foundation\\Application->registerConfiguredProviders()
#4 C:\\Users\\dell\\Documents\\Github\\saudiex\\vendor\\laravel\\framework\\src\\Illuminate\\Foundation\\Application.php(265): Illuminate\\Foundation\\Bootstrap\\RegisterProviders->bootstrap(Object(Illuminate\\Foundation\\Application))
#5 C:\\Users\\dell\\Documents\\Github\\saudiex\\vendor\\laravel\\framework\\src\\Illuminate\\Foundation\\Console\\Kernel.php(383): Illuminate\\Foundation\\Application->bootstrapWith(Array)
#6 C:\\Users\\dell\\Documents\\Github\\saudiex\\vendor\\laravel\\framework\\src\\Illuminate\\Foundation\\Console\\Kernel.php(153): Illuminate\\Foundation\\Console\\Kernel->bootstrap()
#7 Command line code(1): Illuminate\\Foundation\\Console\\Kernel->handle(Object(Symfony\\Component\\Console\\Input\\ArgvInput), Object(Symfony\\Component\\Console\\Output\\ConsoleOutput))
#8 {main}
"} 
[2025-10-24 10:48:44] local.ERROR: Class "Barryvdh\Debugbar\ServiceProvider" not found {"exception":"[object] (Error(code: 0): Class \"Barryvdh\\Debugbar\\ServiceProvider\" not found at C:\\Users\\dell\\Documents\\Github\\saudiex\\vendor\\laravel\\framework\\src\\Illuminate\\Foundation\\ProviderRepository.php:206)
[stacktrace]
#0 C:\\Users\\dell\\Documents\\Github\\saudiex\\vendor\\laravel\\framework\\src\\Illuminate\\Foundation\\ProviderRepository.php(142): Illuminate\\Foundation\\ProviderRepository->createProvider('Barryvdh\\\\Debugb...')
#1 C:\\Users\\dell\\Documents\\Github\\saudiex\\vendor\\laravel\\framework\\src\\Illuminate\\Foundation\\ProviderRepository.php(61): Illuminate\\Foundation\\ProviderRepository->compileManifest(Array)
#2 C:\\Users\\dell\\Documents\\Github\\saudiex\\vendor\\laravel\\framework\\src\\Illuminate\\Foundation\\Application.php(689): Illuminate\\Foundation\\ProviderRepository->load(Array)
#3 C:\\Users\\dell\\Documents\\Github\\saudiex\\vendor\\laravel\\framework\\src\\Illuminate\\Foundation\\Bootstrap\\RegisterProviders.php(17): Illuminate\\Foundation\\Application->registerConfiguredProviders()
#4 C:\\Users\\dell\\Documents\\Github\\saudiex\\vendor\\laravel\\framework\\src\\Illuminate\\Foundation\\Application.php(265): Illuminate\\Foundation\\Bootstrap\\RegisterProviders->bootstrap(Object(Illuminate\\Foundation\\Application))
#5 C:\\Users\\dell\\Documents\\Github\\saudiex\\vendor\\laravel\\framework\\src\\Illuminate\\Foundation\\Console\\Kernel.php(383): Illuminate\\Foundation\\Application->bootstrapWith(Array)
#6 C:\\Users\\dell\\Documents\\Github\\saudiex\\vendor\\laravel\\framework\\src\\Illuminate\\Foundation\\Console\\Kernel.php(153): Illuminate\\Foundation\\Console\\Kernel->bootstrap()
#7 Command line code(1): Illuminate\\Foundation\\Console\\Kernel->handle(Object(Symfony\\Component\\Console\\Input\\ArgvInput), Object(Symfony\\Component\\Console\\Output\\ConsoleOutput))
#8 {main}
"} 
[2025-10-24 10:48:44] local.ERROR: Class "Barryvdh\Debugbar\ServiceProvider" not found {"exception":"[object] (Error(code: 0): Class \"Barryvdh\\Debugbar\\ServiceProvider\" not found at C:\\Users\\dell\\Documents\\Github\\saudiex\\vendor\\laravel\\framework\\src\\Illuminate\\Foundation\\ProviderRepository.php:206)
[stacktrace]
#0 C:\\Users\\dell\\Documents\\Github\\saudiex\\vendor\\laravel\\framework\\src\\Illuminate\\Foundation\\ProviderRepository.php(142): Illuminate\\Foundation\\ProviderRepository->createProvider('Barryvdh\\\\Debugb...')
#1 C:\\Users\\dell\\Documents\\Github\\saudiex\\vendor\\laravel\\framework\\src\\Illuminate\\Foundation\\ProviderRepository.php(61): Illuminate\\Foundation\\ProviderRepository->compileManifest(Array)
#2 C:\\Users\\dell\\Documents\\Github\\saudiex\\vendor\\laravel\\framework\\src\\Illuminate\\Foundation\\Application.php(689): Illuminate\\Foundation\\ProviderRepository->load(Array)
#3 C:\\Users\\dell\\Documents\\Github\\saudiex\\vendor\\laravel\\framework\\src\\Illuminate\\Foundation\\Bootstrap\\RegisterProviders.php(17): Illuminate\\Foundation\\Application->registerConfiguredProviders()
#4 C:\\Users\\dell\\Documents\\Github\\saudiex\\vendor\\laravel\\framework\\src\\Illuminate\\Foundation\\Application.php(265): Illuminate\\Foundation\\Bootstrap\\RegisterProviders->bootstrap(Object(Illuminate\\Foundation\\Application))
#5 C:\\Users\\dell\\Documents\\Github\\saudiex\\vendor\\laravel\\framework\\src\\Illuminate\\Foundation\\Console\\Kernel.php(383): Illuminate\\Foundation\\Application->bootstrapWith(Array)
#6 C:\\Users\\dell\\Documents\\Github\\saudiex\\vendor\\laravel\\framework\\src\\Illuminate\\Foundation\\Console\\Kernel.php(153): Illuminate\\Foundation\\Console\\Kernel->bootstrap()
#7 Command line code(1): Illuminate\\Foundation\\Console\\Kernel->handle(Object(Symfony\\Component\\Console\\Input\\ArgvInput), Object(Symfony\\Component\\Console\\Output\\ConsoleOutput))
#8 {main}
"} 
[2025-10-24 10:48:44] local.ERROR: Class "Barryvdh\Debugbar\ServiceProvider" not found {"exception":"[object] (Error(code: 0): Class \"Barryvdh\\Debugbar\\ServiceProvider\" not found at C:\\Users\\dell\\Documents\\Github\\saudiex\\vendor\\laravel\\framework\\src\\Illuminate\\Foundation\\ProviderRepository.php:206)
[stacktrace]
#0 C:\\Users\\dell\\Documents\\Github\\saudiex\\vendor\\laravel\\framework\\src\\Illuminate\\Foundation\\ProviderRepository.php(142): Illuminate\\Foundation\\ProviderRepository->createProvider('Barryvdh\\\\Debugb...')
#1 C:\\Users\\dell\\Documents\\Github\\saudiex\\vendor\\laravel\\framework\\src\\Illuminate\\Foundation\\ProviderRepository.php(61): Illuminate\\Foundation\\ProviderRepository->compileManifest(Array)
#2 C:\\Users\\dell\\Documents\\Github\\saudiex\\vendor\\laravel\\framework\\src\\Illuminate\\Foundation\\Application.php(689): Illuminate\\Foundation\\ProviderRepository->load(Array)
#3 C:\\Users\\dell\\Documents\\Github\\saudiex\\vendor\\laravel\\framework\\src\\Illuminate\\Foundation\\Bootstrap\\RegisterProviders.php(17): Illuminate\\Foundation\\Application->registerConfiguredProviders()
#4 C:\\Users\\dell\\Documents\\Github\\saudiex\\vendor\\laravel\\framework\\src\\Illuminate\\Foundation\\Application.php(265): Illuminate\\Foundation\\Bootstrap\\RegisterProviders->bootstrap(Object(Illuminate\\Foundation\\Application))
#5 C:\\Users\\dell\\Documents\\Github\\saudiex\\vendor\\laravel\\framework\\src\\Illuminate\\Foundation\\Console\\Kernel.php(383): Illuminate\\Foundation\\Application->bootstrapWith(Array)
#6 C:\\Users\\dell\\Documents\\Github\\saudiex\\vendor\\laravel\\framework\\src\\Illuminate\\Foundation\\Console\\Kernel.php(153): Illuminate\\Foundation\\Console\\Kernel->bootstrap()
#7 Command line code(1): Illuminate\\Foundation\\Console\\Kernel->handle(Object(Symfony\\Component\\Console\\Input\\ArgvInput), Object(Symfony\\Component\\Console\\Output\\ConsoleOutput))
#8 {main}
"} 
[2025-10-24 10:48:44] local.ERROR: Class "Barryvdh\Debugbar\ServiceProvider" not found {"exception":"[object] (Error(code: 0): Class \"Barryvdh\\Debugbar\\ServiceProvider\" not found at C:\\Users\\dell\\Documents\\Github\\saudiex\\vendor\\laravel\\framework\\src\\Illuminate\\Foundation\\ProviderRepository.php:206)
[stacktrace]
#0 C:\\Users\\dell\\Documents\\Github\\saudiex\\vendor\\laravel\\framework\\src\\Illuminate\\Foundation\\ProviderRepository.php(142): Illuminate\\Foundation\\ProviderRepository->createProvider('Barryvdh\\\\Debugb...')
#1 C:\\Users\\dell\\Documents\\Github\\saudiex\\vendor\\laravel\\framework\\src\\Illuminate\\Foundation\\ProviderRepository.php(61): Illuminate\\Foundation\\ProviderRepository->compileManifest(Array)
#2 C:\\Users\\dell\\Documents\\Github\\saudiex\\vendor\\laravel\\framework\\src\\Illuminate\\Foundation\\Application.php(689): Illuminate\\Foundation\\ProviderRepository->load(Array)
#3 C:\\Users\\dell\\Documents\\Github\\saudiex\\vendor\\laravel\\framework\\src\\Illuminate\\Foundation\\Bootstrap\\RegisterProviders.php(17): Illuminate\\Foundation\\Application->registerConfiguredProviders()
#4 C:\\Users\\dell\\Documents\\Github\\saudiex\\vendor\\laravel\\framework\\src\\Illuminate\\Foundation\\Application.php(265): Illuminate\\Foundation\\Bootstrap\\RegisterProviders->bootstrap(Object(Illuminate\\Foundation\\Application))
#5 C:\\Users\\dell\\Documents\\Github\\saudiex\\vendor\\laravel\\framework\\src\\Illuminate\\Foundation\\Console\\Kernel.php(383): Illuminate\\Foundation\\Application->bootstrapWith(Array)
#6 C:\\Users\\dell\\Documents\\Github\\saudiex\\vendor\\laravel\\framework\\src\\Illuminate\\Foundation\\Console\\Kernel.php(153): Illuminate\\Foundation\\Console\\Kernel->bootstrap()
#7 Command line code(1): Illuminate\\Foundation\\Console\\Kernel->handle(Object(Symfony\\Component\\Console\\Input\\ArgvInput), Object(Symfony\\Component\\Console\\Output\\ConsoleOutput))
#8 {main}
"} 
[2025-10-24 10:49:19] local.ERROR: Class "Barryvdh\Debugbar\ServiceProvider" not found {"exception":"[object] (Error(code: 0): Class \"Barryvdh\\Debugbar\\ServiceProvider\" not found at C:\\Users\\dell\\Documents\\Github\\saudiex\\vendor\\laravel\\framework\\src\\Illuminate\\Foundation\\ProviderRepository.php:206)
[stacktrace]
#0 C:\\Users\\dell\\Documents\\Github\\saudiex\\vendor\\laravel\\framework\\src\\Illuminate\\Foundation\\ProviderRepository.php(142): Illuminate\\Foundation\\ProviderRepository->createProvider('Barryvdh\\\\Debugb...')
#1 C:\\Users\\dell\\Documents\\Github\\saudiex\\vendor\\laravel\\framework\\src\\Illuminate\\Foundation\\ProviderRepository.php(61): Illuminate\\Foundation\\ProviderRepository->compileManifest(Array)
#2 C:\\Users\\dell\\Documents\\Github\\saudiex\\vendor\\laravel\\framework\\src\\Illuminate\\Foundation\\Application.php(689): Illuminate\\Foundation\\ProviderRepository->load(Array)
#3 C:\\Users\\dell\\Documents\\Github\\saudiex\\vendor\\laravel\\framework\\src\\Illuminate\\Foundation\\Bootstrap\\RegisterProviders.php(17): Illuminate\\Foundation\\Application->registerConfiguredProviders()
#4 C:\\Users\\dell\\Documents\\Github\\saudiex\\vendor\\laravel\\framework\\src\\Illuminate\\Foundation\\Application.php(265): Illuminate\\Foundation\\Bootstrap\\RegisterProviders->bootstrap(Object(Illuminate\\Foundation\\Application))
#5 C:\\Users\\dell\\Documents\\Github\\saudiex\\vendor\\laravel\\framework\\src\\Illuminate\\Foundation\\Console\\Kernel.php(383): Illuminate\\Foundation\\Application->bootstrapWith(Array)
#6 C:\\Users\\dell\\Documents\\Github\\saudiex\\vendor\\laravel\\framework\\src\\Illuminate\\Foundation\\Console\\Kernel.php(153): Illuminate\\Foundation\\Console\\Kernel->bootstrap()
#7 Command line code(1): Illuminate\\Foundation\\Console\\Kernel->handle(Object(Symfony\\Component\\Console\\Input\\ArgvInput), Object(Symfony\\Component\\Console\\Output\\ConsoleOutput))
#8 {main}
"} 
[2025-10-24 10:49:19] local.ERROR: Class "Barryvdh\Debugbar\ServiceProvider" not found {"exception":"[object] (Error(code: 0): Class \"Barryvdh\\Debugbar\\ServiceProvider\" not found at C:\\Users\\dell\\Documents\\Github\\saudiex\\vendor\\laravel\\framework\\src\\Illuminate\\Foundation\\ProviderRepository.php:206)
[stacktrace]
#0 C:\\Users\\dell\\Documents\\Github\\saudiex\\vendor\\laravel\\framework\\src\\Illuminate\\Foundation\\ProviderRepository.php(142): Illuminate\\Foundation\\ProviderRepository->createProvider('Barryvdh\\\\Debugb...')
#1 C:\\Users\\dell\\Documents\\Github\\saudiex\\vendor\\laravel\\framework\\src\\Illuminate\\Foundation\\ProviderRepository.php(61): Illuminate\\Foundation\\ProviderRepository->compileManifest(Array)
#2 C:\\Users\\dell\\Documents\\Github\\saudiex\\vendor\\laravel\\framework\\src\\Illuminate\\Foundation\\Application.php(689): Illuminate\\Foundation\\ProviderRepository->load(Array)
#3 C:\\Users\\dell\\Documents\\Github\\saudiex\\vendor\\laravel\\framework\\src\\Illuminate\\Foundation\\Bootstrap\\RegisterProviders.php(17): Illuminate\\Foundation\\Application->registerConfiguredProviders()
#4 C:\\Users\\dell\\Documents\\Github\\saudiex\\vendor\\laravel\\framework\\src\\Illuminate\\Foundation\\Application.php(265): Illuminate\\Foundation\\Bootstrap\\RegisterProviders->bootstrap(Object(Illuminate\\Foundation\\Application))
#5 C:\\Users\\dell\\Documents\\Github\\saudiex\\vendor\\laravel\\framework\\src\\Illuminate\\Foundation\\Console\\Kernel.php(383): Illuminate\\Foundation\\Application->bootstrapWith(Array)
#6 C:\\Users\\dell\\Documents\\Github\\saudiex\\vendor\\laravel\\framework\\src\\Illuminate\\Foundation\\Console\\Kernel.php(153): Illuminate\\Foundation\\Console\\Kernel->bootstrap()
#7 Command line code(1): Illuminate\\Foundation\\Console\\Kernel->handle(Object(Symfony\\Component\\Console\\Input\\ArgvInput), Object(Symfony\\Component\\Console\\Output\\ConsoleOutput))
#8 {main}
"} 
[2025-10-24 10:49:31] local.ERROR: Class "Barryvdh\Debugbar\ServiceProvider" not found {"exception":"[object] (Error(code: 0): Class \"Barryvdh\\Debugbar\\ServiceProvider\" not found at C:\\Users\\dell\\Documents\\Github\\saudiex\\vendor\\laravel\\framework\\src\\Illuminate\\Foundation\\ProviderRepository.php:206)
[stacktrace]
#0 C:\\Users\\dell\\Documents\\Github\\saudiex\\vendor\\laravel\\framework\\src\\Illuminate\\Foundation\\ProviderRepository.php(142): Illuminate\\Foundation\\ProviderRepository->createProvider('Barryvdh\\\\Debugb...')
#1 C:\\Users\\dell\\Documents\\Github\\saudiex\\vendor\\laravel\\framework\\src\\Illuminate\\Foundation\\ProviderRepository.php(61): Illuminate\\Foundation\\ProviderRepository->compileManifest(Array)
#2 C:\\Users\\dell\\Documents\\Github\\saudiex\\vendor\\laravel\\framework\\src\\Illuminate\\Foundation\\Application.php(689): Illuminate\\Foundation\\ProviderRepository->load(Array)
#3 C:\\Users\\dell\\Documents\\Github\\saudiex\\vendor\\laravel\\framework\\src\\Illuminate\\Foundation\\Bootstrap\\RegisterProviders.php(17): Illuminate\\Foundation\\Application->registerConfiguredProviders()
#4 C:\\Users\\dell\\Documents\\Github\\saudiex\\vendor\\laravel\\framework\\src\\Illuminate\\Foundation\\Application.php(265): Illuminate\\Foundation\\Bootstrap\\RegisterProviders->bootstrap(Object(Illuminate\\Foundation\\Application))
#5 C:\\Users\\dell\\Documents\\Github\\saudiex\\vendor\\laravel\\framework\\src\\Illuminate\\Foundation\\Console\\Kernel.php(383): Illuminate\\Foundation\\Application->bootstrapWith(Array)
#6 C:\\Users\\dell\\Documents\\Github\\saudiex\\vendor\\laravel\\framework\\src\\Illuminate\\Foundation\\Console\\Kernel.php(153): Illuminate\\Foundation\\Console\\Kernel->bootstrap()
#7 C:\\Users\\dell\\Documents\\Github\\saudiex\\artisan(33): Illuminate\\Foundation\\Console\\Kernel->handle(Object(Symfony\\Component\\Console\\Input\\ArgvInput), Object(Symfony\\Component\\Console\\Output\\ConsoleOutput))
#8 {main}
"} 
[2025-10-24 10:49:39] local.ERROR: Class "Barryvdh\Debugbar\ServiceProvider" not found {"exception":"[object] (Error(code: 0): Class \"Barryvdh\\Debugbar\\ServiceProvider\" not found at C:\\Users\\dell\\Documents\\Github\\saudiex\\vendor\\laravel\\framework\\src\\Illuminate\\Foundation\\ProviderRepository.php:206)
[stacktrace]
#0 C:\\Users\\dell\\Documents\\Github\\saudiex\\vendor\\laravel\\framework\\src\\Illuminate\\Foundation\\ProviderRepository.php(142): Illuminate\\Foundation\\ProviderRepository->createProvider('Barryvdh\\\\Debugb...')
#1 C:\\Users\\dell\\Documents\\Github\\saudiex\\vendor\\laravel\\framework\\src\\Illuminate\\Foundation\\ProviderRepository.php(61): Illuminate\\Foundation\\ProviderRepository->compileManifest(Array)
#2 C:\\Users\\dell\\Documents\\Github\\saudiex\\vendor\\laravel\\framework\\src\\Illuminate\\Foundation\\Application.php(689): Illuminate\\Foundation\\ProviderRepository->load(Array)
#3 C:\\Users\\dell\\Documents\\Github\\saudiex\\vendor\\laravel\\framework\\src\\Illuminate\\Foundation\\Bootstrap\\RegisterProviders.php(17): Illuminate\\Foundation\\Application->registerConfiguredProviders()
#4 C:\\Users\\dell\\Documents\\Github\\saudiex\\vendor\\laravel\\framework\\src\\Illuminate\\Foundation\\Application.php(265): Illuminate\\Foundation\\Bootstrap\\RegisterProviders->bootstrap(Object(Illuminate\\Foundation\\Application))
#5 C:\\Users\\dell\\Documents\\Github\\saudiex\\vendor\\laravel\\framework\\src\\Illuminate\\Foundation\\Console\\Kernel.php(383): Illuminate\\Foundation\\Application->bootstrapWith(Array)
#6 C:\\Users\\dell\\Documents\\Github\\saudiex\\vendor\\laravel\\framework\\src\\Illuminate\\Foundation\\Console\\Kernel.php(153): Illuminate\\Foundation\\Console\\Kernel->bootstrap()
#7 Command line code(1): Illuminate\\Foundation\\Console\\Kernel->handle(Object(Symfony\\Component\\Console\\Input\\ArgvInput), Object(Symfony\\Component\\Console\\Output\\ConsoleOutput))
#8 {main}
"} 
[2025-10-24 10:49:44] local.ERROR: Class "Barryvdh\Debugbar\ServiceProvider" not found {"exception":"[object] (Error(code: 0): Class \"Barryvdh\\Debugbar\\ServiceProvider\" not found at C:\\Users\\dell\\Documents\\Github\\saudiex\\vendor\\laravel\\framework\\src\\Illuminate\\Foundation\\ProviderRepository.php:206)
[stacktrace]
#0 C:\\Users\\dell\\Documents\\Github\\saudiex\\vendor\\laravel\\framework\\src\\Illuminate\\Foundation\\ProviderRepository.php(142): Illuminate\\Foundation\\ProviderRepository->createProvider('Barryvdh\\\\Debugb...')
#1 C:\\Users\\dell\\Documents\\Github\\saudiex\\vendor\\laravel\\framework\\src\\Illuminate\\Foundation\\ProviderRepository.php(61): Illuminate\\Foundation\\ProviderRepository->compileManifest(Array)
#2 C:\\Users\\dell\\Documents\\Github\\saudiex\\vendor\\laravel\\framework\\src\\Illuminate\\Foundation\\Application.php(689): Illuminate\\Foundation\\ProviderRepository->load(Array)
#3 C:\\Users\\dell\\Documents\\Github\\saudiex\\vendor\\laravel\\framework\\src\\Illuminate\\Foundation\\Bootstrap\\RegisterProviders.php(17): Illuminate\\Foundation\\Application->registerConfiguredProviders()
#4 C:\\Users\\dell\\Documents\\Github\\saudiex\\vendor\\laravel\\framework\\src\\Illuminate\\Foundation\\Application.php(265): Illuminate\\Foundation\\Bootstrap\\RegisterProviders->bootstrap(Object(Illuminate\\Foundation\\Application))
#5 C:\\Users\\dell\\Documents\\Github\\saudiex\\vendor\\laravel\\framework\\src\\Illuminate\\Foundation\\Console\\Kernel.php(383): Illuminate\\Foundation\\Application->bootstrapWith(Array)
#6 C:\\Users\\dell\\Documents\\Github\\saudiex\\vendor\\laravel\\framework\\src\\Illuminate\\Foundation\\Console\\Kernel.php(153): Illuminate\\Foundation\\Console\\Kernel->bootstrap()
#7 Command line code(1): Illuminate\\Foundation\\Console\\Kernel->handle(Object(Symfony\\Component\\Console\\Input\\ArgvInput), Object(Symfony\\Component\\Console\\Output\\ConsoleOutput))
#8 {main}
"} 
[2025-10-24 10:50:19] local.ERROR: Class "Barryvdh\Debugbar\ServiceProvider" not found {"exception":"[object] (Error(code: 0): Class \"Barryvdh\\Debugbar\\ServiceProvider\" not found at C:\\Users\\dell\\Documents\\Github\\saudiex\\vendor\\laravel\\framework\\src\\Illuminate\\Foundation\\ProviderRepository.php:206)
[stacktrace]
#0 C:\\Users\\dell\\Documents\\Github\\saudiex\\vendor\\laravel\\framework\\src\\Illuminate\\Foundation\\ProviderRepository.php(142): Illuminate\\Foundation\\ProviderRepository->createProvider('Barryvdh\\\\Debugb...')
#1 C:\\Users\\dell\\Documents\\Github\\saudiex\\vendor\\laravel\\framework\\src\\Illuminate\\Foundation\\ProviderRepository.php(61): Illuminate\\Foundation\\ProviderRepository->compileManifest(Array)
#2 C:\\Users\\dell\\Documents\\Github\\saudiex\\vendor\\laravel\\framework\\src\\Illuminate\\Foundation\\Application.php(689): Illuminate\\Foundation\\ProviderRepository->load(Array)
#3 C:\\Users\\dell\\Documents\\Github\\saudiex\\vendor\\laravel\\framework\\src\\Illuminate\\Foundation\\Bootstrap\\RegisterProviders.php(17): Illuminate\\Foundation\\Application->registerConfiguredProviders()
#4 C:\\Users\\dell\\Documents\\Github\\saudiex\\vendor\\laravel\\framework\\src\\Illuminate\\Foundation\\Application.php(265): Illuminate\\Foundation\\Bootstrap\\RegisterProviders->bootstrap(Object(Illuminate\\Foundation\\Application))
#5 C:\\Users\\dell\\Documents\\Github\\saudiex\\vendor\\laravel\\framework\\src\\Illuminate\\Foundation\\Console\\Kernel.php(383): Illuminate\\Foundation\\Application->bootstrapWith(Array)
#6 C:\\Users\\dell\\Documents\\Github\\saudiex\\vendor\\laravel\\framework\\src\\Illuminate\\Foundation\\Console\\Kernel.php(153): Illuminate\\Foundation\\Console\\Kernel->bootstrap()
#7 Command line code(1): Illuminate\\Foundation\\Console\\Kernel->handle(Object(Symfony\\Component\\Console\\Input\\ArgvInput), Object(Symfony\\Component\\Console\\Output\\ConsoleOutput))
#8 {main}
"} 
[2025-10-24 10:50:19] local.ERROR: Class "Barryvdh\Debugbar\ServiceProvider" not found {"exception":"[object] (Error(code: 0): Class \"Barryvdh\\Debugbar\\ServiceProvider\" not found at C:\\Users\\dell\\Documents\\Github\\saudiex\\vendor\\laravel\\framework\\src\\Illuminate\\Foundation\\ProviderRepository.php:206)
[stacktrace]
#0 C:\\Users\\dell\\Documents\\Github\\saudiex\\vendor\\laravel\\framework\\src\\Illuminate\\Foundation\\ProviderRepository.php(142): Illuminate\\Foundation\\ProviderRepository->createProvider('Barryvdh\\\\Debugb...')
#1 C:\\Users\\dell\\Documents\\Github\\saudiex\\vendor\\laravel\\framework\\src\\Illuminate\\Foundation\\ProviderRepository.php(61): Illuminate\\Foundation\\ProviderRepository->compileManifest(Array)
#2 C:\\Users\\dell\\Documents\\Github\\saudiex\\vendor\\laravel\\framework\\src\\Illuminate\\Foundation\\Application.php(689): Illuminate\\Foundation\\ProviderRepository->load(Array)
#3 C:\\Users\\dell\\Documents\\Github\\saudiex\\vendor\\laravel\\framework\\src\\Illuminate\\Foundation\\Bootstrap\\RegisterProviders.php(17): Illuminate\\Foundation\\Application->registerConfiguredProviders()
#4 C:\\Users\\dell\\Documents\\Github\\saudiex\\vendor\\laravel\\framework\\src\\Illuminate\\Foundation\\Application.php(265): Illuminate\\Foundation\\Bootstrap\\RegisterProviders->bootstrap(Object(Illuminate\\Foundation\\Application))
#5 C:\\Users\\dell\\Documents\\Github\\saudiex\\vendor\\laravel\\framework\\src\\Illuminate\\Foundation\\Console\\Kernel.php(383): Illuminate\\Foundation\\Application->bootstrapWith(Array)
#6 C:\\Users\\dell\\Documents\\Github\\saudiex\\vendor\\laravel\\framework\\src\\Illuminate\\Foundation\\Console\\Kernel.php(153): Illuminate\\Foundation\\Console\\Kernel->bootstrap()
#7 Command line code(1): Illuminate\\Foundation\\Console\\Kernel->handle(Object(Symfony\\Component\\Console\\Input\\ArgvInput), Object(Symfony\\Component\\Console\\Output\\ConsoleOutput))
#8 {main}
"} 
[2025-10-24 10:51:19] local.ERROR: Class "Barryvdh\Debugbar\ServiceProvider" not found {"exception":"[object] (Error(code: 0): Class \"Barryvdh\\Debugbar\\ServiceProvider\" not found at C:\\Users\\dell\\Documents\\Github\\saudiex\\vendor\\laravel\\framework\\src\\Illuminate\\Foundation\\ProviderRepository.php:206)
[stacktrace]
#0 C:\\Users\\dell\\Documents\\Github\\saudiex\\vendor\\laravel\\framework\\src\\Illuminate\\Foundation\\ProviderRepository.php(142): Illuminate\\Foundation\\ProviderRepository->createProvider('Barryvdh\\\\Debugb...')
#1 C:\\Users\\dell\\Documents\\Github\\saudiex\\vendor\\laravel\\framework\\src\\Illuminate\\Foundation\\ProviderRepository.php(61): Illuminate\\Foundation\\ProviderRepository->compileManifest(Array)
#2 C:\\Users\\dell\\Documents\\Github\\saudiex\\vendor\\laravel\\framework\\src\\Illuminate\\Foundation\\Application.php(689): Illuminate\\Foundation\\ProviderRepository->load(Array)
#3 C:\\Users\\dell\\Documents\\Github\\saudiex\\vendor\\laravel\\framework\\src\\Illuminate\\Foundation\\Bootstrap\\RegisterProviders.php(17): Illuminate\\Foundation\\Application->registerConfiguredProviders()
#4 C:\\Users\\dell\\Documents\\Github\\saudiex\\vendor\\laravel\\framework\\src\\Illuminate\\Foundation\\Application.php(265): Illuminate\\Foundation\\Bootstrap\\RegisterProviders->bootstrap(Object(Illuminate\\Foundation\\Application))
#5 C:\\Users\\dell\\Documents\\Github\\saudiex\\vendor\\laravel\\framework\\src\\Illuminate\\Foundation\\Console\\Kernel.php(383): Illuminate\\Foundation\\Application->bootstrapWith(Array)
#6 C:\\Users\\dell\\Documents\\Github\\saudiex\\vendor\\laravel\\framework\\src\\Illuminate\\Foundation\\Console\\Kernel.php(153): Illuminate\\Foundation\\Console\\Kernel->bootstrap()
#7 Command line code(1): Illuminate\\Foundation\\Console\\Kernel->handle(Object(Symfony\\Component\\Console\\Input\\ArgvInput), Object(Symfony\\Component\\Console\\Output\\ConsoleOutput))
#8 {main}
"} 
[2025-10-24 10:51:20] local.ERROR: Class "Barryvdh\Debugbar\ServiceProvider" not found {"exception":"[object] (Error(code: 0): Class \"Barryvdh\\Debugbar\\ServiceProvider\" not found at C:\\Users\\dell\\Documents\\Github\\saudiex\\vendor\\laravel\\framework\\src\\Illuminate\\Foundation\\ProviderRepository.php:206)
[stacktrace]
#0 C:\\Users\\dell\\Documents\\Github\\saudiex\\vendor\\laravel\\framework\\src\\Illuminate\\Foundation\\ProviderRepository.php(142): Illuminate\\Foundation\\ProviderRepository->createProvider('Barryvdh\\\\Debugb...')
#1 C:\\Users\\dell\\Documents\\Github\\saudiex\\vendor\\laravel\\framework\\src\\Illuminate\\Foundation\\ProviderRepository.php(61): Illuminate\\Foundation\\ProviderRepository->compileManifest(Array)
#2 C:\\Users\\dell\\Documents\\Github\\saudiex\\vendor\\laravel\\framework\\src\\Illuminate\\Foundation\\Application.php(689): Illuminate\\Foundation\\ProviderRepository->load(Array)
#3 C:\\Users\\dell\\Documents\\Github\\saudiex\\vendor\\laravel\\framework\\src\\Illuminate\\Foundation\\Bootstrap\\RegisterProviders.php(17): Illuminate\\Foundation\\Application->registerConfiguredProviders()
#4 C:\\Users\\dell\\Documents\\Github\\saudiex\\vendor\\laravel\\framework\\src\\Illuminate\\Foundation\\Application.php(265): Illuminate\\Foundation\\Bootstrap\\RegisterProviders->bootstrap(Object(Illuminate\\Foundation\\Application))
#5 C:\\Users\\dell\\Documents\\Github\\saudiex\\vendor\\laravel\\framework\\src\\Illuminate\\Foundation\\Console\\Kernel.php(383): Illuminate\\Foundation\\Application->bootstrapWith(Array)
#6 C:\\Users\\dell\\Documents\\Github\\saudiex\\vendor\\laravel\\framework\\src\\Illuminate\\Foundation\\Console\\Kernel.php(153): Illuminate\\Foundation\\Console\\Kernel->bootstrap()
#7 Command line code(1): Illuminate\\Foundation\\Console\\Kernel->handle(Object(Symfony\\Component\\Console\\Input\\ArgvInput), Object(Symfony\\Component\\Console\\Output\\ConsoleOutput))
#8 {main}
"} 
[2025-10-24 10:52:50] local.ERROR: Class "Barryvdh\Debugbar\ServiceProvider" not found {"exception":"[object] (Error(code: 0): Class \"Barryvdh\\Debugbar\\ServiceProvider\" not found at C:\\Users\\dell\\Documents\\Github\\saudiex\\vendor\\laravel\\framework\\src\\Illuminate\\Foundation\\ProviderRepository.php:206)
[stacktrace]
#0 C:\\Users\\dell\\Documents\\Github\\saudiex\\vendor\\laravel\\framework\\src\\Illuminate\\Foundation\\ProviderRepository.php(142): Illuminate\\Foundation\\ProviderRepository->createProvider('Barryvdh\\\\Debugb...')
#1 C:\\Users\\dell\\Documents\\Github\\saudiex\\vendor\\laravel\\framework\\src\\Illuminate\\Foundation\\ProviderRepository.php(61): Illuminate\\Foundation\\ProviderRepository->compileManifest(Array)
#2 C:\\Users\\dell\\Documents\\Github\\saudiex\\vendor\\laravel\\framework\\src\\Illuminate\\Foundation\\Application.php(689): Illuminate\\Foundation\\ProviderRepository->load(Array)
#3 C:\\Users\\dell\\Documents\\Github\\saudiex\\vendor\\laravel\\framework\\src\\Illuminate\\Foundation\\Bootstrap\\RegisterProviders.php(17): Illuminate\\Foundation\\Application->registerConfiguredProviders()
#4 C:\\Users\\dell\\Documents\\Github\\saudiex\\vendor\\laravel\\framework\\src\\Illuminate\\Foundation\\Application.php(265): Illuminate\\Foundation\\Bootstrap\\RegisterProviders->bootstrap(Object(Illuminate\\Foundation\\Application))
#5 C:\\Users\\dell\\Documents\\Github\\saudiex\\vendor\\laravel\\framework\\src\\Illuminate\\Foundation\\Console\\Kernel.php(383): Illuminate\\Foundation\\Application->bootstrapWith(Array)
#6 C:\\Users\\dell\\Documents\\Github\\saudiex\\vendor\\laravel\\framework\\src\\Illuminate\\Foundation\\Console\\Kernel.php(153): Illuminate\\Foundation\\Console\\Kernel->bootstrap()
#7 Command line code(1): Illuminate\\Foundation\\Console\\Kernel->handle(Object(Symfony\\Component\\Console\\Input\\ArgvInput), Object(Symfony\\Component\\Console\\Output\\ConsoleOutput))
#8 {main}
"} 
[2025-10-24 10:52:50] local.ERROR: Class "Barryvdh\Debugbar\ServiceProvider" not found {"exception":"[object] (Error(code: 0): Class \"Barryvdh\\Debugbar\\ServiceProvider\" not found at C:\\Users\\dell\\Documents\\Github\\saudiex\\vendor\\laravel\\framework\\src\\Illuminate\\Foundation\\ProviderRepository.php:206)
[stacktrace]
#0 C:\\Users\\dell\\Documents\\Github\\saudiex\\vendor\\laravel\\framework\\src\\Illuminate\\Foundation\\ProviderRepository.php(142): Illuminate\\Foundation\\ProviderRepository->createProvider('Barryvdh\\\\Debugb...')
#1 C:\\Users\\dell\\Documents\\Github\\saudiex\\vendor\\laravel\\framework\\src\\Illuminate\\Foundation\\ProviderRepository.php(61): Illuminate\\Foundation\\ProviderRepository->compileManifest(Array)
#2 C:\\Users\\dell\\Documents\\Github\\saudiex\\vendor\\laravel\\framework\\src\\Illuminate\\Foundation\\Application.php(689): Illuminate\\Foundation\\ProviderRepository->load(Array)
#3 C:\\Users\\dell\\Documents\\Github\\saudiex\\vendor\\laravel\\framework\\src\\Illuminate\\Foundation\\Bootstrap\\RegisterProviders.php(17): Illuminate\\Foundation\\Application->registerConfiguredProviders()
#4 C:\\Users\\dell\\Documents\\Github\\saudiex\\vendor\\laravel\\framework\\src\\Illuminate\\Foundation\\Application.php(265): Illuminate\\Foundation\\Bootstrap\\RegisterProviders->bootstrap(Object(Illuminate\\Foundation\\Application))
#5 C:\\Users\\dell\\Documents\\Github\\saudiex\\vendor\\laravel\\framework\\src\\Illuminate\\Foundation\\Console\\Kernel.php(383): Illuminate\\Foundation\\Application->bootstrapWith(Array)
#6 C:\\Users\\dell\\Documents\\Github\\saudiex\\vendor\\laravel\\framework\\src\\Illuminate\\Foundation\\Console\\Kernel.php(153): Illuminate\\Foundation\\Console\\Kernel->bootstrap()
#7 Command line code(1): Illuminate\\Foundation\\Console\\Kernel->handle(Object(Symfony\\Component\\Console\\Input\\ArgvInput), Object(Symfony\\Component\\Console\\Output\\ConsoleOutput))
#8 {main}
"} 
[2025-10-24 10:53:43] local.ERROR: Class "Barryvdh\Debugbar\ServiceProvider" not found {"exception":"[object] (Error(code: 0): Class \"Barryvdh\\Debugbar\\ServiceProvider\" not found at C:\\Users\\dell\\Documents\\Github\\saudiex\\vendor\\laravel\\framework\\src\\Illuminate\\Foundation\\ProviderRepository.php:206)
[stacktrace]
#0 C:\\Users\\dell\\Documents\\Github\\saudiex\\vendor\\laravel\\framework\\src\\Illuminate\\Foundation\\ProviderRepository.php(142): Illuminate\\Foundation\\ProviderRepository->createProvider('Barryvdh\\\\Debugb...')
#1 C:\\Users\\dell\\Documents\\Github\\saudiex\\vendor\\laravel\\framework\\src\\Illuminate\\Foundation\\ProviderRepository.php(61): Illuminate\\Foundation\\ProviderRepository->compileManifest(Array)
#2 C:\\Users\\dell\\Documents\\Github\\saudiex\\vendor\\laravel\\framework\\src\\Illuminate\\Foundation\\Application.php(689): Illuminate\\Foundation\\ProviderRepository->load(Array)
#3 C:\\Users\\dell\\Documents\\Github\\saudiex\\vendor\\laravel\\framework\\src\\Illuminate\\Foundation\\Bootstrap\\RegisterProviders.php(17): Illuminate\\Foundation\\Application->registerConfiguredProviders()
#4 C:\\Users\\dell\\Documents\\Github\\saudiex\\vendor\\laravel\\framework\\src\\Illuminate\\Foundation\\Application.php(265): Illuminate\\Foundation\\Bootstrap\\RegisterProviders->bootstrap(Object(Illuminate\\Foundation\\Application))
#5 C:\\Users\\dell\\Documents\\Github\\saudiex\\vendor\\laravel\\framework\\src\\Illuminate\\Foundation\\Console\\Kernel.php(383): Illuminate\\Foundation\\Application->bootstrapWith(Array)
#6 C:\\Users\\dell\\Documents\\Github\\saudiex\\vendor\\laravel\\framework\\src\\Illuminate\\Foundation\\Console\\Kernel.php(153): Illuminate\\Foundation\\Console\\Kernel->bootstrap()
#7 Command line code(1): Illuminate\\Foundation\\Console\\Kernel->handle(Object(Symfony\\Component\\Console\\Input\\ArgvInput), Object(Symfony\\Component\\Console\\Output\\ConsoleOutput))
#8 {main}
"} 
[2025-10-24 10:53:48] local.ERROR: Class "Barryvdh\Debugbar\ServiceProvider" not found {"exception":"[object] (Error(code: 0): Class \"Barryvdh\\Debugbar\\ServiceProvider\" not found at C:\\Users\\dell\\Documents\\Github\\saudiex\\vendor\\laravel\\framework\\src\\Illuminate\\Foundation\\ProviderRepository.php:206)
[stacktrace]
#0 C:\\Users\\dell\\Documents\\Github\\saudiex\\vendor\\laravel\\framework\\src\\Illuminate\\Foundation\\ProviderRepository.php(142): Illuminate\\Foundation\\ProviderRepository->createProvider('Barryvdh\\\\Debugb...')
#1 C:\\Users\\dell\\Documents\\Github\\saudiex\\vendor\\laravel\\framework\\src\\Illuminate\\Foundation\\ProviderRepository.php(61): Illuminate\\Foundation\\ProviderRepository->compileManifest(Array)
#2 C:\\Users\\dell\\Documents\\Github\\saudiex\\vendor\\laravel\\framework\\src\\Illuminate\\Foundation\\Application.php(689): Illuminate\\Foundation\\ProviderRepository->load(Array)
#3 C:\\Users\\dell\\Documents\\Github\\saudiex\\vendor\\laravel\\framework\\src\\Illuminate\\Foundation\\Bootstrap\\RegisterProviders.php(17): Illuminate\\Foundation\\Application->registerConfiguredProviders()
#4 C:\\Users\\dell\\Documents\\Github\\saudiex\\vendor\\laravel\\framework\\src\\Illuminate\\Foundation\\Application.php(265): Illuminate\\Foundation\\Bootstrap\\RegisterProviders->bootstrap(Object(Illuminate\\Foundation\\Application))
#5 C:\\Users\\dell\\Documents\\Github\\saudiex\\vendor\\laravel\\framework\\src\\Illuminate\\Foundation\\Console\\Kernel.php(383): Illuminate\\Foundation\\Application->bootstrapWith(Array)
#6 C:\\Users\\dell\\Documents\\Github\\saudiex\\vendor\\laravel\\framework\\src\\Illuminate\\Foundation\\Console\\Kernel.php(153): Illuminate\\Foundation\\Console\\Kernel->bootstrap()
#7 Command line code(1): Illuminate\\Foundation\\Console\\Kernel->handle(Object(Symfony\\Component\\Console\\Input\\ArgvInput), Object(Symfony\\Component\\Console\\Output\\ConsoleOutput))
#8 {main}
"} 
[2025-10-24 10:53:48] local.ERROR: Class "Barryvdh\Debugbar\ServiceProvider" not found {"exception":"[object] (Error(code: 0): Class \"Barryvdh\\Debugbar\\ServiceProvider\" not found at C:\\Users\\dell\\Documents\\Github\\saudiex\\vendor\\laravel\\framework\\src\\Illuminate\\Foundation\\ProviderRepository.php:206)
[stacktrace]
#0 C:\\Users\\dell\\Documents\\Github\\saudiex\\vendor\\laravel\\framework\\src\\Illuminate\\Foundation\\ProviderRepository.php(142): Illuminate\\Foundation\\ProviderRepository->createProvider('Barryvdh\\\\Debugb...')
#1 C:\\Users\\dell\\Documents\\Github\\saudiex\\vendor\\laravel\\framework\\src\\Illuminate\\Foundation\\ProviderRepository.php(61): Illuminate\\Foundation\\ProviderRepository->compileManifest(Array)
#2 C:\\Users\\dell\\Documents\\Github\\saudiex\\vendor\\laravel\\framework\\src\\Illuminate\\Foundation\\Application.php(689): Illuminate\\Foundation\\ProviderRepository->load(Array)
#3 C:\\Users\\dell\\Documents\\Github\\saudiex\\vendor\\laravel\\framework\\src\\Illuminate\\Foundation\\Bootstrap\\RegisterProviders.php(17): Illuminate\\Foundation\\Application->registerConfiguredProviders()
#4 C:\\Users\\dell\\Documents\\Github\\saudiex\\vendor\\laravel\\framework\\src\\Illuminate\\Foundation\\Application.php(265): Illuminate\\Foundation\\Bootstrap\\RegisterProviders->bootstrap(Object(Illuminate\\Foundation\\Application))
#5 C:\\Users\\dell\\Documents\\Github\\saudiex\\vendor\\laravel\\framework\\src\\Illuminate\\Foundation\\Console\\Kernel.php(383): Illuminate\\Foundation\\Application->bootstrapWith(Array)
#6 C:\\Users\\dell\\Documents\\Github\\saudiex\\vendor\\laravel\\framework\\src\\Illuminate\\Foundation\\Console\\Kernel.php(153): Illuminate\\Foundation\\Console\\Kernel->bootstrap()
#7 Command line code(1): Illuminate\\Foundation\\Console\\Kernel->handle(Object(Symfony\\Component\\Console\\Input\\ArgvInput), Object(Symfony\\Component\\Console\\Output\\ConsoleOutput))
#8 {main}
"} 
[2025-10-24 10:54:35] local.ERROR: Class "Barryvdh\Debugbar\ServiceProvider" not found {"exception":"[object] (Error(code: 0): Class \"Barryvdh\\Debugbar\\ServiceProvider\" not found at C:\\Users\\dell\\Documents\\Github\\saudiex\\vendor\\laravel\\framework\\src\\Illuminate\\Foundation\\ProviderRepository.php:206)
[stacktrace]
#0 C:\\Users\\dell\\Documents\\Github\\saudiex\\vendor\\laravel\\framework\\src\\Illuminate\\Foundation\\ProviderRepository.php(142): Illuminate\\Foundation\\ProviderRepository->createProvider('Barryvdh\\\\Debugb...')
#1 C:\\Users\\dell\\Documents\\Github\\saudiex\\vendor\\laravel\\framework\\src\\Illuminate\\Foundation\\ProviderRepository.php(61): Illuminate\\Foundation\\ProviderRepository->compileManifest(Array)
#2 C:\\Users\\dell\\Documents\\Github\\saudiex\\vendor\\laravel\\framework\\src\\Illuminate\\Foundation\\Application.php(689): Illuminate\\Foundation\\ProviderRepository->load(Array)
#3 C:\\Users\\dell\\Documents\\Github\\saudiex\\vendor\\laravel\\framework\\src\\Illuminate\\Foundation\\Bootstrap\\RegisterProviders.php(17): Illuminate\\Foundation\\Application->registerConfiguredProviders()
#4 C:\\Users\\dell\\Documents\\Github\\saudiex\\vendor\\laravel\\framework\\src\\Illuminate\\Foundation\\Application.php(265): Illuminate\\Foundation\\Bootstrap\\RegisterProviders->bootstrap(Object(Illuminate\\Foundation\\Application))
#5 C:\\Users\\dell\\Documents\\Github\\saudiex\\vendor\\laravel\\framework\\src\\Illuminate\\Foundation\\Console\\Kernel.php(383): Illuminate\\Foundation\\Application->bootstrapWith(Array)
#6 C:\\Users\\dell\\Documents\\Github\\saudiex\\vendor\\laravel\\framework\\src\\Illuminate\\Foundation\\Console\\Kernel.php(153): Illuminate\\Foundation\\Console\\Kernel->bootstrap()
#7 Command line code(1): Illuminate\\Foundation\\Console\\Kernel->handle(Object(Symfony\\Component\\Console\\Input\\ArgvInput), Object(Symfony\\Component\\Console\\Output\\ConsoleOutput))
#8 {main}
"} 
[2025-10-24 10:54:50] local.ERROR: Class "Barryvdh\Debugbar\ServiceProvider" not found {"exception":"[object] (Error(code: 0): Class \"Barryvdh\\Debugbar\\ServiceProvider\" not found at C:\\Users\\dell\\Documents\\Github\\saudiex\\vendor\\laravel\\framework\\src\\Illuminate\\Foundation\\ProviderRepository.php:206)
[stacktrace]
#0 C:\\Users\\dell\\Documents\\Github\\saudiex\\vendor\\laravel\\framework\\src\\Illuminate\\Foundation\\ProviderRepository.php(142): Illuminate\\Foundation\\ProviderRepository->createProvider('Barryvdh\\\\Debugb...')
#1 C:\\Users\\dell\\Documents\\Github\\saudiex\\vendor\\laravel\\framework\\src\\Illuminate\\Foundation\\ProviderRepository.php(61): Illuminate\\Foundation\\ProviderRepository->compileManifest(Array)
#2 C:\\Users\\dell\\Documents\\Github\\saudiex\\vendor\\laravel\\framework\\src\\Illuminate\\Foundation\\Application.php(689): Illuminate\\Foundation\\ProviderRepository->load(Array)
#3 C:\\Users\\dell\\Documents\\Github\\saudiex\\vendor\\laravel\\framework\\src\\Illuminate\\Foundation\\Bootstrap\\RegisterProviders.php(17): Illuminate\\Foundation\\Application->registerConfiguredProviders()
#4 C:\\Users\\dell\\Documents\\Github\\saudiex\\vendor\\laravel\\framework\\src\\Illuminate\\Foundation\\Application.php(265): Illuminate\\Foundation\\Bootstrap\\RegisterProviders->bootstrap(Object(Illuminate\\Foundation\\Application))
#5 C:\\Users\\dell\\Documents\\Github\\saudiex\\vendor\\laravel\\framework\\src\\Illuminate\\Foundation\\Console\\Kernel.php(383): Illuminate\\Foundation\\Application->bootstrapWith(Array)
#6 C:\\Users\\dell\\Documents\\Github\\saudiex\\vendor\\laravel\\framework\\src\\Illuminate\\Foundation\\Console\\Kernel.php(153): Illuminate\\Foundation\\Console\\Kernel->bootstrap()
#7 Command line code(1): Illuminate\\Foundation\\Console\\Kernel->handle(Object(Symfony\\Component\\Console\\Input\\ArgvInput), Object(Symfony\\Component\\Console\\Output\\ConsoleOutput))
#8 {main}
"} 
[2025-10-24 10:54:50] local.ERROR: Class "Barryvdh\Debugbar\ServiceProvider" not found {"exception":"[object] (Error(code: 0): Class \"Barryvdh\\Debugbar\\ServiceProvider\" not found at C:\\Users\\dell\\Documents\\Github\\saudiex\\vendor\\laravel\\framework\\src\\Illuminate\\Foundation\\ProviderRepository.php:206)
[stacktrace]
#0 C:\\Users\\dell\\Documents\\Github\\saudiex\\vendor\\laravel\\framework\\src\\Illuminate\\Foundation\\ProviderRepository.php(142): Illuminate\\Foundation\\ProviderRepository->createProvider('Barryvdh\\\\Debugb...')
#1 C:\\Users\\dell\\Documents\\Github\\saudiex\\vendor\\laravel\\framework\\src\\Illuminate\\Foundation\\ProviderRepository.php(61): Illuminate\\Foundation\\ProviderRepository->compileManifest(Array)
#2 C:\\Users\\dell\\Documents\\Github\\saudiex\\vendor\\laravel\\framework\\src\\Illuminate\\Foundation\\Application.php(689): Illuminate\\Foundation\\ProviderRepository->load(Array)
#3 C:\\Users\\dell\\Documents\\Github\\saudiex\\vendor\\laravel\\framework\\src\\Illuminate\\Foundation\\Bootstrap\\RegisterProviders.php(17): Illuminate\\Foundation\\Application->registerConfiguredProviders()
#4 C:\\Users\\dell\\Documents\\Github\\saudiex\\vendor\\laravel\\framework\\src\\Illuminate\\Foundation\\Application.php(265): Illuminate\\Foundation\\Bootstrap\\RegisterProviders->bootstrap(Object(Illuminate\\Foundation\\Application))
#5 C:\\Users\\dell\\Documents\\Github\\saudiex\\vendor\\laravel\\framework\\src\\Illuminate\\Foundation\\Console\\Kernel.php(383): Illuminate\\Foundation\\Application->bootstrapWith(Array)
#6 C:\\Users\\dell\\Documents\\Github\\saudiex\\vendor\\laravel\\framework\\src\\Illuminate\\Foundation\\Console\\Kernel.php(153): Illuminate\\Foundation\\Console\\Kernel->bootstrap()
#7 Command line code(1): Illuminate\\Foundation\\Console\\Kernel->handle(Object(Symfony\\Component\\Console\\Input\\ArgvInput), Object(Symfony\\Component\\Console\\Output\\ConsoleOutput))
#8 {main}
"} 
[2025-10-24 10:55:49] local.ERROR: Class "Barryvdh\Debugbar\ServiceProvider" not found {"exception":"[object] (Error(code: 0): Class \"Barryvdh\\Debugbar\\ServiceProvider\" not found at C:\\Users\\dell\\Documents\\Github\\saudiex\\vendor\\laravel\\framework\\src\\Illuminate\\Foundation\\ProviderRepository.php:206)
[stacktrace]
#0 C:\\Users\\dell\\Documents\\Github\\saudiex\\vendor\\laravel\\framework\\src\\Illuminate\\Foundation\\ProviderRepository.php(142): Illuminate\\Foundation\\ProviderRepository->createProvider('Barryvdh\\\\Debugb...')
#1 C:\\Users\\dell\\Documents\\Github\\saudiex\\vendor\\laravel\\framework\\src\\Illuminate\\Foundation\\ProviderRepository.php(61): Illuminate\\Foundation\\ProviderRepository->compileManifest(Array)
#2 C:\\Users\\dell\\Documents\\Github\\saudiex\\vendor\\laravel\\framework\\src\\Illuminate\\Foundation\\Application.php(689): Illuminate\\Foundation\\ProviderRepository->load(Array)
#3 C:\\Users\\dell\\Documents\\Github\\saudiex\\vendor\\laravel\\framework\\src\\Illuminate\\Foundation\\Bootstrap\\RegisterProviders.php(17): Illuminate\\Foundation\\Application->registerConfiguredProviders()
#4 C:\\Users\\dell\\Documents\\Github\\saudiex\\vendor\\laravel\\framework\\src\\Illuminate\\Foundation\\Application.php(265): Illuminate\\Foundation\\Bootstrap\\RegisterProviders->bootstrap(Object(Illuminate\\Foundation\\Application))
#5 C:\\Users\\dell\\Documents\\Github\\saudiex\\vendor\\laravel\\framework\\src\\Illuminate\\Foundation\\Console\\Kernel.php(383): Illuminate\\Foundation\\Application->bootstrapWith(Array)
#6 C:\\Users\\dell\\Documents\\Github\\saudiex\\vendor\\laravel\\framework\\src\\Illuminate\\Foundation\\Console\\Kernel.php(153): Illuminate\\Foundation\\Console\\Kernel->bootstrap()
#7 Command line code(1): Illuminate\\Foundation\\Console\\Kernel->handle(Object(Symfony\\Component\\Console\\Input\\ArgvInput), Object(Symfony\\Component\\Console\\Output\\ConsoleOutput))
#8 {main}
"} 
[2025-10-24 10:55:50] local.ERROR: Class "Barryvdh\Debugbar\ServiceProvider" not found {"exception":"[object] (Error(code: 0): Class \"Barryvdh\\Debugbar\\ServiceProvider\" not found at C:\\Users\\dell\\Documents\\Github\\saudiex\\vendor\\laravel\\framework\\src\\Illuminate\\Foundation\\ProviderRepository.php:206)
[stacktrace]
#0 C:\\Users\\dell\\Documents\\Github\\saudiex\\vendor\\laravel\\framework\\src\\Illuminate\\Foundation\\ProviderRepository.php(142): Illuminate\\Foundation\\ProviderRepository->createProvider('Barryvdh\\\\Debugb...')
#1 C:\\Users\\dell\\Documents\\Github\\saudiex\\vendor\\laravel\\framework\\src\\Illuminate\\Foundation\\ProviderRepository.php(61): Illuminate\\Foundation\\ProviderRepository->compileManifest(Array)
#2 C:\\Users\\dell\\Documents\\Github\\saudiex\\vendor\\laravel\\framework\\src\\Illuminate\\Foundation\\Application.php(689): Illuminate\\Foundation\\ProviderRepository->load(Array)
#3 C:\\Users\\dell\\Documents\\Github\\saudiex\\vendor\\laravel\\framework\\src\\Illuminate\\Foundation\\Bootstrap\\RegisterProviders.php(17): Illuminate\\Foundation\\Application->registerConfiguredProviders()
#4 C:\\Users\\dell\\Documents\\Github\\saudiex\\vendor\\laravel\\framework\\src\\Illuminate\\Foundation\\Application.php(265): Illuminate\\Foundation\\Bootstrap\\RegisterProviders->bootstrap(Object(Illuminate\\Foundation\\Application))
#5 C:\\Users\\dell\\Documents\\Github\\saudiex\\vendor\\laravel\\framework\\src\\Illuminate\\Foundation\\Console\\Kernel.php(383): Illuminate\\Foundation\\Application->bootstrapWith(Array)
#6 C:\\Users\\dell\\Documents\\Github\\saudiex\\vendor\\laravel\\framework\\src\\Illuminate\\Foundation\\Console\\Kernel.php(153): Illuminate\\Foundation\\Console\\Kernel->bootstrap()
#7 Command line code(1): Illuminate\\Foundation\\Console\\Kernel->handle(Object(Symfony\\Component\\Console\\Input\\ArgvInput), Object(Symfony\\Component\\Console\\Output\\ConsoleOutput))
#8 {main}
"} 
[2025-10-24 10:56:49] local.ERROR: Class "Barryvdh\Debugbar\ServiceProvider" not found {"exception":"[object] (Error(code: 0): Class \"Barryvdh\\Debugbar\\ServiceProvider\" not found at C:\\Users\\dell\\Documents\\Github\\saudiex\\vendor\\laravel\\framework\\src\\Illuminate\\Foundation\\ProviderRepository.php:206)
[stacktrace]
#0 C:\\Users\\dell\\Documents\\Github\\saudiex\\vendor\\laravel\\framework\\src\\Illuminate\\Foundation\\ProviderRepository.php(142): Illuminate\\Foundation\\ProviderRepository->createProvider('Barryvdh\\\\Debugb...')
#1 C:\\Users\\dell\\Documents\\Github\\saudiex\\vendor\\laravel\\framework\\src\\Illuminate\\Foundation\\ProviderRepository.php(61): Illuminate\\Foundation\\ProviderRepository->compileManifest(Array)
#2 C:\\Users\\dell\\Documents\\Github\\saudiex\\vendor\\laravel\\framework\\src\\Illuminate\\Foundation\\Application.php(689): Illuminate\\Foundation\\ProviderRepository->load(Array)
#3 C:\\Users\\dell\\Documents\\Github\\saudiex\\vendor\\laravel\\framework\\src\\Illuminate\\Foundation\\Bootstrap\\RegisterProviders.php(17): Illuminate\\Foundation\\Application->registerConfiguredProviders()
#4 C:\\Users\\dell\\Documents\\Github\\saudiex\\vendor\\laravel\\framework\\src\\Illuminate\\Foundation\\Application.php(265): Illuminate\\Foundation\\Bootstrap\\RegisterProviders->bootstrap(Object(Illuminate\\Foundation\\Application))
#5 C:\\Users\\dell\\Documents\\Github\\saudiex\\vendor\\laravel\\framework\\src\\Illuminate\\Foundation\\Console\\Kernel.php(383): Illuminate\\Foundation\\Application->bootstrapWith(Array)
#6 C:\\Users\\dell\\Documents\\Github\\saudiex\\vendor\\laravel\\framework\\src\\Illuminate\\Foundation\\Console\\Kernel.php(153): Illuminate\\Foundation\\Console\\Kernel->bootstrap()
#7 Command line code(1): Illuminate\\Foundation\\Console\\Kernel->handle(Object(Symfony\\Component\\Console\\Input\\ArgvInput), Object(Symfony\\Component\\Console\\Output\\ConsoleOutput))
#8 {main}
"} 
[2025-10-24 10:56:49] local.ERROR: Class "Barryvdh\Debugbar\ServiceProvider" not found {"exception":"[object] (Error(code: 0): Class \"Barryvdh\\Debugbar\\ServiceProvider\" not found at C:\\Users\\dell\\Documents\\Github\\saudiex\\vendor\\laravel\\framework\\src\\Illuminate\\Foundation\\ProviderRepository.php:206)
[stacktrace]
#0 C:\\Users\\dell\\Documents\\Github\\saudiex\\vendor\\laravel\\framework\\src\\Illuminate\\Foundation\\ProviderRepository.php(142): Illuminate\\Foundation\\ProviderRepository->createProvider('Barryvdh\\\\Debugb...')
#1 C:\\Users\\dell\\Documents\\Github\\saudiex\\vendor\\laravel\\framework\\src\\Illuminate\\Foundation\\ProviderRepository.php(61): Illuminate\\Foundation\\ProviderRepository->compileManifest(Array)
#2 C:\\Users\\dell\\Documents\\Github\\saudiex\\vendor\\laravel\\framework\\src\\Illuminate\\Foundation\\Application.php(689): Illuminate\\Foundation\\ProviderRepository->load(Array)
#3 C:\\Users\\dell\\Documents\\Github\\saudiex\\vendor\\laravel\\framework\\src\\Illuminate\\Foundation\\Bootstrap\\RegisterProviders.php(17): Illuminate\\Foundation\\Application->registerConfiguredProviders()
#4 C:\\Users\\dell\\Documents\\Github\\saudiex\\vendor\\laravel\\framework\\src\\Illuminate\\Foundation\\Application.php(265): Illuminate\\Foundation\\Bootstrap\\RegisterProviders->bootstrap(Object(Illuminate\\Foundation\\Application))
#5 C:\\Users\\dell\\Documents\\Github\\saudiex\\vendor\\laravel\\framework\\src\\Illuminate\\Foundation\\Console\\Kernel.php(383): Illuminate\\Foundation\\Application->bootstrapWith(Array)
#6 C:\\Users\\dell\\Documents\\Github\\saudiex\\vendor\\laravel\\framework\\src\\Illuminate\\Foundation\\Console\\Kernel.php(153): Illuminate\\Foundation\\Console\\Kernel->bootstrap()
#7 Command line code(1): Illuminate\\Foundation\\Console\\Kernel->handle(Object(Symfony\\Component\\Console\\Input\\ArgvInput), Object(Symfony\\Component\\Console\\Output\\ConsoleOutput))
#8 {main}
"} 
[2025-10-24 10:57:48] local.ERROR: Class "Barryvdh\Debugbar\ServiceProvider" not found {"exception":"[object] (Error(code: 0): Class \"Barryvdh\\Debugbar\\ServiceProvider\" not found at C:\\Users\\dell\\Documents\\Github\\saudiex\\vendor\\laravel\\framework\\src\\Illuminate\\Foundation\\ProviderRepository.php:206)
[stacktrace]
#0 C:\\Users\\dell\\Documents\\Github\\saudiex\\vendor\\laravel\\framework\\src\\Illuminate\\Foundation\\ProviderRepository.php(142): Illuminate\\Foundation\\ProviderRepository->createProvider('Barryvdh\\\\Debugb...')
#1 C:\\Users\\dell\\Documents\\Github\\saudiex\\vendor\\laravel\\framework\\src\\Illuminate\\Foundation\\ProviderRepository.php(61): Illuminate\\Foundation\\ProviderRepository->compileManifest(Array)
#2 C:\\Users\\dell\\Documents\\Github\\saudiex\\vendor\\laravel\\framework\\src\\Illuminate\\Foundation\\Application.php(689): Illuminate\\Foundation\\ProviderRepository->load(Array)
#3 C:\\Users\\dell\\Documents\\Github\\saudiex\\vendor\\laravel\\framework\\src\\Illuminate\\Foundation\\Bootstrap\\RegisterProviders.php(17): Illuminate\\Foundation\\Application->registerConfiguredProviders()
#4 C:\\Users\\dell\\Documents\\Github\\saudiex\\vendor\\laravel\\framework\\src\\Illuminate\\Foundation\\Application.php(265): Illuminate\\Foundation\\Bootstrap\\RegisterProviders->bootstrap(Object(Illuminate\\Foundation\\Application))
#5 C:\\Users\\dell\\Documents\\Github\\saudiex\\vendor\\laravel\\framework\\src\\Illuminate\\Foundation\\Console\\Kernel.php(383): Illuminate\\Foundation\\Application->bootstrapWith(Array)
#6 C:\\Users\\dell\\Documents\\Github\\saudiex\\vendor\\laravel\\framework\\src\\Illuminate\\Foundation\\Console\\Kernel.php(153): Illuminate\\Foundation\\Console\\Kernel->bootstrap()
#7 Command line code(1): Illuminate\\Foundation\\Console\\Kernel->handle(Object(Symfony\\Component\\Console\\Input\\ArgvInput), Object(Symfony\\Component\\Console\\Output\\ConsoleOutput))
#8 {main}
"} 
[2025-10-24 10:57:48] local.ERROR: Class "Barryvdh\Debugbar\ServiceProvider" not found {"exception":"[object] (Error(code: 0): Class \"Barryvdh\\Debugbar\\ServiceProvider\" not found at C:\\Users\\dell\\Documents\\Github\\saudiex\\vendor\\laravel\\framework\\src\\Illuminate\\Foundation\\ProviderRepository.php:206)
[stacktrace]
#0 C:\\Users\\dell\\Documents\\Github\\saudiex\\vendor\\laravel\\framework\\src\\Illuminate\\Foundation\\ProviderRepository.php(142): Illuminate\\Foundation\\ProviderRepository->createProvider('Barryvdh\\\\Debugb...')
#1 C:\\Users\\dell\\Documents\\Github\\saudiex\\vendor\\laravel\\framework\\src\\Illuminate\\Foundation\\ProviderRepository.php(61): Illuminate\\Foundation\\ProviderRepository->compileManifest(Array)
#2 C:\\Users\\dell\\Documents\\Github\\saudiex\\vendor\\laravel\\framework\\src\\Illuminate\\Foundation\\Application.php(689): Illuminate\\Foundation\\ProviderRepository->load(Array)
#3 C:\\Users\\dell\\Documents\\Github\\saudiex\\vendor\\laravel\\framework\\src\\Illuminate\\Foundation\\Bootstrap\\RegisterProviders.php(17): Illuminate\\Foundation\\Application->registerConfiguredProviders()
#4 C:\\Users\\dell\\Documents\\Github\\saudiex\\vendor\\laravel\\framework\\src\\Illuminate\\Foundation\\Application.php(265): Illuminate\\Foundation\\Bootstrap\\RegisterProviders->bootstrap(Object(Illuminate\\Foundation\\Application))
#5 C:\\Users\\dell\\Documents\\Github\\saudiex\\vendor\\laravel\\framework\\src\\Illuminate\\Foundation\\Console\\Kernel.php(383): Illuminate\\Foundation\\Application->bootstrapWith(Array)
#6 C:\\Users\\dell\\Documents\\Github\\saudiex\\vendor\\laravel\\framework\\src\\Illuminate\\Foundation\\Console\\Kernel.php(153): Illuminate\\Foundation\\Console\\Kernel->bootstrap()
#7 Command line code(1): Illuminate\\Foundation\\Console\\Kernel->handle(Object(Symfony\\Component\\Console\\Input\\ArgvInput), Object(Symfony\\Component\\Console\\Output\\ConsoleOutput))
#8 {main}
"} 
[2025-10-24 10:58:19] local.ERROR: Class "Barryvdh\Debugbar\ServiceProvider" not found {"exception":"[object] (Error(code: 0): Class \"Barryvdh\\Debugbar\\ServiceProvider\" not found at C:\\Users\\dell\\Documents\\Github\\saudiex\\vendor\\laravel\\framework\\src\\Illuminate\\Foundation\\ProviderRepository.php:206)
[stacktrace]
#0 C:\\Users\\dell\\Documents\\Github\\saudiex\\vendor\\laravel\\framework\\src\\Illuminate\\Foundation\\ProviderRepository.php(142): Illuminate\\Foundation\\ProviderRepository->createProvider('Barryvdh\\\\Debugb...')
#1 C:\\Users\\dell\\Documents\\Github\\saudiex\\vendor\\laravel\\framework\\src\\Illuminate\\Foundation\\ProviderRepository.php(61): Illuminate\\Foundation\\ProviderRepository->compileManifest(Array)
#2 C:\\Users\\dell\\Documents\\Github\\saudiex\\vendor\\laravel\\framework\\src\\Illuminate\\Foundation\\Application.php(689): Illuminate\\Foundation\\ProviderRepository->load(Array)
#3 C:\\Users\\dell\\Documents\\Github\\saudiex\\vendor\\laravel\\framework\\src\\Illuminate\\Foundation\\Bootstrap\\RegisterProviders.php(17): Illuminate\\Foundation\\Application->registerConfiguredProviders()
#4 C:\\Users\\dell\\Documents\\Github\\saudiex\\vendor\\laravel\\framework\\src\\Illuminate\\Foundation\\Application.php(265): Illuminate\\Foundation\\Bootstrap\\RegisterProviders->bootstrap(Object(Illuminate\\Foundation\\Application))
#5 C:\\Users\\dell\\Documents\\Github\\saudiex\\vendor\\laravel\\framework\\src\\Illuminate\\Foundation\\Console\\Kernel.php(383): Illuminate\\Foundation\\Application->bootstrapWith(Array)
#6 C:\\Users\\dell\\Documents\\Github\\saudiex\\vendor\\laravel\\framework\\src\\Illuminate\\Foundation\\Console\\Kernel.php(153): Illuminate\\Foundation\\Console\\Kernel->bootstrap()
#7 Command line code(1): Illuminate\\Foundation\\Console\\Kernel->handle(Object(Symfony\\Component\\Console\\Input\\ArgvInput), Object(Symfony\\Component\\Console\\Output\\ConsoleOutput))
#8 {main}
"} 
[2025-10-24 10:58:47] local.ERROR: Class "Barryvdh\Debugbar\ServiceProvider" not found {"exception":"[object] (Error(code: 0): Class \"Barryvdh\\Debugbar\\ServiceProvider\" not found at C:\\Users\\dell\\Documents\\Github\\saudiex\\vendor\\laravel\\framework\\src\\Illuminate\\Foundation\\ProviderRepository.php:206)
[stacktrace]
#0 C:\\Users\\dell\\Documents\\Github\\saudiex\\vendor\\laravel\\framework\\src\\Illuminate\\Foundation\\ProviderRepository.php(142): Illuminate\\Foundation\\ProviderRepository->createProvider('Barryvdh\\\\Debugb...')
#1 C:\\Users\\dell\\Documents\\Github\\saudiex\\vendor\\laravel\\framework\\src\\Illuminate\\Foundation\\ProviderRepository.php(61): Illuminate\\Foundation\\ProviderRepository->compileManifest(Array)
#2 C:\\Users\\dell\\Documents\\Github\\saudiex\\vendor\\laravel\\framework\\src\\Illuminate\\Foundation\\Application.php(689): Illuminate\\Foundation\\ProviderRepository->load(Array)
#3 C:\\Users\\dell\\Documents\\Github\\saudiex\\vendor\\laravel\\framework\\src\\Illuminate\\Foundation\\Bootstrap\\RegisterProviders.php(17): Illuminate\\Foundation\\Application->registerConfiguredProviders()
#4 C:\\Users\\dell\\Documents\\Github\\saudiex\\vendor\\laravel\\framework\\src\\Illuminate\\Foundation\\Application.php(265): Illuminate\\Foundation\\Bootstrap\\RegisterProviders->bootstrap(Object(Illuminate\\Foundation\\Application))
#5 C:\\Users\\dell\\Documents\\Github\\saudiex\\vendor\\laravel\\framework\\src\\Illuminate\\Foundation\\Console\\Kernel.php(383): Illuminate\\Foundation\\Application->bootstrapWith(Array)
#6 C:\\Users\\dell\\Documents\\Github\\saudiex\\vendor\\laravel\\framework\\src\\Illuminate\\Foundation\\Console\\Kernel.php(153): Illuminate\\Foundation\\Console\\Kernel->bootstrap()
#7 Command line code(1): Illuminate\\Foundation\\Console\\Kernel->handle(Object(Symfony\\Component\\Console\\Input\\ArgvInput), Object(Symfony\\Component\\Console\\Output\\ConsoleOutput))
#8 {main}
"} 
[2025-10-24 10:58:47] local.ERROR: Class "Barryvdh\Debugbar\ServiceProvider" not found {"exception":"[object] (Error(code: 0): Class \"Barryvdh\\Debugbar\\ServiceProvider\" not found at C:\\Users\\dell\\Documents\\Github\\saudiex\\vendor\\laravel\\framework\\src\\Illuminate\\Foundation\\ProviderRepository.php:206)
[stacktrace]
#0 C:\\Users\\dell\\Documents\\Github\\saudiex\\vendor\\laravel\\framework\\src\\Illuminate\\Foundation\\ProviderRepository.php(142): Illuminate\\Foundation\\ProviderRepository->createProvider('Barryvdh\\\\Debugb...')
#1 C:\\Users\\dell\\Documents\\Github\\saudiex\\vendor\\laravel\\framework\\src\\Illuminate\\Foundation\\ProviderRepository.php(61): Illuminate\\Foundation\\ProviderRepository->compileManifest(Array)
#2 C:\\Users\\dell\\Documents\\Github\\saudiex\\vendor\\laravel\\framework\\src\\Illuminate\\Foundation\\Application.php(689): Illuminate\\Foundation\\ProviderRepository->load(Array)
#3 C:\\Users\\dell\\Documents\\Github\\saudiex\\vendor\\laravel\\framework\\src\\Illuminate\\Foundation\\Bootstrap\\RegisterProviders.php(17): Illuminate\\Foundation\\Application->registerConfiguredProviders()
#4 C:\\Users\\dell\\Documents\\Github\\saudiex\\vendor\\laravel\\framework\\src\\Illuminate\\Foundation\\Application.php(265): Illuminate\\Foundation\\Bootstrap\\RegisterProviders->bootstrap(Object(Illuminate\\Foundation\\Application))
#5 C:\\Users\\dell\\Documents\\Github\\saudiex\\vendor\\laravel\\framework\\src\\Illuminate\\Foundation\\Console\\Kernel.php(383): Illuminate\\Foundation\\Application->bootstrapWith(Array)
#6 C:\\Users\\dell\\Documents\\Github\\saudiex\\vendor\\laravel\\framework\\src\\Illuminate\\Foundation\\Console\\Kernel.php(153): Illuminate\\Foundation\\Console\\Kernel->bootstrap()
#7 Command line code(1): Illuminate\\Foundation\\Console\\Kernel->handle(Object(Symfony\\Component\\Console\\Input\\ArgvInput), Object(Symfony\\Component\\Console\\Output\\ConsoleOutput))
#8 {main}
"} 
[2025-10-24 10:59:48] local.ERROR: Class "Barryvdh\Debugbar\ServiceProvider" not found {"exception":"[object] (Error(code: 0): Class \"Barryvdh\\Debugbar\\ServiceProvider\" not found at C:\\Users\\dell\\Documents\\Github\\saudiex\\vendor\\laravel\\framework\\src\\Illuminate\\Foundation\\ProviderRepository.php:206)
[stacktrace]
#0 C:\\Users\\dell\\Documents\\Github\\saudiex\\vendor\\laravel\\framework\\src\\Illuminate\\Foundation\\ProviderRepository.php(142): Illuminate\\Foundation\\ProviderRepository->createProvider('Barryvdh\\\\Debugb...')
#1 C:\\Users\\dell\\Documents\\Github\\saudiex\\vendor\\laravel\\framework\\src\\Illuminate\\Foundation\\ProviderRepository.php(61): Illuminate\\Foundation\\ProviderRepository->compileManifest(Array)
#2 C:\\Users\\dell\\Documents\\Github\\saudiex\\vendor\\laravel\\framework\\src\\Illuminate\\Foundation\\Application.php(689): Illuminate\\Foundation\\ProviderRepository->load(Array)
#3 C:\\Users\\dell\\Documents\\Github\\saudiex\\vendor\\laravel\\framework\\src\\Illuminate\\Foundation\\Bootstrap\\RegisterProviders.php(17): Illuminate\\Foundation\\Application->registerConfiguredProviders()
#4 C:\\Users\\dell\\Documents\\Github\\saudiex\\vendor\\laravel\\framework\\src\\Illuminate\\Foundation\\Application.php(265): Illuminate\\Foundation\\Bootstrap\\RegisterProviders->bootstrap(Object(Illuminate\\Foundation\\Application))
#5 C:\\Users\\dell\\Documents\\Github\\saudiex\\vendor\\laravel\\framework\\src\\Illuminate\\Foundation\\Console\\Kernel.php(383): Illuminate\\Foundation\\Application->bootstrapWith(Array)
#6 C:\\Users\\dell\\Documents\\Github\\saudiex\\vendor\\laravel\\framework\\src\\Illuminate\\Foundation\\Console\\Kernel.php(153): Illuminate\\Foundation\\Console\\Kernel->bootstrap()
#7 Command line code(1): Illuminate\\Foundation\\Console\\Kernel->handle(Object(Symfony\\Component\\Console\\Input\\ArgvInput), Object(Symfony\\Component\\Console\\Output\\ConsoleOutput))
#8 {main}
"} 
[2025-10-24 10:59:48] local.ERROR: Class "Barryvdh\Debugbar\ServiceProvider" not found {"exception":"[object] (Error(code: 0): Class \"Barryvdh\\Debugbar\\ServiceProvider\" not found at C:\\Users\\dell\\Documents\\Github\\saudiex\\vendor\\laravel\\framework\\src\\Illuminate\\Foundation\\ProviderRepository.php:206)
[stacktrace]
#0 C:\\Users\\dell\\Documents\\Github\\saudiex\\vendor\\laravel\\framework\\src\\Illuminate\\Foundation\\ProviderRepository.php(142): Illuminate\\Foundation\\ProviderRepository->createProvider('Barryvdh\\\\Debugb...')
#1 C:\\Users\\dell\\Documents\\Github\\saudiex\\vendor\\laravel\\framework\\src\\Illuminate\\Foundation\\ProviderRepository.php(61): Illuminate\\Foundation\\ProviderRepository->compileManifest(Array)
#2 C:\\Users\\dell\\Documents\\Github\\saudiex\\vendor\\laravel\\framework\\src\\Illuminate\\Foundation\\Application.php(689): Illuminate\\Foundation\\ProviderRepository->load(Array)
#3 C:\\Users\\dell\\Documents\\Github\\saudiex\\vendor\\laravel\\framework\\src\\Illuminate\\Foundation\\Bootstrap\\RegisterProviders.php(17): Illuminate\\Foundation\\Application->registerConfiguredProviders()
#4 C:\\Users\\dell\\Documents\\Github\\saudiex\\vendor\\laravel\\framework\\src\\Illuminate\\Foundation\\Application.php(265): Illuminate\\Foundation\\Bootstrap\\RegisterProviders->bootstrap(Object(Illuminate\\Foundation\\Application))
#5 C:\\Users\\dell\\Documents\\Github\\saudiex\\vendor\\laravel\\framework\\src\\Illuminate\\Foundation\\Console\\Kernel.php(383): Illuminate\\Foundation\\Application->bootstrapWith(Array)
#6 C:\\Users\\dell\\Documents\\Github\\saudiex\\vendor\\laravel\\framework\\src\\Illuminate\\Foundation\\Console\\Kernel.php(153): Illuminate\\Foundation\\Console\\Kernel->bootstrap()
#7 Command line code(1): Illuminate\\Foundation\\Console\\Kernel->handle(Object(Symfony\\Component\\Console\\Input\\ArgvInput), Object(Symfony\\Component\\Console\\Output\\ConsoleOutput))
#8 {main}
"} 
[2025-10-24 11:00:48] local.ERROR: Class "Barryvdh\Debugbar\ServiceProvider" not found {"exception":"[object] (Error(code: 0): Class \"Barryvdh\\Debugbar\\ServiceProvider\" not found at C:\\Users\\dell\\Documents\\Github\\saudiex\\vendor\\laravel\\framework\\src\\Illuminate\\Foundation\\ProviderRepository.php:206)
[stacktrace]
#0 C:\\Users\\dell\\Documents\\Github\\saudiex\\vendor\\laravel\\framework\\src\\Illuminate\\Foundation\\ProviderRepository.php(142): Illuminate\\Foundation\\ProviderRepository->createProvider('Barryvdh\\\\Debugb...')
#1 C:\\Users\\dell\\Documents\\Github\\saudiex\\vendor\\laravel\\framework\\src\\Illuminate\\Foundation\\ProviderRepository.php(61): Illuminate\\Foundation\\ProviderRepository->compileManifest(Array)
#2 C:\\Users\\dell\\Documents\\Github\\saudiex\\vendor\\laravel\\framework\\src\\Illuminate\\Foundation\\Application.php(689): Illuminate\\Foundation\\ProviderRepository->load(Array)
#3 C:\\Users\\dell\\Documents\\Github\\saudiex\\vendor\\laravel\\framework\\src\\Illuminate\\Foundation\\Bootstrap\\RegisterProviders.php(17): Illuminate\\Foundation\\Application->registerConfiguredProviders()
#4 C:\\Users\\dell\\Documents\\Github\\saudiex\\vendor\\laravel\\framework\\src\\Illuminate\\Foundation\\Application.php(265): Illuminate\\Foundation\\Bootstrap\\RegisterProviders->bootstrap(Object(Illuminate\\Foundation\\Application))
#5 C:\\Users\\dell\\Documents\\Github\\saudiex\\vendor\\laravel\\framework\\src\\Illuminate\\Foundation\\Console\\Kernel.php(383): Illuminate\\Foundation\\Application->bootstrapWith(Array)
#6 C:\\Users\\dell\\Documents\\Github\\saudiex\\vendor\\laravel\\framework\\src\\Illuminate\\Foundation\\Console\\Kernel.php(153): Illuminate\\Foundation\\Console\\Kernel->bootstrap()
#7 Command line code(1): Illuminate\\Foundation\\Console\\Kernel->handle(Object(Symfony\\Component\\Console\\Input\\ArgvInput), Object(Symfony\\Component\\Console\\Output\\ConsoleOutput))
#8 {main}
"} 
[2025-10-24 11:00:48] local.ERROR: Class "Barryvdh\Debugbar\ServiceProvider" not found {"exception":"[object] (Error(code: 0): Class \"Barryvdh\\Debugbar\\ServiceProvider\" not found at C:\\Users\\dell\\Documents\\Github\\saudiex\\vendor\\laravel\\framework\\src\\Illuminate\\Foundation\\ProviderRepository.php:206)
[stacktrace]
#0 C:\\Users\\dell\\Documents\\Github\\saudiex\\vendor\\laravel\\framework\\src\\Illuminate\\Foundation\\ProviderRepository.php(142): Illuminate\\Foundation\\ProviderRepository->createProvider('Barryvdh\\\\Debugb...')
#1 C:\\Users\\dell\\Documents\\Github\\saudiex\\vendor\\laravel\\framework\\src\\Illuminate\\Foundation\\ProviderRepository.php(61): Illuminate\\Foundation\\ProviderRepository->compileManifest(Array)
#2 C:\\Users\\dell\\Documents\\Github\\saudiex\\vendor\\laravel\\framework\\src\\Illuminate\\Foundation\\Application.php(689): Illuminate\\Foundation\\ProviderRepository->load(Array)
#3 C:\\Users\\dell\\Documents\\Github\\saudiex\\vendor\\laravel\\framework\\src\\Illuminate\\Foundation\\Bootstrap\\RegisterProviders.php(17): Illuminate\\Foundation\\Application->registerConfiguredProviders()
#4 C:\\Users\\dell\\Documents\\Github\\saudiex\\vendor\\laravel\\framework\\src\\Illuminate\\Foundation\\Application.php(265): Illuminate\\Foundation\\Bootstrap\\RegisterProviders->bootstrap(Object(Illuminate\\Foundation\\Application))
#5 C:\\Users\\dell\\Documents\\Github\\saudiex\\vendor\\laravel\\framework\\src\\Illuminate\\Foundation\\Console\\Kernel.php(383): Illuminate\\Foundation\\Application->bootstrapWith(Array)
#6 C:\\Users\\dell\\Documents\\Github\\saudiex\\vendor\\laravel\\framework\\src\\Illuminate\\Foundation\\Console\\Kernel.php(153): Illuminate\\Foundation\\Console\\Kernel->bootstrap()
#7 Command line code(1): Illuminate\\Foundation\\Console\\Kernel->handle(Object(Symfony\\Component\\Console\\Input\\ArgvInput), Object(Symfony\\Component\\Console\\Output\\ConsoleOutput))
#8 {main}
"} 
[2025-10-24 11:01:48] local.ERROR: Class "Barryvdh\Debugbar\ServiceProvider" not found {"exception":"[object] (Error(code: 0): Class \"Barryvdh\\Debugbar\\ServiceProvider\" not found at C:\\Users\\dell\\Documents\\Github\\saudiex\\vendor\\laravel\\framework\\src\\Illuminate\\Foundation\\ProviderRepository.php:206)
[stacktrace]
#0 C:\\Users\\dell\\Documents\\Github\\saudiex\\vendor\\laravel\\framework\\src\\Illuminate\\Foundation\\ProviderRepository.php(142): Illuminate\\Foundation\\ProviderRepository->createProvider('Barryvdh\\\\Debugb...')
#1 C:\\Users\\dell\\Documents\\Github\\saudiex\\vendor\\laravel\\framework\\src\\Illuminate\\Foundation\\ProviderRepository.php(61): Illuminate\\Foundation\\ProviderRepository->compileManifest(Array)
#2 C:\\Users\\dell\\Documents\\Github\\saudiex\\vendor\\laravel\\framework\\src\\Illuminate\\Foundation\\Application.php(689): Illuminate\\Foundation\\ProviderRepository->load(Array)
#3 C:\\Users\\dell\\Documents\\Github\\saudiex\\vendor\\laravel\\framework\\src\\Illuminate\\Foundation\\Bootstrap\\RegisterProviders.php(17): Illuminate\\Foundation\\Application->registerConfiguredProviders()
#4 C:\\Users\\dell\\Documents\\Github\\saudiex\\vendor\\laravel\\framework\\src\\Illuminate\\Foundation\\Application.php(265): Illuminate\\Foundation\\Bootstrap\\RegisterProviders->bootstrap(Object(Illuminate\\Foundation\\Application))
#5 C:\\Users\\dell\\Documents\\Github\\saudiex\\vendor\\laravel\\framework\\src\\Illuminate\\Foundation\\Console\\Kernel.php(383): Illuminate\\Foundation\\Application->bootstrapWith(Array)
#6 C:\\Users\\dell\\Documents\\Github\\saudiex\\vendor\\laravel\\framework\\src\\Illuminate\\Foundation\\Console\\Kernel.php(153): Illuminate\\Foundation\\Console\\Kernel->bootstrap()
#7 Command line code(1): Illuminate\\Foundation\\Console\\Kernel->handle(Object(Symfony\\Component\\Console\\Input\\ArgvInput), Object(Symfony\\Component\\Console\\Output\\ConsoleOutput))
#8 {main}
"} 
[2025-10-24 11:01:48] local.ERROR: Class "Barryvdh\Debugbar\ServiceProvider" not found {"exception":"[object] (Error(code: 0): Class \"Barryvdh\\Debugbar\\ServiceProvider\" not found at C:\\Users\\dell\\Documents\\Github\\saudiex\\vendor\\laravel\\framework\\src\\Illuminate\\Foundation\\ProviderRepository.php:206)
[stacktrace]
#0 C:\\Users\\dell\\Documents\\Github\\saudiex\\vendor\\laravel\\framework\\src\\Illuminate\\Foundation\\ProviderRepository.php(142): Illuminate\\Foundation\\ProviderRepository->createProvider('Barryvdh\\\\Debugb...')
#1 C:\\Users\\dell\\Documents\\Github\\saudiex\\vendor\\laravel\\framework\\src\\Illuminate\\Foundation\\ProviderRepository.php(61): Illuminate\\Foundation\\ProviderRepository->compileManifest(Array)
#2 C:\\Users\\dell\\Documents\\Github\\saudiex\\vendor\\laravel\\framework\\src\\Illuminate\\Foundation\\Application.php(689): Illuminate\\Foundation\\ProviderRepository->load(Array)
#3 C:\\Users\\dell\\Documents\\Github\\saudiex\\vendor\\laravel\\framework\\src\\Illuminate\\Foundation\\Bootstrap\\RegisterProviders.php(17): Illuminate\\Foundation\\Application->registerConfiguredProviders()
#4 C:\\Users\\dell\\Documents\\Github\\saudiex\\vendor\\laravel\\framework\\src\\Illuminate\\Foundation\\Application.php(265): Illuminate\\Foundation\\Bootstrap\\RegisterProviders->bootstrap(Object(Illuminate\\Foundation\\Application))
#5 C:\\Users\\dell\\Documents\\Github\\saudiex\\vendor\\laravel\\framework\\src\\Illuminate\\Foundation\\Console\\Kernel.php(383): Illuminate\\Foundation\\Application->bootstrapWith(Array)
#6 C:\\Users\\dell\\Documents\\Github\\saudiex\\vendor\\laravel\\framework\\src\\Illuminate\\Foundation\\Console\\Kernel.php(153): Illuminate\\Foundation\\Console\\Kernel->bootstrap()
#7 Command line code(1): Illuminate\\Foundation\\Console\\Kernel->handle(Object(Symfony\\Component\\Console\\Input\\ArgvInput), Object(Symfony\\Component\\Console\\Output\\ConsoleOutput))
#8 {main}
"} 
[2025-10-24 11:01:49] local.ERROR: Class "Barryvdh\Debugbar\ServiceProvider" not found {"exception":"[object] (Error(code: 0): Class \"Barryvdh\\Debugbar\\ServiceProvider\" not found at C:\\Users\\dell\\Documents\\Github\\saudiex\\vendor\\laravel\\framework\\src\\Illuminate\\Foundation\\ProviderRepository.php:206)
[stacktrace]
#0 C:\\Users\\dell\\Documents\\Github\\saudiex\\vendor\\laravel\\framework\\src\\Illuminate\\Foundation\\ProviderRepository.php(142): Illuminate\\Foundation\\ProviderRepository->createProvider('Barryvdh\\\\Debugb...')
#1 C:\\Users\\dell\\Documents\\Github\\saudiex\\vendor\\laravel\\framework\\src\\Illuminate\\Foundation\\ProviderRepository.php(61): Illuminate\\Foundation\\ProviderRepository->compileManifest(Array)
#2 C:\\Users\\dell\\Documents\\Github\\saudiex\\vendor\\laravel\\framework\\src\\Illuminate\\Foundation\\Application.php(689): Illuminate\\Foundation\\ProviderRepository->load(Array)
#3 C:\\Users\\dell\\Documents\\Github\\saudiex\\vendor\\laravel\\framework\\src\\Illuminate\\Foundation\\Bootstrap\\RegisterProviders.php(17): Illuminate\\Foundation\\Application->registerConfiguredProviders()
#4 C:\\Users\\dell\\Documents\\Github\\saudiex\\vendor\\laravel\\framework\\src\\Illuminate\\Foundation\\Application.php(265): Illuminate\\Foundation\\Bootstrap\\RegisterProviders->bootstrap(Object(Illuminate\\Foundation\\Application))
#5 C:\\Users\\dell\\Documents\\Github\\saudiex\\vendor\\laravel\\framework\\src\\Illuminate\\Foundation\\Console\\Kernel.php(383): Illuminate\\Foundation\\Application->bootstrapWith(Array)
#6 C:\\Users\\dell\\Documents\\Github\\saudiex\\vendor\\laravel\\framework\\src\\Illuminate\\Foundation\\Console\\Kernel.php(153): Illuminate\\Foundation\\Console\\Kernel->bootstrap()
#7 C:\\Users\\dell\\Documents\\Github\\saudiex\\artisan(33): Illuminate\\Foundation\\Console\\Kernel->handle(Object(Symfony\\Component\\Console\\Input\\ArgvInput), Object(Symfony\\Component\\Console\\Output\\ConsoleOutput))
#8 {main}
"} 
[2025-10-24 11:02:22] local.ERROR: Class "Barryvdh\Debugbar\ServiceProvider" not found {"exception":"[object] (Error(code: 0): Class \"Barryvdh\\Debugbar\\ServiceProvider\" not found at C:\\Users\\dell\\Documents\\Github\\saudiex\\vendor\\laravel\\framework\\src\\Illuminate\\Foundation\\ProviderRepository.php:206)
[stacktrace]
#0 C:\\Users\\dell\\Documents\\Github\\saudiex\\vendor\\laravel\\framework\\src\\Illuminate\\Foundation\\ProviderRepository.php(142): Illuminate\\Foundation\\ProviderRepository->createProvider('Barryvdh\\\\Debugb...')
#1 C:\\Users\\dell\\Documents\\Github\\saudiex\\vendor\\laravel\\framework\\src\\Illuminate\\Foundation\\ProviderRepository.php(61): Illuminate\\Foundation\\ProviderRepository->compileManifest(Array)
#2 C:\\Users\\dell\\Documents\\Github\\saudiex\\vendor\\laravel\\framework\\src\\Illuminate\\Foundation\\Application.php(689): Illuminate\\Foundation\\ProviderRepository->load(Array)
#3 C:\\Users\\dell\\Documents\\Github\\saudiex\\vendor\\laravel\\framework\\src\\Illuminate\\Foundation\\Bootstrap\\RegisterProviders.php(17): Illuminate\\Foundation\\Application->registerConfiguredProviders()
#4 C:\\Users\\dell\\Documents\\Github\\saudiex\\vendor\\laravel\\framework\\src\\Illuminate\\Foundation\\Application.php(265): Illuminate\\Foundation\\Bootstrap\\RegisterProviders->bootstrap(Object(Illuminate\\Foundation\\Application))
#5 C:\\Users\\dell\\Documents\\Github\\saudiex\\vendor\\laravel\\framework\\src\\Illuminate\\Foundation\\Console\\Kernel.php(383): Illuminate\\Foundation\\Application->bootstrapWith(Array)
#6 C:\\Users\\dell\\Documents\\Github\\saudiex\\vendor\\laravel\\framework\\src\\Illuminate\\Foundation\\Console\\Kernel.php(153): Illuminate\\Foundation\\Console\\Kernel->bootstrap()
#7 Command line code(1): Illuminate\\Foundation\\Console\\Kernel->handle(Object(Symfony\\Component\\Console\\Input\\ArgvInput), Object(Symfony\\Component\\Console\\Output\\ConsoleOutput))
#8 {main}
"} 
[2025-10-24 11:02:46] local.ERROR: Please provide a valid cache path. {"exception":"[object] (InvalidArgumentException(code: 0): Please provide a valid cache path. at C:\\Users\\dell\\Documents\\Github\\saudiex\\vendor\\laravel\\framework\\src\\Illuminate\\View\\Compilers\\Compiler.php:66)
[stacktrace]
#0 C:\\Users\\dell\\Documents\\Github\\saudiex\\vendor\\laravel\\framework\\src\\Illuminate\\View\\ViewServiceProvider.php(96): Illuminate\\View\\Compilers\\Compiler->__construct(Object(Illuminate\\Filesystem\\Filesystem), false, '', true, 'php')
#1 C:\\Users\\dell\\Documents\\Github\\saudiex\\vendor\\laravel\\framework\\src\\Illuminate\\Container\\Container.php(885): Illuminate\\View\\ViewServiceProvider->Illuminate\\View\\{closure}(Object(Illuminate\\Foundation\\Application), Array)
#2 C:\\Users\\dell\\Documents\\Github\\saudiex\\vendor\\laravel\\framework\\src\\Illuminate\\Container\\Container.php(770): Illuminate\\Container\\Container->build(Object(Closure))
#3 C:\\Users\\dell\\Documents\\Github\\saudiex\\vendor\\laravel\\framework\\src\\Illuminate\\Foundation\\Application.php(881): Illuminate\\Container\\Container->resolve('blade.compiler', Array, true)
#4 C:\\Users\\dell\\Documents\\Github\\saudiex\\vendor\\laravel\\framework\\src\\Illuminate\\Container\\Container.php(706): Illuminate\\Foundation\\Application->resolve('blade.compiler', Array)
#5 C:\\Users\\dell\\Documents\\Github\\saudiex\\vendor\\laravel\\framework\\src\\Illuminate\\Foundation\\Application.php(866): Illuminate\\Container\\Container->make('blade.compiler', Array)
#6 C:\\Users\\dell\\Documents\\Github\\saudiex\\vendor\\laravel\\framework\\src\\Illuminate\\Container\\Container.php(1431): Illuminate\\Foundation\\Application->make('blade.compiler')
#7 C:\\Users\\dell\\Documents\\Github\\saudiex\\vendor\\laravel\\framework\\src\\Illuminate\\Support\\Facades\\Facade.php(222): Illuminate\\Container\\Container->offsetGet('blade.compiler')
#8 C:\\Users\\dell\\Documents\\Github\\saudiex\\vendor\\laravel\\framework\\src\\Illuminate\\Support\\Facades\\Facade.php(193): Illuminate\\Support\\Facades\\Facade::resolveFacadeInstance('blade.compiler')
#9 C:\\Users\\dell\\Documents\\Github\\saudiex\\vendor\\laravel\\framework\\src\\Illuminate\\Support\\Facades\\Facade.php(332): Illuminate\\Support\\Facades\\Facade::getFacadeRoot()
#10 C:\\Users\\dell\\Documents\\Github\\saudiex\\app\\Providers\\AppServiceProvider.php(62): Illuminate\\Support\\Facades\\Facade::__callStatic('withoutDoubleEn...', Array)
#11 C:\\Users\\dell\\Documents\\Github\\saudiex\\vendor\\laravel\\framework\\src\\Illuminate\\Foundation\\Application.php(712): App\\Providers\\AppServiceProvider->register()
#12 C:\\Users\\dell\\Documents\\Github\\saudiex\\vendor\\laravel\\framework\\src\\Illuminate\\Foundation\\ProviderRepository.php(75): Illuminate\\Foundation\\Application->register(Object(App\\Providers\\AppServiceProvider))
#13 C:\\Users\\dell\\Documents\\Github\\saudiex\\vendor\\laravel\\framework\\src\\Illuminate\\Foundation\\Application.php(689): Illuminate\\Foundation\\ProviderRepository->load(Array)
#14 C:\\Users\\dell\\Documents\\Github\\saudiex\\vendor\\laravel\\framework\\src\\Illuminate\\Foundation\\Bootstrap\\RegisterProviders.php(17): Illuminate\\Foundation\\Application->registerConfiguredProviders()
#15 C:\\Users\\dell\\Documents\\Github\\saudiex\\vendor\\laravel\\framework\\src\\Illuminate\\Foundation\\Application.php(265): Illuminate\\Foundation\\Bootstrap\\RegisterProviders->bootstrap(Object(Illuminate\\Foundation\\Application))
#16 C:\\Users\\dell\\Documents\\Github\\saudiex\\vendor\\laravel\\framework\\src\\Illuminate\\Foundation\\Console\\Kernel.php(383): Illuminate\\Foundation\\Application->bootstrapWith(Array)
#17 C:\\Users\\dell\\Documents\\Github\\saudiex\\vendor\\laravel\\framework\\src\\Illuminate\\Foundation\\Console\\Kernel.php(153): Illuminate\\Foundation\\Console\\Kernel->bootstrap()
#18 C:\\Users\\dell\\Documents\\Github\\saudiex\\artisan(33): Illuminate\\Foundation\\Console\\Kernel->handle(Object(Symfony\\Component\\Console\\Input\\ArgvInput), Object(Symfony\\Component\\Console\\Output\\ConsoleOutput))
#19 {main}
"} 
[2025-10-24 11:02:48] local.ERROR: Please provide a valid cache path. {"exception":"[object] (InvalidArgumentException(code: 0): Please provide a valid cache path. at C:\\Users\\dell\\Documents\\Github\\saudiex\\vendor\\laravel\\framework\\src\\Illuminate\\View\\Compilers\\Compiler.php:66)
[stacktrace]
#0 C:\\Users\\dell\\Documents\\Github\\saudiex\\vendor\\laravel\\framework\\src\\Illuminate\\View\\ViewServiceProvider.php(96): Illuminate\\View\\Compilers\\Compiler->__construct(Object(Illuminate\\Filesystem\\Filesystem), false, '', true, 'php')
#1 C:\\Users\\dell\\Documents\\Github\\saudiex\\vendor\\laravel\\framework\\src\\Illuminate\\Container\\Container.php(885): Illuminate\\View\\ViewServiceProvider->Illuminate\\View\\{closure}(Object(Illuminate\\Foundation\\Application), Array)
#2 C:\\Users\\dell\\Documents\\Github\\saudiex\\vendor\\laravel\\framework\\src\\Illuminate\\Container\\Container.php(770): Illuminate\\Container\\Container->build(Object(Closure))
#3 C:\\Users\\dell\\Documents\\Github\\saudiex\\vendor\\laravel\\framework\\src\\Illuminate\\Foundation\\Application.php(881): Illuminate\\Container\\Container->resolve('blade.compiler', Array, true)
#4 C:\\Users\\dell\\Documents\\Github\\saudiex\\vendor\\laravel\\framework\\src\\Illuminate\\Container\\Container.php(706): Illuminate\\Foundation\\Application->resolve('blade.compiler', Array)
#5 C:\\Users\\dell\\Documents\\Github\\saudiex\\vendor\\laravel\\framework\\src\\Illuminate\\Foundation\\Application.php(866): Illuminate\\Container\\Container->make('blade.compiler', Array)
#6 C:\\Users\\dell\\Documents\\Github\\saudiex\\vendor\\laravel\\framework\\src\\Illuminate\\Container\\Container.php(1431): Illuminate\\Foundation\\Application->make('blade.compiler')
#7 C:\\Users\\dell\\Documents\\Github\\saudiex\\vendor\\laravel\\framework\\src\\Illuminate\\Support\\Facades\\Facade.php(222): Illuminate\\Container\\Container->offsetGet('blade.compiler')
#8 C:\\Users\\dell\\Documents\\Github\\saudiex\\vendor\\laravel\\framework\\src\\Illuminate\\Support\\Facades\\Facade.php(193): Illuminate\\Support\\Facades\\Facade::resolveFacadeInstance('blade.compiler')
#9 C:\\Users\\dell\\Documents\\Github\\saudiex\\vendor\\laravel\\framework\\src\\Illuminate\\Support\\Facades\\Facade.php(332): Illuminate\\Support\\Facades\\Facade::getFacadeRoot()
#10 C:\\Users\\dell\\Documents\\Github\\saudiex\\app\\Providers\\AppServiceProvider.php(62): Illuminate\\Support\\Facades\\Facade::__callStatic('withoutDoubleEn...', Array)
#11 C:\\Users\\dell\\Documents\\Github\\saudiex\\vendor\\laravel\\framework\\src\\Illuminate\\Foundation\\Application.php(712): App\\Providers\\AppServiceProvider->register()
#12 C:\\Users\\dell\\Documents\\Github\\saudiex\\vendor\\laravel\\framework\\src\\Illuminate\\Foundation\\ProviderRepository.php(75): Illuminate\\Foundation\\Application->register(Object(App\\Providers\\AppServiceProvider))
#13 C:\\Users\\dell\\Documents\\Github\\saudiex\\vendor\\laravel\\framework\\src\\Illuminate\\Foundation\\Application.php(689): Illuminate\\Foundation\\ProviderRepository->load(Array)
#14 C:\\Users\\dell\\Documents\\Github\\saudiex\\vendor\\laravel\\framework\\src\\Illuminate\\Foundation\\Bootstrap\\RegisterProviders.php(17): Illuminate\\Foundation\\Application->registerConfiguredProviders()
#15 C:\\Users\\dell\\Documents\\Github\\saudiex\\vendor\\laravel\\framework\\src\\Illuminate\\Foundation\\Application.php(265): Illuminate\\Foundation\\Bootstrap\\RegisterProviders->bootstrap(Object(Illuminate\\Foundation\\Application))
#16 C:\\Users\\dell\\Documents\\Github\\saudiex\\vendor\\laravel\\framework\\src\\Illuminate\\Foundation\\Console\\Kernel.php(383): Illuminate\\Foundation\\Application->bootstrapWith(Array)
#17 C:\\Users\\dell\\Documents\\Github\\saudiex\\vendor\\laravel\\framework\\src\\Illuminate\\Foundation\\Console\\Kernel.php(153): Illuminate\\Foundation\\Console\\Kernel->bootstrap()
#18 Command line code(1): Illuminate\\Foundation\\Console\\Kernel->handle(Object(Symfony\\Component\\Console\\Input\\ArgvInput), Object(Symfony\\Component\\Console\\Output\\ConsoleOutput))
#19 {main}
"} 
[2025-10-24 11:02:48] local.ERROR: Please provide a valid cache path. {"exception":"[object] (InvalidArgumentException(code: 0): Please provide a valid cache path. at C:\\Users\\dell\\Documents\\Github\\saudiex\\vendor\\laravel\\framework\\src\\Illuminate\\View\\Compilers\\Compiler.php:66)
[stacktrace]
#0 C:\\Users\\dell\\Documents\\Github\\saudiex\\vendor\\laravel\\framework\\src\\Illuminate\\View\\ViewServiceProvider.php(96): Illuminate\\View\\Compilers\\Compiler->__construct(Object(Illuminate\\Filesystem\\Filesystem), false, '', true, 'php')
#1 C:\\Users\\dell\\Documents\\Github\\saudiex\\vendor\\laravel\\framework\\src\\Illuminate\\Container\\Container.php(885): Illuminate\\View\\ViewServiceProvider->Illuminate\\View\\{closure}(Object(Illuminate\\Foundation\\Application), Array)
#2 C:\\Users\\dell\\Documents\\Github\\saudiex\\vendor\\laravel\\framework\\src\\Illuminate\\Container\\Container.php(770): Illuminate\\Container\\Container->build(Object(Closure))
#3 C:\\Users\\dell\\Documents\\Github\\saudiex\\vendor\\laravel\\framework\\src\\Illuminate\\Foundation\\Application.php(881): Illuminate\\Container\\Container->resolve('blade.compiler', Array, true)
#4 C:\\Users\\dell\\Documents\\Github\\saudiex\\vendor\\laravel\\framework\\src\\Illuminate\\Container\\Container.php(706): Illuminate\\Foundation\\Application->resolve('blade.compiler', Array)
#5 C:\\Users\\dell\\Documents\\Github\\saudiex\\vendor\\laravel\\framework\\src\\Illuminate\\Foundation\\Application.php(866): Illuminate\\Container\\Container->make('blade.compiler', Array)
#6 C:\\Users\\dell\\Documents\\Github\\saudiex\\vendor\\laravel\\framework\\src\\Illuminate\\Container\\Container.php(1431): Illuminate\\Foundation\\Application->make('blade.compiler')
#7 C:\\Users\\dell\\Documents\\Github\\saudiex\\vendor\\laravel\\framework\\src\\Illuminate\\Support\\Facades\\Facade.php(222): Illuminate\\Container\\Container->offsetGet('blade.compiler')
#8 C:\\Users\\dell\\Documents\\Github\\saudiex\\vendor\\laravel\\framework\\src\\Illuminate\\Support\\Facades\\Facade.php(193): Illuminate\\Support\\Facades\\Facade::resolveFacadeInstance('blade.compiler')
#9 C:\\Users\\dell\\Documents\\Github\\saudiex\\vendor\\laravel\\framework\\src\\Illuminate\\Support\\Facades\\Facade.php(332): Illuminate\\Support\\Facades\\Facade::getFacadeRoot()
#10 C:\\Users\\dell\\Documents\\Github\\saudiex\\app\\Providers\\AppServiceProvider.php(62): Illuminate\\Support\\Facades\\Facade::__callStatic('withoutDoubleEn...', Array)
#11 C:\\Users\\dell\\Documents\\Github\\saudiex\\vendor\\laravel\\framework\\src\\Illuminate\\Foundation\\Application.php(712): App\\Providers\\AppServiceProvider->register()
#12 C:\\Users\\dell\\Documents\\Github\\saudiex\\vendor\\laravel\\framework\\src\\Illuminate\\Foundation\\ProviderRepository.php(75): Illuminate\\Foundation\\Application->register(Object(App\\Providers\\AppServiceProvider))
#13 C:\\Users\\dell\\Documents\\Github\\saudiex\\vendor\\laravel\\framework\\src\\Illuminate\\Foundation\\Application.php(689): Illuminate\\Foundation\\ProviderRepository->load(Array)
#14 C:\\Users\\dell\\Documents\\Github\\saudiex\\vendor\\laravel\\framework\\src\\Illuminate\\Foundation\\Bootstrap\\RegisterProviders.php(17): Illuminate\\Foundation\\Application->registerConfiguredProviders()
#15 C:\\Users\\dell\\Documents\\Github\\saudiex\\vendor\\laravel\\framework\\src\\Illuminate\\Foundation\\Application.php(265): Illuminate\\Foundation\\Bootstrap\\RegisterProviders->bootstrap(Object(Illuminate\\Foundation\\Application))
#16 C:\\Users\\dell\\Documents\\Github\\saudiex\\vendor\\laravel\\framework\\src\\Illuminate\\Foundation\\Console\\Kernel.php(383): Illuminate\\Foundation\\Application->bootstrapWith(Array)
#17 C:\\Users\\dell\\Documents\\Github\\saudiex\\vendor\\laravel\\framework\\src\\Illuminate\\Foundation\\Console\\Kernel.php(153): Illuminate\\Foundation\\Console\\Kernel->bootstrap()
#18 Command line code(1): Illuminate\\Foundation\\Console\\Kernel->handle(Object(Symfony\\Component\\Console\\Input\\ArgvInput), Object(Symfony\\Component\\Console\\Output\\ConsoleOutput))
#19 {main}
"} 
[2025-10-24 11:03:48] local.ERROR: Please provide a valid cache path. {"exception":"[object] (InvalidArgumentException(code: 0): Please provide a valid cache path. at C:\\Users\\dell\\Documents\\Github\\saudiex\\vendor\\laravel\\framework\\src\\Illuminate\\View\\Compilers\\Compiler.php:66)
[stacktrace]
#0 C:\\Users\\dell\\Documents\\Github\\saudiex\\vendor\\laravel\\framework\\src\\Illuminate\\View\\ViewServiceProvider.php(96): Illuminate\\View\\Compilers\\Compiler->__construct(Object(Illuminate\\Filesystem\\Filesystem), false, '', true, 'php')
#1 C:\\Users\\dell\\Documents\\Github\\saudiex\\vendor\\laravel\\framework\\src\\Illuminate\\Container\\Container.php(885): Illuminate\\View\\ViewServiceProvider->Illuminate\\View\\{closure}(Object(Illuminate\\Foundation\\Application), Array)
#2 C:\\Users\\dell\\Documents\\Github\\saudiex\\vendor\\laravel\\framework\\src\\Illuminate\\Container\\Container.php(770): Illuminate\\Container\\Container->build(Object(Closure))
#3 C:\\Users\\dell\\Documents\\Github\\saudiex\\vendor\\laravel\\framework\\src\\Illuminate\\Foundation\\Application.php(881): Illuminate\\Container\\Container->resolve('blade.compiler', Array, true)
#4 C:\\Users\\dell\\Documents\\Github\\saudiex\\vendor\\laravel\\framework\\src\\Illuminate\\Container\\Container.php(706): Illuminate\\Foundation\\Application->resolve('blade.compiler', Array)
#5 C:\\Users\\dell\\Documents\\Github\\saudiex\\vendor\\laravel\\framework\\src\\Illuminate\\Foundation\\Application.php(866): Illuminate\\Container\\Container->make('blade.compiler', Array)
#6 C:\\Users\\dell\\Documents\\Github\\saudiex\\vendor\\laravel\\framework\\src\\Illuminate\\Container\\Container.php(1431): Illuminate\\Foundation\\Application->make('blade.compiler')
#7 C:\\Users\\dell\\Documents\\Github\\saudiex\\vendor\\laravel\\framework\\src\\Illuminate\\Support\\Facades\\Facade.php(222): Illuminate\\Container\\Container->offsetGet('blade.compiler')
#8 C:\\Users\\dell\\Documents\\Github\\saudiex\\vendor\\laravel\\framework\\src\\Illuminate\\Support\\Facades\\Facade.php(193): Illuminate\\Support\\Facades\\Facade::resolveFacadeInstance('blade.compiler')
#9 C:\\Users\\dell\\Documents\\Github\\saudiex\\vendor\\laravel\\framework\\src\\Illuminate\\Support\\Facades\\Facade.php(332): Illuminate\\Support\\Facades\\Facade::getFacadeRoot()
#10 C:\\Users\\dell\\Documents\\Github\\saudiex\\app\\Providers\\AppServiceProvider.php(62): Illuminate\\Support\\Facades\\Facade::__callStatic('withoutDoubleEn...', Array)
#11 C:\\Users\\dell\\Documents\\Github\\saudiex\\vendor\\laravel\\framework\\src\\Illuminate\\Foundation\\Application.php(712): App\\Providers\\AppServiceProvider->register()
#12 C:\\Users\\dell\\Documents\\Github\\saudiex\\vendor\\laravel\\framework\\src\\Illuminate\\Foundation\\ProviderRepository.php(75): Illuminate\\Foundation\\Application->register(Object(App\\Providers\\AppServiceProvider))
#13 C:\\Users\\dell\\Documents\\Github\\saudiex\\vendor\\laravel\\framework\\src\\Illuminate\\Foundation\\Application.php(689): Illuminate\\Foundation\\ProviderRepository->load(Array)
#14 C:\\Users\\dell\\Documents\\Github\\saudiex\\vendor\\laravel\\framework\\src\\Illuminate\\Foundation\\Bootstrap\\RegisterProviders.php(17): Illuminate\\Foundation\\Application->registerConfiguredProviders()
#15 C:\\Users\\dell\\Documents\\Github\\saudiex\\vendor\\laravel\\framework\\src\\Illuminate\\Foundation\\Application.php(265): Illuminate\\Foundation\\Bootstrap\\RegisterProviders->bootstrap(Object(Illuminate\\Foundation\\Application))
#16 C:\\Users\\dell\\Documents\\Github\\saudiex\\vendor\\laravel\\framework\\src\\Illuminate\\Foundation\\Console\\Kernel.php(383): Illuminate\\Foundation\\Application->bootstrapWith(Array)
#17 C:\\Users\\dell\\Documents\\Github\\saudiex\\vendor\\laravel\\framework\\src\\Illuminate\\Foundation\\Console\\Kernel.php(153): Illuminate\\Foundation\\Console\\Kernel->bootstrap()
#18 Command line code(1): Illuminate\\Foundation\\Console\\Kernel->handle(Object(Symfony\\Component\\Console\\Input\\ArgvInput), Object(Symfony\\Component\\Console\\Output\\ConsoleOutput))
#19 {main}
"} 
[2025-10-24 11:03:48] local.ERROR: Please provide a valid cache path. {"exception":"[object] (InvalidArgumentException(code: 0): Please provide a valid cache path. at C:\\Users\\dell\\Documents\\Github\\saudiex\\vendor\\laravel\\framework\\src\\Illuminate\\View\\Compilers\\Compiler.php:66)
[stacktrace]
#0 C:\\Users\\dell\\Documents\\Github\\saudiex\\vendor\\laravel\\framework\\src\\Illuminate\\View\\ViewServiceProvider.php(96): Illuminate\\View\\Compilers\\Compiler->__construct(Object(Illuminate\\Filesystem\\Filesystem), false, '', true, 'php')
#1 C:\\Users\\dell\\Documents\\Github\\saudiex\\vendor\\laravel\\framework\\src\\Illuminate\\Container\\Container.php(885): Illuminate\\View\\ViewServiceProvider->Illuminate\\View\\{closure}(Object(Illuminate\\Foundation\\Application), Array)
#2 C:\\Users\\dell\\Documents\\Github\\saudiex\\vendor\\laravel\\framework\\src\\Illuminate\\Container\\Container.php(770): Illuminate\\Container\\Container->build(Object(Closure))
#3 C:\\Users\\dell\\Documents\\Github\\saudiex\\vendor\\laravel\\framework\\src\\Illuminate\\Foundation\\Application.php(881): Illuminate\\Container\\Container->resolve('blade.compiler', Array, true)
#4 C:\\Users\\dell\\Documents\\Github\\saudiex\\vendor\\laravel\\framework\\src\\Illuminate\\Container\\Container.php(706): Illuminate\\Foundation\\Application->resolve('blade.compiler', Array)
#5 C:\\Users\\dell\\Documents\\Github\\saudiex\\vendor\\laravel\\framework\\src\\Illuminate\\Foundation\\Application.php(866): Illuminate\\Container\\Container->make('blade.compiler', Array)
#6 C:\\Users\\dell\\Documents\\Github\\saudiex\\vendor\\laravel\\framework\\src\\Illuminate\\Container\\Container.php(1431): Illuminate\\Foundation\\Application->make('blade.compiler')
#7 C:\\Users\\dell\\Documents\\Github\\saudiex\\vendor\\laravel\\framework\\src\\Illuminate\\Support\\Facades\\Facade.php(222): Illuminate\\Container\\Container->offsetGet('blade.compiler')
#8 C:\\Users\\dell\\Documents\\Github\\saudiex\\vendor\\laravel\\framework\\src\\Illuminate\\Support\\Facades\\Facade.php(193): Illuminate\\Support\\Facades\\Facade::resolveFacadeInstance('blade.compiler')
#9 C:\\Users\\dell\\Documents\\Github\\saudiex\\vendor\\laravel\\framework\\src\\Illuminate\\Support\\Facades\\Facade.php(332): Illuminate\\Support\\Facades\\Facade::getFacadeRoot()
#10 C:\\Users\\dell\\Documents\\Github\\saudiex\\app\\Providers\\AppServiceProvider.php(62): Illuminate\\Support\\Facades\\Facade::__callStatic('withoutDoubleEn...', Array)
#11 C:\\Users\\dell\\Documents\\Github\\saudiex\\vendor\\laravel\\framework\\src\\Illuminate\\Foundation\\Application.php(712): App\\Providers\\AppServiceProvider->register()
#12 C:\\Users\\dell\\Documents\\Github\\saudiex\\vendor\\laravel\\framework\\src\\Illuminate\\Foundation\\ProviderRepository.php(75): Illuminate\\Foundation\\Application->register(Object(App\\Providers\\AppServiceProvider))
#13 C:\\Users\\dell\\Documents\\Github\\saudiex\\vendor\\laravel\\framework\\src\\Illuminate\\Foundation\\Application.php(689): Illuminate\\Foundation\\ProviderRepository->load(Array)
#14 C:\\Users\\dell\\Documents\\Github\\saudiex\\vendor\\laravel\\framework\\src\\Illuminate\\Foundation\\Bootstrap\\RegisterProviders.php(17): Illuminate\\Foundation\\Application->registerConfiguredProviders()
#15 C:\\Users\\dell\\Documents\\Github\\saudiex\\vendor\\laravel\\framework\\src\\Illuminate\\Foundation\\Application.php(265): Illuminate\\Foundation\\Bootstrap\\RegisterProviders->bootstrap(Object(Illuminate\\Foundation\\Application))
#16 C:\\Users\\dell\\Documents\\Github\\saudiex\\vendor\\laravel\\framework\\src\\Illuminate\\Foundation\\Console\\Kernel.php(383): Illuminate\\Foundation\\Application->bootstrapWith(Array)
#17 C:\\Users\\dell\\Documents\\Github\\saudiex\\vendor\\laravel\\framework\\src\\Illuminate\\Foundation\\Console\\Kernel.php(153): Illuminate\\Foundation\\Console\\Kernel->bootstrap()
#18 Command line code(1): Illuminate\\Foundation\\Console\\Kernel->handle(Object(Symfony\\Component\\Console\\Input\\ArgvInput), Object(Symfony\\Component\\Console\\Output\\ConsoleOutput))
#19 {main}
"} 
[2025-10-24 11:04:48] local.ERROR: Please provide a valid cache path. {"exception":"[object] (InvalidArgumentException(code: 0): Please provide a valid cache path. at C:\\Users\\dell\\Documents\\Github\\saudiex\\vendor\\laravel\\framework\\src\\Illuminate\\View\\Compilers\\Compiler.php:66)
[stacktrace]
#0 C:\\Users\\dell\\Documents\\Github\\saudiex\\vendor\\laravel\\framework\\src\\Illuminate\\View\\ViewServiceProvider.php(96): Illuminate\\View\\Compilers\\Compiler->__construct(Object(Illuminate\\Filesystem\\Filesystem), false, '', true, 'php')
#1 C:\\Users\\dell\\Documents\\Github\\saudiex\\vendor\\laravel\\framework\\src\\Illuminate\\Container\\Container.php(885): Illuminate\\View\\ViewServiceProvider->Illuminate\\View\\{closure}(Object(Illuminate\\Foundation\\Application), Array)
#2 C:\\Users\\dell\\Documents\\Github\\saudiex\\vendor\\laravel\\framework\\src\\Illuminate\\Container\\Container.php(770): Illuminate\\Container\\Container->build(Object(Closure))
#3 C:\\Users\\dell\\Documents\\Github\\saudiex\\vendor\\laravel\\framework\\src\\Illuminate\\Foundation\\Application.php(881): Illuminate\\Container\\Container->resolve('blade.compiler', Array, true)
#4 C:\\Users\\dell\\Documents\\Github\\saudiex\\vendor\\laravel\\framework\\src\\Illuminate\\Container\\Container.php(706): Illuminate\\Foundation\\Application->resolve('blade.compiler', Array)
#5 C:\\Users\\dell\\Documents\\Github\\saudiex\\vendor\\laravel\\framework\\src\\Illuminate\\Foundation\\Application.php(866): Illuminate\\Container\\Container->make('blade.compiler', Array)
#6 C:\\Users\\dell\\Documents\\Github\\saudiex\\vendor\\laravel\\framework\\src\\Illuminate\\Container\\Container.php(1431): Illuminate\\Foundation\\Application->make('blade.compiler')
#7 C:\\Users\\dell\\Documents\\Github\\saudiex\\vendor\\laravel\\framework\\src\\Illuminate\\Support\\Facades\\Facade.php(222): Illuminate\\Container\\Container->offsetGet('blade.compiler')
#8 C:\\Users\\dell\\Documents\\Github\\saudiex\\vendor\\laravel\\framework\\src\\Illuminate\\Support\\Facades\\Facade.php(193): Illuminate\\Support\\Facades\\Facade::resolveFacadeInstance('blade.compiler')
#9 C:\\Users\\dell\\Documents\\Github\\saudiex\\vendor\\laravel\\framework\\src\\Illuminate\\Support\\Facades\\Facade.php(332): Illuminate\\Support\\Facades\\Facade::getFacadeRoot()
#10 C:\\Users\\dell\\Documents\\Github\\saudiex\\app\\Providers\\AppServiceProvider.php(62): Illuminate\\Support\\Facades\\Facade::__callStatic('withoutDoubleEn...', Array)
#11 C:\\Users\\dell\\Documents\\Github\\saudiex\\vendor\\laravel\\framework\\src\\Illuminate\\Foundation\\Application.php(712): App\\Providers\\AppServiceProvider->register()
#12 C:\\Users\\dell\\Documents\\Github\\saudiex\\vendor\\laravel\\framework\\src\\Illuminate\\Foundation\\ProviderRepository.php(75): Illuminate\\Foundation\\Application->register(Object(App\\Providers\\AppServiceProvider))
#13 C:\\Users\\dell\\Documents\\Github\\saudiex\\vendor\\laravel\\framework\\src\\Illuminate\\Foundation\\Application.php(689): Illuminate\\Foundation\\ProviderRepository->load(Array)
#14 C:\\Users\\dell\\Documents\\Github\\saudiex\\vendor\\laravel\\framework\\src\\Illuminate\\Foundation\\Bootstrap\\RegisterProviders.php(17): Illuminate\\Foundation\\Application->registerConfiguredProviders()
#15 C:\\Users\\dell\\Documents\\Github\\saudiex\\vendor\\laravel\\framework\\src\\Illuminate\\Foundation\\Application.php(265): Illuminate\\Foundation\\Bootstrap\\RegisterProviders->bootstrap(Object(Illuminate\\Foundation\\Application))
#16 C:\\Users\\dell\\Documents\\Github\\saudiex\\vendor\\laravel\\framework\\src\\Illuminate\\Foundation\\Console\\Kernel.php(383): Illuminate\\Foundation\\Application->bootstrapWith(Array)
#17 C:\\Users\\dell\\Documents\\Github\\saudiex\\vendor\\laravel\\framework\\src\\Illuminate\\Foundation\\Console\\Kernel.php(153): Illuminate\\Foundation\\Console\\Kernel->bootstrap()
#18 Command line code(1): Illuminate\\Foundation\\Console\\Kernel->handle(Object(Symfony\\Component\\Console\\Input\\ArgvInput), Object(Symfony\\Component\\Console\\Output\\ConsoleOutput))
#19 {main}
"} 
[2025-10-24 11:04:48] local.ERROR: Please provide a valid cache path. {"exception":"[object] (InvalidArgumentException(code: 0): Please provide a valid cache path. at C:\\Users\\dell\\Documents\\Github\\saudiex\\vendor\\laravel\\framework\\src\\Illuminate\\View\\Compilers\\Compiler.php:66)
[stacktrace]
#0 C:\\Users\\dell\\Documents\\Github\\saudiex\\vendor\\laravel\\framework\\src\\Illuminate\\View\\ViewServiceProvider.php(96): Illuminate\\View\\Compilers\\Compiler->__construct(Object(Illuminate\\Filesystem\\Filesystem), false, '', true, 'php')
#1 C:\\Users\\dell\\Documents\\Github\\saudiex\\vendor\\laravel\\framework\\src\\Illuminate\\Container\\Container.php(885): Illuminate\\View\\ViewServiceProvider->Illuminate\\View\\{closure}(Object(Illuminate\\Foundation\\Application), Array)
#2 C:\\Users\\dell\\Documents\\Github\\saudiex\\vendor\\laravel\\framework\\src\\Illuminate\\Container\\Container.php(770): Illuminate\\Container\\Container->build(Object(Closure))
#3 C:\\Users\\dell\\Documents\\Github\\saudiex\\vendor\\laravel\\framework\\src\\Illuminate\\Foundation\\Application.php(881): Illuminate\\Container\\Container->resolve('blade.compiler', Array, true)
#4 C:\\Users\\dell\\Documents\\Github\\saudiex\\vendor\\laravel\\framework\\src\\Illuminate\\Container\\Container.php(706): Illuminate\\Foundation\\Application->resolve('blade.compiler', Array)
#5 C:\\Users\\dell\\Documents\\Github\\saudiex\\vendor\\laravel\\framework\\src\\Illuminate\\Foundation\\Application.php(866): Illuminate\\Container\\Container->make('blade.compiler', Array)
#6 C:\\Users\\dell\\Documents\\Github\\saudiex\\vendor\\laravel\\framework\\src\\Illuminate\\Container\\Container.php(1431): Illuminate\\Foundation\\Application->make('blade.compiler')
#7 C:\\Users\\dell\\Documents\\Github\\saudiex\\vendor\\laravel\\framework\\src\\Illuminate\\Support\\Facades\\Facade.php(222): Illuminate\\Container\\Container->offsetGet('blade.compiler')
#8 C:\\Users\\dell\\Documents\\Github\\saudiex\\vendor\\laravel\\framework\\src\\Illuminate\\Support\\Facades\\Facade.php(193): Illuminate\\Support\\Facades\\Facade::resolveFacadeInstance('blade.compiler')
#9 C:\\Users\\dell\\Documents\\Github\\saudiex\\vendor\\laravel\\framework\\src\\Illuminate\\Support\\Facades\\Facade.php(332): Illuminate\\Support\\Facades\\Facade::getFacadeRoot()
#10 C:\\Users\\dell\\Documents\\Github\\saudiex\\app\\Providers\\AppServiceProvider.php(62): Illuminate\\Support\\Facades\\Facade::__callStatic('withoutDoubleEn...', Array)
#11 C:\\Users\\dell\\Documents\\Github\\saudiex\\vendor\\laravel\\framework\\src\\Illuminate\\Foundation\\Application.php(712): App\\Providers\\AppServiceProvider->register()
#12 C:\\Users\\dell\\Documents\\Github\\saudiex\\vendor\\laravel\\framework\\src\\Illuminate\\Foundation\\ProviderRepository.php(75): Illuminate\\Foundation\\Application->register(Object(App\\Providers\\AppServiceProvider))
#13 C:\\Users\\dell\\Documents\\Github\\saudiex\\vendor\\laravel\\framework\\src\\Illuminate\\Foundation\\Application.php(689): Illuminate\\Foundation\\ProviderRepository->load(Array)
#14 C:\\Users\\dell\\Documents\\Github\\saudiex\\vendor\\laravel\\framework\\src\\Illuminate\\Foundation\\Bootstrap\\RegisterProviders.php(17): Illuminate\\Foundation\\Application->registerConfiguredProviders()
#15 C:\\Users\\dell\\Documents\\Github\\saudiex\\vendor\\laravel\\framework\\src\\Illuminate\\Foundation\\Application.php(265): Illuminate\\Foundation\\Bootstrap\\RegisterProviders->bootstrap(Object(Illuminate\\Foundation\\Application))
#16 C:\\Users\\dell\\Documents\\Github\\saudiex\\vendor\\laravel\\framework\\src\\Illuminate\\Foundation\\Console\\Kernel.php(383): Illuminate\\Foundation\\Application->bootstrapWith(Array)
#17 C:\\Users\\dell\\Documents\\Github\\saudiex\\vendor\\laravel\\framework\\src\\Illuminate\\Foundation\\Console\\Kernel.php(153): Illuminate\\Foundation\\Console\\Kernel->bootstrap()
#18 Command line code(1): Illuminate\\Foundation\\Console\\Kernel->handle(Object(Symfony\\Component\\Console\\Input\\ArgvInput), Object(Symfony\\Component\\Console\\Output\\ConsoleOutput))
#19 {main}
"} 
[2025-10-24 11:05:48] local.ERROR: Please provide a valid cache path. {"exception":"[object] (InvalidArgumentException(code: 0): Please provide a valid cache path. at C:\\Users\\dell\\Documents\\Github\\saudiex\\vendor\\laravel\\framework\\src\\Illuminate\\View\\Compilers\\Compiler.php:66)
[stacktrace]
#0 C:\\Users\\dell\\Documents\\Github\\saudiex\\vendor\\laravel\\framework\\src\\Illuminate\\View\\ViewServiceProvider.php(96): Illuminate\\View\\Compilers\\Compiler->__construct(Object(Illuminate\\Filesystem\\Filesystem), false, '', true, 'php')
#1 C:\\Users\\dell\\Documents\\Github\\saudiex\\vendor\\laravel\\framework\\src\\Illuminate\\Container\\Container.php(885): Illuminate\\View\\ViewServiceProvider->Illuminate\\View\\{closure}(Object(Illuminate\\Foundation\\Application), Array)
#2 C:\\Users\\dell\\Documents\\Github\\saudiex\\vendor\\laravel\\framework\\src\\Illuminate\\Container\\Container.php(770): Illuminate\\Container\\Container->build(Object(Closure))
#3 C:\\Users\\dell\\Documents\\Github\\saudiex\\vendor\\laravel\\framework\\src\\Illuminate\\Foundation\\Application.php(881): Illuminate\\Container\\Container->resolve('blade.compiler', Array, true)
#4 C:\\Users\\dell\\Documents\\Github\\saudiex\\vendor\\laravel\\framework\\src\\Illuminate\\Container\\Container.php(706): Illuminate\\Foundation\\Application->resolve('blade.compiler', Array)
#5 C:\\Users\\dell\\Documents\\Github\\saudiex\\vendor\\laravel\\framework\\src\\Illuminate\\Foundation\\Application.php(866): Illuminate\\Container\\Container->make('blade.compiler', Array)
#6 C:\\Users\\dell\\Documents\\Github\\saudiex\\vendor\\laravel\\framework\\src\\Illuminate\\Container\\Container.php(1431): Illuminate\\Foundation\\Application->make('blade.compiler')
#7 C:\\Users\\dell\\Documents\\Github\\saudiex\\vendor\\laravel\\framework\\src\\Illuminate\\Support\\Facades\\Facade.php(222): Illuminate\\Container\\Container->offsetGet('blade.compiler')
#8 C:\\Users\\dell\\Documents\\Github\\saudiex\\vendor\\laravel\\framework\\src\\Illuminate\\Support\\Facades\\Facade.php(193): Illuminate\\Support\\Facades\\Facade::resolveFacadeInstance('blade.compiler')
#9 C:\\Users\\dell\\Documents\\Github\\saudiex\\vendor\\laravel\\framework\\src\\Illuminate\\Support\\Facades\\Facade.php(332): Illuminate\\Support\\Facades\\Facade::getFacadeRoot()
#10 C:\\Users\\dell\\Documents\\Github\\saudiex\\app\\Providers\\AppServiceProvider.php(62): Illuminate\\Support\\Facades\\Facade::__callStatic('withoutDoubleEn...', Array)
#11 C:\\Users\\dell\\Documents\\Github\\saudiex\\vendor\\laravel\\framework\\src\\Illuminate\\Foundation\\Application.php(712): App\\Providers\\AppServiceProvider->register()
#12 C:\\Users\\dell\\Documents\\Github\\saudiex\\vendor\\laravel\\framework\\src\\Illuminate\\Foundation\\ProviderRepository.php(75): Illuminate\\Foundation\\Application->register(Object(App\\Providers\\AppServiceProvider))
#13 C:\\Users\\dell\\Documents\\Github\\saudiex\\vendor\\laravel\\framework\\src\\Illuminate\\Foundation\\Application.php(689): Illuminate\\Foundation\\ProviderRepository->load(Array)
#14 C:\\Users\\dell\\Documents\\Github\\saudiex\\vendor\\laravel\\framework\\src\\Illuminate\\Foundation\\Bootstrap\\RegisterProviders.php(17): Illuminate\\Foundation\\Application->registerConfiguredProviders()
#15 C:\\Users\\dell\\Documents\\Github\\saudiex\\vendor\\laravel\\framework\\src\\Illuminate\\Foundation\\Application.php(265): Illuminate\\Foundation\\Bootstrap\\RegisterProviders->bootstrap(Object(Illuminate\\Foundation\\Application))
#16 C:\\Users\\dell\\Documents\\Github\\saudiex\\vendor\\laravel\\framework\\src\\Illuminate\\Foundation\\Console\\Kernel.php(383): Illuminate\\Foundation\\Application->bootstrapWith(Array)
#17 C:\\Users\\dell\\Documents\\Github\\saudiex\\vendor\\laravel\\framework\\src\\Illuminate\\Foundation\\Console\\Kernel.php(153): Illuminate\\Foundation\\Console\\Kernel->bootstrap()
#18 Command line code(1): Illuminate\\Foundation\\Console\\Kernel->handle(Object(Symfony\\Component\\Console\\Input\\ArgvInput), Object(Symfony\\Component\\Console\\Output\\ConsoleOutput))
#19 {main}
"} 
[2025-10-24 11:05:48] local.ERROR: Please provide a valid cache path. {"exception":"[object] (InvalidArgumentException(code: 0): Please provide a valid cache path. at C:\\Users\\dell\\Documents\\Github\\saudiex\\vendor\\laravel\\framework\\src\\Illuminate\\View\\Compilers\\Compiler.php:66)
[stacktrace]
#0 C:\\Users\\dell\\Documents\\Github\\saudiex\\vendor\\laravel\\framework\\src\\Illuminate\\View\\ViewServiceProvider.php(96): Illuminate\\View\\Compilers\\Compiler->__construct(Object(Illuminate\\Filesystem\\Filesystem), false, '', true, 'php')
#1 C:\\Users\\dell\\Documents\\Github\\saudiex\\vendor\\laravel\\framework\\src\\Illuminate\\Container\\Container.php(885): Illuminate\\View\\ViewServiceProvider->Illuminate\\View\\{closure}(Object(Illuminate\\Foundation\\Application), Array)
#2 C:\\Users\\dell\\Documents\\Github\\saudiex\\vendor\\laravel\\framework\\src\\Illuminate\\Container\\Container.php(770): Illuminate\\Container\\Container->build(Object(Closure))
#3 C:\\Users\\dell\\Documents\\Github\\saudiex\\vendor\\laravel\\framework\\src\\Illuminate\\Foundation\\Application.php(881): Illuminate\\Container\\Container->resolve('blade.compiler', Array, true)
#4 C:\\Users\\dell\\Documents\\Github\\saudiex\\vendor\\laravel\\framework\\src\\Illuminate\\Container\\Container.php(706): Illuminate\\Foundation\\Application->resolve('blade.compiler', Array)
#5 C:\\Users\\dell\\Documents\\Github\\saudiex\\vendor\\laravel\\framework\\src\\Illuminate\\Foundation\\Application.php(866): Illuminate\\Container\\Container->make('blade.compiler', Array)
#6 C:\\Users\\dell\\Documents\\Github\\saudiex\\vendor\\laravel\\framework\\src\\Illuminate\\Container\\Container.php(1431): Illuminate\\Foundation\\Application->make('blade.compiler')
#7 C:\\Users\\dell\\Documents\\Github\\saudiex\\vendor\\laravel\\framework\\src\\Illuminate\\Support\\Facades\\Facade.php(222): Illuminate\\Container\\Container->offsetGet('blade.compiler')
#8 C:\\Users\\dell\\Documents\\Github\\saudiex\\vendor\\laravel\\framework\\src\\Illuminate\\Support\\Facades\\Facade.php(193): Illuminate\\Support\\Facades\\Facade::resolveFacadeInstance('blade.compiler')
#9 C:\\Users\\dell\\Documents\\Github\\saudiex\\vendor\\laravel\\framework\\src\\Illuminate\\Support\\Facades\\Facade.php(332): Illuminate\\Support\\Facades\\Facade::getFacadeRoot()
#10 C:\\Users\\dell\\Documents\\Github\\saudiex\\app\\Providers\\AppServiceProvider.php(62): Illuminate\\Support\\Facades\\Facade::__callStatic('withoutDoubleEn...', Array)
#11 C:\\Users\\dell\\Documents\\Github\\saudiex\\vendor\\laravel\\framework\\src\\Illuminate\\Foundation\\Application.php(712): App\\Providers\\AppServiceProvider->register()
#12 C:\\Users\\dell\\Documents\\Github\\saudiex\\vendor\\laravel\\framework\\src\\Illuminate\\Foundation\\ProviderRepository.php(75): Illuminate\\Foundation\\Application->register(Object(App\\Providers\\AppServiceProvider))
#13 C:\\Users\\dell\\Documents\\Github\\saudiex\\vendor\\laravel\\framework\\src\\Illuminate\\Foundation\\Application.php(689): Illuminate\\Foundation\\ProviderRepository->load(Array)
#14 C:\\Users\\dell\\Documents\\Github\\saudiex\\vendor\\laravel\\framework\\src\\Illuminate\\Foundation\\Bootstrap\\RegisterProviders.php(17): Illuminate\\Foundation\\Application->registerConfiguredProviders()
#15 C:\\Users\\dell\\Documents\\Github\\saudiex\\vendor\\laravel\\framework\\src\\Illuminate\\Foundation\\Application.php(265): Illuminate\\Foundation\\Bootstrap\\RegisterProviders->bootstrap(Object(Illuminate\\Foundation\\Application))
#16 C:\\Users\\dell\\Documents\\Github\\saudiex\\vendor\\laravel\\framework\\src\\Illuminate\\Foundation\\Console\\Kernel.php(383): Illuminate\\Foundation\\Application->bootstrapWith(Array)
#17 C:\\Users\\dell\\Documents\\Github\\saudiex\\vendor\\laravel\\framework\\src\\Illuminate\\Foundation\\Console\\Kernel.php(153): Illuminate\\Foundation\\Console\\Kernel->bootstrap()
#18 Command line code(1): Illuminate\\Foundation\\Console\\Kernel->handle(Object(Symfony\\Component\\Console\\Input\\ArgvInput), Object(Symfony\\Component\\Console\\Output\\ConsoleOutput))
#19 {main}
"} 
[2025-10-24 11:06:48] local.ERROR: Please provide a valid cache path. {"exception":"[object] (InvalidArgumentException(code: 0): Please provide a valid cache path. at C:\\Users\\dell\\Documents\\Github\\saudiex\\vendor\\laravel\\framework\\src\\Illuminate\\View\\Compilers\\Compiler.php:66)
[stacktrace]
#0 C:\\Users\\dell\\Documents\\Github\\saudiex\\vendor\\laravel\\framework\\src\\Illuminate\\View\\ViewServiceProvider.php(96): Illuminate\\View\\Compilers\\Compiler->__construct(Object(Illuminate\\Filesystem\\Filesystem), false, '', true, 'php')
#1 C:\\Users\\dell\\Documents\\Github\\saudiex\\vendor\\laravel\\framework\\src\\Illuminate\\Container\\Container.php(885): Illuminate\\View\\ViewServiceProvider->Illuminate\\View\\{closure}(Object(Illuminate\\Foundation\\Application), Array)
#2 C:\\Users\\dell\\Documents\\Github\\saudiex\\vendor\\laravel\\framework\\src\\Illuminate\\Container\\Container.php(770): Illuminate\\Container\\Container->build(Object(Closure))
#3 C:\\Users\\dell\\Documents\\Github\\saudiex\\vendor\\laravel\\framework\\src\\Illuminate\\Foundation\\Application.php(881): Illuminate\\Container\\Container->resolve('blade.compiler', Array, true)
#4 C:\\Users\\dell\\Documents\\Github\\saudiex\\vendor\\laravel\\framework\\src\\Illuminate\\Container\\Container.php(706): Illuminate\\Foundation\\Application->resolve('blade.compiler', Array)
#5 C:\\Users\\dell\\Documents\\Github\\saudiex\\vendor\\laravel\\framework\\src\\Illuminate\\Foundation\\Application.php(866): Illuminate\\Container\\Container->make('blade.compiler', Array)
#6 C:\\Users\\dell\\Documents\\Github\\saudiex\\vendor\\laravel\\framework\\src\\Illuminate\\Container\\Container.php(1431): Illuminate\\Foundation\\Application->make('blade.compiler')
#7 C:\\Users\\dell\\Documents\\Github\\saudiex\\vendor\\laravel\\framework\\src\\Illuminate\\Support\\Facades\\Facade.php(222): Illuminate\\Container\\Container->offsetGet('blade.compiler')
#8 C:\\Users\\dell\\Documents\\Github\\saudiex\\vendor\\laravel\\framework\\src\\Illuminate\\Support\\Facades\\Facade.php(193): Illuminate\\Support\\Facades\\Facade::resolveFacadeInstance('blade.compiler')
#9 C:\\Users\\dell\\Documents\\Github\\saudiex\\vendor\\laravel\\framework\\src\\Illuminate\\Support\\Facades\\Facade.php(332): Illuminate\\Support\\Facades\\Facade::getFacadeRoot()
#10 C:\\Users\\dell\\Documents\\Github\\saudiex\\app\\Providers\\AppServiceProvider.php(62): Illuminate\\Support\\Facades\\Facade::__callStatic('withoutDoubleEn...', Array)
#11 C:\\Users\\dell\\Documents\\Github\\saudiex\\vendor\\laravel\\framework\\src\\Illuminate\\Foundation\\Application.php(712): App\\Providers\\AppServiceProvider->register()
#12 C:\\Users\\dell\\Documents\\Github\\saudiex\\vendor\\laravel\\framework\\src\\Illuminate\\Foundation\\ProviderRepository.php(75): Illuminate\\Foundation\\Application->register(Object(App\\Providers\\AppServiceProvider))
#13 C:\\Users\\dell\\Documents\\Github\\saudiex\\vendor\\laravel\\framework\\src\\Illuminate\\Foundation\\Application.php(689): Illuminate\\Foundation\\ProviderRepository->load(Array)
#14 C:\\Users\\dell\\Documents\\Github\\saudiex\\vendor\\laravel\\framework\\src\\Illuminate\\Foundation\\Bootstrap\\RegisterProviders.php(17): Illuminate\\Foundation\\Application->registerConfiguredProviders()
#15 C:\\Users\\dell\\Documents\\Github\\saudiex\\vendor\\laravel\\framework\\src\\Illuminate\\Foundation\\Application.php(265): Illuminate\\Foundation\\Bootstrap\\RegisterProviders->bootstrap(Object(Illuminate\\Foundation\\Application))
#16 C:\\Users\\dell\\Documents\\Github\\saudiex\\vendor\\laravel\\framework\\src\\Illuminate\\Foundation\\Console\\Kernel.php(383): Illuminate\\Foundation\\Application->bootstrapWith(Array)
#17 C:\\Users\\dell\\Documents\\Github\\saudiex\\vendor\\laravel\\framework\\src\\Illuminate\\Foundation\\Console\\Kernel.php(153): Illuminate\\Foundation\\Console\\Kernel->bootstrap()
#18 Command line code(1): Illuminate\\Foundation\\Console\\Kernel->handle(Object(Symfony\\Component\\Console\\Input\\ArgvInput), Object(Symfony\\Component\\Console\\Output\\ConsoleOutput))
#19 {main}
"} 
[2025-10-24 11:06:48] local.ERROR: Please provide a valid cache path. {"exception":"[object] (InvalidArgumentException(code: 0): Please provide a valid cache path. at C:\\Users\\dell\\Documents\\Github\\saudiex\\vendor\\laravel\\framework\\src\\Illuminate\\View\\Compilers\\Compiler.php:66)
[stacktrace]
#0 C:\\Users\\dell\\Documents\\Github\\saudiex\\vendor\\laravel\\framework\\src\\Illuminate\\View\\ViewServiceProvider.php(96): Illuminate\\View\\Compilers\\Compiler->__construct(Object(Illuminate\\Filesystem\\Filesystem), false, '', true, 'php')
#1 C:\\Users\\dell\\Documents\\Github\\saudiex\\vendor\\laravel\\framework\\src\\Illuminate\\Container\\Container.php(885): Illuminate\\View\\ViewServiceProvider->Illuminate\\View\\{closure}(Object(Illuminate\\Foundation\\Application), Array)
#2 C:\\Users\\dell\\Documents\\Github\\saudiex\\vendor\\laravel\\framework\\src\\Illuminate\\Container\\Container.php(770): Illuminate\\Container\\Container->build(Object(Closure))
#3 C:\\Users\\dell\\Documents\\Github\\saudiex\\vendor\\laravel\\framework\\src\\Illuminate\\Foundation\\Application.php(881): Illuminate\\Container\\Container->resolve('blade.compiler', Array, true)
#4 C:\\Users\\dell\\Documents\\Github\\saudiex\\vendor\\laravel\\framework\\src\\Illuminate\\Container\\Container.php(706): Illuminate\\Foundation\\Application->resolve('blade.compiler', Array)
#5 C:\\Users\\dell\\Documents\\Github\\saudiex\\vendor\\laravel\\framework\\src\\Illuminate\\Foundation\\Application.php(866): Illuminate\\Container\\Container->make('blade.compiler', Array)
#6 C:\\Users\\dell\\Documents\\Github\\saudiex\\vendor\\laravel\\framework\\src\\Illuminate\\Container\\Container.php(1431): Illuminate\\Foundation\\Application->make('blade.compiler')
#7 C:\\Users\\dell\\Documents\\Github\\saudiex\\vendor\\laravel\\framework\\src\\Illuminate\\Support\\Facades\\Facade.php(222): Illuminate\\Container\\Container->offsetGet('blade.compiler')
#8 C:\\Users\\dell\\Documents\\Github\\saudiex\\vendor\\laravel\\framework\\src\\Illuminate\\Support\\Facades\\Facade.php(193): Illuminate\\Support\\Facades\\Facade::resolveFacadeInstance('blade.compiler')
#9 C:\\Users\\dell\\Documents\\Github\\saudiex\\vendor\\laravel\\framework\\src\\Illuminate\\Support\\Facades\\Facade.php(332): Illuminate\\Support\\Facades\\Facade::getFacadeRoot()
#10 C:\\Users\\dell\\Documents\\Github\\saudiex\\app\\Providers\\AppServiceProvider.php(62): Illuminate\\Support\\Facades\\Facade::__callStatic('withoutDoubleEn...', Array)
#11 C:\\Users\\dell\\Documents\\Github\\saudiex\\vendor\\laravel\\framework\\src\\Illuminate\\Foundation\\Application.php(712): App\\Providers\\AppServiceProvider->register()
#12 C:\\Users\\dell\\Documents\\Github\\saudiex\\vendor\\laravel\\framework\\src\\Illuminate\\Foundation\\ProviderRepository.php(75): Illuminate\\Foundation\\Application->register(Object(App\\Providers\\AppServiceProvider))
#13 C:\\Users\\dell\\Documents\\Github\\saudiex\\vendor\\laravel\\framework\\src\\Illuminate\\Foundation\\Application.php(689): Illuminate\\Foundation\\ProviderRepository->load(Array)
#14 C:\\Users\\dell\\Documents\\Github\\saudiex\\vendor\\laravel\\framework\\src\\Illuminate\\Foundation\\Bootstrap\\RegisterProviders.php(17): Illuminate\\Foundation\\Application->registerConfiguredProviders()
#15 C:\\Users\\dell\\Documents\\Github\\saudiex\\vendor\\laravel\\framework\\src\\Illuminate\\Foundation\\Application.php(265): Illuminate\\Foundation\\Bootstrap\\RegisterProviders->bootstrap(Object(Illuminate\\Foundation\\Application))
#16 C:\\Users\\dell\\Documents\\Github\\saudiex\\vendor\\laravel\\framework\\src\\Illuminate\\Foundation\\Console\\Kernel.php(383): Illuminate\\Foundation\\Application->bootstrapWith(Array)
#17 C:\\Users\\dell\\Documents\\Github\\saudiex\\vendor\\laravel\\framework\\src\\Illuminate\\Foundation\\Console\\Kernel.php(153): Illuminate\\Foundation\\Console\\Kernel->bootstrap()
#18 Command line code(1): Illuminate\\Foundation\\Console\\Kernel->handle(Object(Symfony\\Component\\Console\\Input\\ArgvInput), Object(Symfony\\Component\\Console\\Output\\ConsoleOutput))
#19 {main}
"} 
[2025-10-24 11:07:48] local.ERROR: Please provide a valid cache path. {"exception":"[object] (InvalidArgumentException(code: 0): Please provide a valid cache path. at C:\\Users\\dell\\Documents\\Github\\saudiex\\vendor\\laravel\\framework\\src\\Illuminate\\View\\Compilers\\Compiler.php:66)
[stacktrace]
#0 C:\\Users\\dell\\Documents\\Github\\saudiex\\vendor\\laravel\\framework\\src\\Illuminate\\View\\ViewServiceProvider.php(96): Illuminate\\View\\Compilers\\Compiler->__construct(Object(Illuminate\\Filesystem\\Filesystem), false, '', true, 'php')
#1 C:\\Users\\dell\\Documents\\Github\\saudiex\\vendor\\laravel\\framework\\src\\Illuminate\\Container\\Container.php(885): Illuminate\\View\\ViewServiceProvider->Illuminate\\View\\{closure}(Object(Illuminate\\Foundation\\Application), Array)
#2 C:\\Users\\dell\\Documents\\Github\\saudiex\\vendor\\laravel\\framework\\src\\Illuminate\\Container\\Container.php(770): Illuminate\\Container\\Container->build(Object(Closure))
#3 C:\\Users\\dell\\Documents\\Github\\saudiex\\vendor\\laravel\\framework\\src\\Illuminate\\Foundation\\Application.php(881): Illuminate\\Container\\Container->resolve('blade.compiler', Array, true)
#4 C:\\Users\\dell\\Documents\\Github\\saudiex\\vendor\\laravel\\framework\\src\\Illuminate\\Container\\Container.php(706): Illuminate\\Foundation\\Application->resolve('blade.compiler', Array)
#5 C:\\Users\\dell\\Documents\\Github\\saudiex\\vendor\\laravel\\framework\\src\\Illuminate\\Foundation\\Application.php(866): Illuminate\\Container\\Container->make('blade.compiler', Array)
#6 C:\\Users\\dell\\Documents\\Github\\saudiex\\vendor\\laravel\\framework\\src\\Illuminate\\Container\\Container.php(1431): Illuminate\\Foundation\\Application->make('blade.compiler')
#7 C:\\Users\\dell\\Documents\\Github\\saudiex\\vendor\\laravel\\framework\\src\\Illuminate\\Support\\Facades\\Facade.php(222): Illuminate\\Container\\Container->offsetGet('blade.compiler')
#8 C:\\Users\\dell\\Documents\\Github\\saudiex\\vendor\\laravel\\framework\\src\\Illuminate\\Support\\Facades\\Facade.php(193): Illuminate\\Support\\Facades\\Facade::resolveFacadeInstance('blade.compiler')
#9 C:\\Users\\dell\\Documents\\Github\\saudiex\\vendor\\laravel\\framework\\src\\Illuminate\\Support\\Facades\\Facade.php(332): Illuminate\\Support\\Facades\\Facade::getFacadeRoot()
#10 C:\\Users\\dell\\Documents\\Github\\saudiex\\app\\Providers\\AppServiceProvider.php(62): Illuminate\\Support\\Facades\\Facade::__callStatic('withoutDoubleEn...', Array)
#11 C:\\Users\\dell\\Documents\\Github\\saudiex\\vendor\\laravel\\framework\\src\\Illuminate\\Foundation\\Application.php(712): App\\Providers\\AppServiceProvider->register()
#12 C:\\Users\\dell\\Documents\\Github\\saudiex\\vendor\\laravel\\framework\\src\\Illuminate\\Foundation\\ProviderRepository.php(75): Illuminate\\Foundation\\Application->register(Object(App\\Providers\\AppServiceProvider))
#13 C:\\Users\\dell\\Documents\\Github\\saudiex\\vendor\\laravel\\framework\\src\\Illuminate\\Foundation\\Application.php(689): Illuminate\\Foundation\\ProviderRepository->load(Array)
#14 C:\\Users\\dell\\Documents\\Github\\saudiex\\vendor\\laravel\\framework\\src\\Illuminate\\Foundation\\Bootstrap\\RegisterProviders.php(17): Illuminate\\Foundation\\Application->registerConfiguredProviders()
#15 C:\\Users\\dell\\Documents\\Github\\saudiex\\vendor\\laravel\\framework\\src\\Illuminate\\Foundation\\Application.php(265): Illuminate\\Foundation\\Bootstrap\\RegisterProviders->bootstrap(Object(Illuminate\\Foundation\\Application))
#16 C:\\Users\\dell\\Documents\\Github\\saudiex\\vendor\\laravel\\framework\\src\\Illuminate\\Foundation\\Console\\Kernel.php(383): Illuminate\\Foundation\\Application->bootstrapWith(Array)
#17 C:\\Users\\dell\\Documents\\Github\\saudiex\\vendor\\laravel\\framework\\src\\Illuminate\\Foundation\\Console\\Kernel.php(153): Illuminate\\Foundation\\Console\\Kernel->bootstrap()
#18 Command line code(1): Illuminate\\Foundation\\Console\\Kernel->handle(Object(Symfony\\Component\\Console\\Input\\ArgvInput), Object(Symfony\\Component\\Console\\Output\\ConsoleOutput))
#19 {main}
"} 
[2025-10-24 11:07:48] local.ERROR: Please provide a valid cache path. {"exception":"[object] (InvalidArgumentException(code: 0): Please provide a valid cache path. at C:\\Users\\dell\\Documents\\Github\\saudiex\\vendor\\laravel\\framework\\src\\Illuminate\\View\\Compilers\\Compiler.php:66)
[stacktrace]
#0 C:\\Users\\dell\\Documents\\Github\\saudiex\\vendor\\laravel\\framework\\src\\Illuminate\\View\\ViewServiceProvider.php(96): Illuminate\\View\\Compilers\\Compiler->__construct(Object(Illuminate\\Filesystem\\Filesystem), false, '', true, 'php')
#1 C:\\Users\\dell\\Documents\\Github\\saudiex\\vendor\\laravel\\framework\\src\\Illuminate\\Container\\Container.php(885): Illuminate\\View\\ViewServiceProvider->Illuminate\\View\\{closure}(Object(Illuminate\\Foundation\\Application), Array)
#2 C:\\Users\\dell\\Documents\\Github\\saudiex\\vendor\\laravel\\framework\\src\\Illuminate\\Container\\Container.php(770): Illuminate\\Container\\Container->build(Object(Closure))
#3 C:\\Users\\dell\\Documents\\Github\\saudiex\\vendor\\laravel\\framework\\src\\Illuminate\\Foundation\\Application.php(881): Illuminate\\Container\\Container->resolve('blade.compiler', Array, true)
#4 C:\\Users\\dell\\Documents\\Github\\saudiex\\vendor\\laravel\\framework\\src\\Illuminate\\Container\\Container.php(706): Illuminate\\Foundation\\Application->resolve('blade.compiler', Array)
#5 C:\\Users\\dell\\Documents\\Github\\saudiex\\vendor\\laravel\\framework\\src\\Illuminate\\Foundation\\Application.php(866): Illuminate\\Container\\Container->make('blade.compiler', Array)
#6 C:\\Users\\dell\\Documents\\Github\\saudiex\\vendor\\laravel\\framework\\src\\Illuminate\\Container\\Container.php(1431): Illuminate\\Foundation\\Application->make('blade.compiler')
#7 C:\\Users\\dell\\Documents\\Github\\saudiex\\vendor\\laravel\\framework\\src\\Illuminate\\Support\\Facades\\Facade.php(222): Illuminate\\Container\\Container->offsetGet('blade.compiler')
#8 C:\\Users\\dell\\Documents\\Github\\saudiex\\vendor\\laravel\\framework\\src\\Illuminate\\Support\\Facades\\Facade.php(193): Illuminate\\Support\\Facades\\Facade::resolveFacadeInstance('blade.compiler')
#9 C:\\Users\\dell\\Documents\\Github\\saudiex\\vendor\\laravel\\framework\\src\\Illuminate\\Support\\Facades\\Facade.php(332): Illuminate\\Support\\Facades\\Facade::getFacadeRoot()
#10 C:\\Users\\dell\\Documents\\Github\\saudiex\\app\\Providers\\AppServiceProvider.php(62): Illuminate\\Support\\Facades\\Facade::__callStatic('withoutDoubleEn...', Array)
#11 C:\\Users\\dell\\Documents\\Github\\saudiex\\vendor\\laravel\\framework\\src\\Illuminate\\Foundation\\Application.php(712): App\\Providers\\AppServiceProvider->register()
#12 C:\\Users\\dell\\Documents\\Github\\saudiex\\vendor\\laravel\\framework\\src\\Illuminate\\Foundation\\ProviderRepository.php(75): Illuminate\\Foundation\\Application->register(Object(App\\Providers\\AppServiceProvider))
#13 C:\\Users\\dell\\Documents\\Github\\saudiex\\vendor\\laravel\\framework\\src\\Illuminate\\Foundation\\Application.php(689): Illuminate\\Foundation\\ProviderRepository->load(Array)
#14 C:\\Users\\dell\\Documents\\Github\\saudiex\\vendor\\laravel\\framework\\src\\Illuminate\\Foundation\\Bootstrap\\RegisterProviders.php(17): Illuminate\\Foundation\\Application->registerConfiguredProviders()
#15 C:\\Users\\dell\\Documents\\Github\\saudiex\\vendor\\laravel\\framework\\src\\Illuminate\\Foundation\\Application.php(265): Illuminate\\Foundation\\Bootstrap\\RegisterProviders->bootstrap(Object(Illuminate\\Foundation\\Application))
#16 C:\\Users\\dell\\Documents\\Github\\saudiex\\vendor\\laravel\\framework\\src\\Illuminate\\Foundation\\Console\\Kernel.php(383): Illuminate\\Foundation\\Application->bootstrapWith(Array)
#17 C:\\Users\\dell\\Documents\\Github\\saudiex\\vendor\\laravel\\framework\\src\\Illuminate\\Foundation\\Console\\Kernel.php(153): Illuminate\\Foundation\\Console\\Kernel->bootstrap()
#18 Command line code(1): Illuminate\\Foundation\\Console\\Kernel->handle(Object(Symfony\\Component\\Console\\Input\\ArgvInput), Object(Symfony\\Component\\Console\\Output\\ConsoleOutput))
#19 {main}
"} 
[2025-10-24 11:08:19] local.ERROR: Please provide a valid cache path. {"exception":"[object] (InvalidArgumentException(code: 0): Please provide a valid cache path. at C:\\Users\\dell\\Documents\\Github\\saudiex\\vendor\\laravel\\framework\\src\\Illuminate\\View\\Compilers\\Compiler.php:66)
[stacktrace]
#0 C:\\Users\\dell\\Documents\\Github\\saudiex\\vendor\\laravel\\framework\\src\\Illuminate\\View\\ViewServiceProvider.php(96): Illuminate\\View\\Compilers\\Compiler->__construct(Object(Illuminate\\Filesystem\\Filesystem), false, '', true, 'php')
#1 C:\\Users\\dell\\Documents\\Github\\saudiex\\vendor\\laravel\\framework\\src\\Illuminate\\Container\\Container.php(885): Illuminate\\View\\ViewServiceProvider->Illuminate\\View\\{closure}(Object(Illuminate\\Foundation\\Application), Array)
#2 C:\\Users\\dell\\Documents\\Github\\saudiex\\vendor\\laravel\\framework\\src\\Illuminate\\Container\\Container.php(770): Illuminate\\Container\\Container->build(Object(Closure))
#3 C:\\Users\\dell\\Documents\\Github\\saudiex\\vendor\\laravel\\framework\\src\\Illuminate\\Foundation\\Application.php(881): Illuminate\\Container\\Container->resolve('blade.compiler', Array, true)
#4 C:\\Users\\dell\\Documents\\Github\\saudiex\\vendor\\laravel\\framework\\src\\Illuminate\\Container\\Container.php(706): Illuminate\\Foundation\\Application->resolve('blade.compiler', Array)
#5 C:\\Users\\dell\\Documents\\Github\\saudiex\\vendor\\laravel\\framework\\src\\Illuminate\\Foundation\\Application.php(866): Illuminate\\Container\\Container->make('blade.compiler', Array)
#6 C:\\Users\\dell\\Documents\\Github\\saudiex\\vendor\\laravel\\framework\\src\\Illuminate\\Container\\Container.php(1431): Illuminate\\Foundation\\Application->make('blade.compiler')
#7 C:\\Users\\dell\\Documents\\Github\\saudiex\\vendor\\laravel\\framework\\src\\Illuminate\\Support\\Facades\\Facade.php(222): Illuminate\\Container\\Container->offsetGet('blade.compiler')
#8 C:\\Users\\dell\\Documents\\Github\\saudiex\\vendor\\laravel\\framework\\src\\Illuminate\\Support\\Facades\\Facade.php(193): Illuminate\\Support\\Facades\\Facade::resolveFacadeInstance('blade.compiler')
#9 C:\\Users\\dell\\Documents\\Github\\saudiex\\vendor\\laravel\\framework\\src\\Illuminate\\Support\\Facades\\Facade.php(332): Illuminate\\Support\\Facades\\Facade::getFacadeRoot()
#10 C:\\Users\\dell\\Documents\\Github\\saudiex\\app\\Providers\\AppServiceProvider.php(62): Illuminate\\Support\\Facades\\Facade::__callStatic('withoutDoubleEn...', Array)
#11 C:\\Users\\dell\\Documents\\Github\\saudiex\\vendor\\laravel\\framework\\src\\Illuminate\\Foundation\\Application.php(712): App\\Providers\\AppServiceProvider->register()
#12 C:\\Users\\dell\\Documents\\Github\\saudiex\\vendor\\laravel\\framework\\src\\Illuminate\\Foundation\\ProviderRepository.php(75): Illuminate\\Foundation\\Application->register(Object(App\\Providers\\AppServiceProvider))
#13 C:\\Users\\dell\\Documents\\Github\\saudiex\\vendor\\laravel\\framework\\src\\Illuminate\\Foundation\\Application.php(689): Illuminate\\Foundation\\ProviderRepository->load(Array)
#14 C:\\Users\\dell\\Documents\\Github\\saudiex\\vendor\\laravel\\framework\\src\\Illuminate\\Foundation\\Bootstrap\\RegisterProviders.php(17): Illuminate\\Foundation\\Application->registerConfiguredProviders()
#15 C:\\Users\\dell\\Documents\\Github\\saudiex\\vendor\\laravel\\framework\\src\\Illuminate\\Foundation\\Application.php(265): Illuminate\\Foundation\\Bootstrap\\RegisterProviders->bootstrap(Object(Illuminate\\Foundation\\Application))
#16 C:\\Users\\dell\\Documents\\Github\\saudiex\\vendor\\laravel\\framework\\src\\Illuminate\\Foundation\\Console\\Kernel.php(383): Illuminate\\Foundation\\Application->bootstrapWith(Array)
#17 C:\\Users\\dell\\Documents\\Github\\saudiex\\vendor\\laravel\\framework\\src\\Illuminate\\Foundation\\Console\\Kernel.php(153): Illuminate\\Foundation\\Console\\Kernel->bootstrap()
#18 Command line code(1): Illuminate\\Foundation\\Console\\Kernel->handle(Object(Symfony\\Component\\Console\\Input\\ArgvInput), Object(Symfony\\Component\\Console\\Output\\ConsoleOutput))
#19 {main}
"} 
[2025-10-24 11:08:48] local.ERROR: Please provide a valid cache path. {"exception":"[object] (InvalidArgumentException(code: 0): Please provide a valid cache path. at C:\\Users\\dell\\Documents\\Github\\saudiex\\vendor\\laravel\\framework\\src\\Illuminate\\View\\Compilers\\Compiler.php:66)
[stacktrace]
#0 C:\\Users\\dell\\Documents\\Github\\saudiex\\vendor\\laravel\\framework\\src\\Illuminate\\View\\ViewServiceProvider.php(96): Illuminate\\View\\Compilers\\Compiler->__construct(Object(Illuminate\\Filesystem\\Filesystem), false, '', true, 'php')
#1 C:\\Users\\dell\\Documents\\Github\\saudiex\\vendor\\laravel\\framework\\src\\Illuminate\\Container\\Container.php(885): Illuminate\\View\\ViewServiceProvider->Illuminate\\View\\{closure}(Object(Illuminate\\Foundation\\Application), Array)
#2 C:\\Users\\dell\\Documents\\Github\\saudiex\\vendor\\laravel\\framework\\src\\Illuminate\\Container\\Container.php(770): Illuminate\\Container\\Container->build(Object(Closure))
#3 C:\\Users\\dell\\Documents\\Github\\saudiex\\vendor\\laravel\\framework\\src\\Illuminate\\Foundation\\Application.php(881): Illuminate\\Container\\Container->resolve('blade.compiler', Array, true)
#4 C:\\Users\\dell\\Documents\\Github\\saudiex\\vendor\\laravel\\framework\\src\\Illuminate\\Container\\Container.php(706): Illuminate\\Foundation\\Application->resolve('blade.compiler', Array)
#5 C:\\Users\\dell\\Documents\\Github\\saudiex\\vendor\\laravel\\framework\\src\\Illuminate\\Foundation\\Application.php(866): Illuminate\\Container\\Container->make('blade.compiler', Array)
#6 C:\\Users\\dell\\Documents\\Github\\saudiex\\vendor\\laravel\\framework\\src\\Illuminate\\Container\\Container.php(1431): Illuminate\\Foundation\\Application->make('blade.compiler')
#7 C:\\Users\\dell\\Documents\\Github\\saudiex\\vendor\\laravel\\framework\\src\\Illuminate\\Support\\Facades\\Facade.php(222): Illuminate\\Container\\Container->offsetGet('blade.compiler')
#8 C:\\Users\\dell\\Documents\\Github\\saudiex\\vendor\\laravel\\framework\\src\\Illuminate\\Support\\Facades\\Facade.php(193): Illuminate\\Support\\Facades\\Facade::resolveFacadeInstance('blade.compiler')
#9 C:\\Users\\dell\\Documents\\Github\\saudiex\\vendor\\laravel\\framework\\src\\Illuminate\\Support\\Facades\\Facade.php(332): Illuminate\\Support\\Facades\\Facade::getFacadeRoot()
#10 C:\\Users\\dell\\Documents\\Github\\saudiex\\app\\Providers\\AppServiceProvider.php(62): Illuminate\\Support\\Facades\\Facade::__callStatic('withoutDoubleEn...', Array)
#11 C:\\Users\\dell\\Documents\\Github\\saudiex\\vendor\\laravel\\framework\\src\\Illuminate\\Foundation\\Application.php(712): App\\Providers\\AppServiceProvider->register()
#12 C:\\Users\\dell\\Documents\\Github\\saudiex\\vendor\\laravel\\framework\\src\\Illuminate\\Foundation\\ProviderRepository.php(75): Illuminate\\Foundation\\Application->register(Object(App\\Providers\\AppServiceProvider))
#13 C:\\Users\\dell\\Documents\\Github\\saudiex\\vendor\\laravel\\framework\\src\\Illuminate\\Foundation\\Application.php(689): Illuminate\\Foundation\\ProviderRepository->load(Array)
#14 C:\\Users\\dell\\Documents\\Github\\saudiex\\vendor\\laravel\\framework\\src\\Illuminate\\Foundation\\Bootstrap\\RegisterProviders.php(17): Illuminate\\Foundation\\Application->registerConfiguredProviders()
#15 C:\\Users\\dell\\Documents\\Github\\saudiex\\vendor\\laravel\\framework\\src\\Illuminate\\Foundation\\Application.php(265): Illuminate\\Foundation\\Bootstrap\\RegisterProviders->bootstrap(Object(Illuminate\\Foundation\\Application))
#16 C:\\Users\\dell\\Documents\\Github\\saudiex\\vendor\\laravel\\framework\\src\\Illuminate\\Foundation\\Console\\Kernel.php(383): Illuminate\\Foundation\\Application->bootstrapWith(Array)
#17 C:\\Users\\dell\\Documents\\Github\\saudiex\\vendor\\laravel\\framework\\src\\Illuminate\\Foundation\\Console\\Kernel.php(153): Illuminate\\Foundation\\Console\\Kernel->bootstrap()
#18 Command line code(1): Illuminate\\Foundation\\Console\\Kernel->handle(Object(Symfony\\Component\\Console\\Input\\ArgvInput), Object(Symfony\\Component\\Console\\Output\\ConsoleOutput))
#19 {main}
"} 
[2025-10-24 11:08:48] local.ERROR: Please provide a valid cache path. {"exception":"[object] (InvalidArgumentException(code: 0): Please provide a valid cache path. at C:\\Users\\dell\\Documents\\Github\\saudiex\\vendor\\laravel\\framework\\src\\Illuminate\\View\\Compilers\\Compiler.php:66)
[stacktrace]
#0 C:\\Users\\dell\\Documents\\Github\\saudiex\\vendor\\laravel\\framework\\src\\Illuminate\\View\\ViewServiceProvider.php(96): Illuminate\\View\\Compilers\\Compiler->__construct(Object(Illuminate\\Filesystem\\Filesystem), false, '', true, 'php')
#1 C:\\Users\\dell\\Documents\\Github\\saudiex\\vendor\\laravel\\framework\\src\\Illuminate\\Container\\Container.php(885): Illuminate\\View\\ViewServiceProvider->Illuminate\\View\\{closure}(Object(Illuminate\\Foundation\\Application), Array)
#2 C:\\Users\\dell\\Documents\\Github\\saudiex\\vendor\\laravel\\framework\\src\\Illuminate\\Container\\Container.php(770): Illuminate\\Container\\Container->build(Object(Closure))
#3 C:\\Users\\dell\\Documents\\Github\\saudiex\\vendor\\laravel\\framework\\src\\Illuminate\\Foundation\\Application.php(881): Illuminate\\Container\\Container->resolve('blade.compiler', Array, true)
#4 C:\\Users\\dell\\Documents\\Github\\saudiex\\vendor\\laravel\\framework\\src\\Illuminate\\Container\\Container.php(706): Illuminate\\Foundation\\Application->resolve('blade.compiler', Array)
#5 C:\\Users\\dell\\Documents\\Github\\saudiex\\vendor\\laravel\\framework\\src\\Illuminate\\Foundation\\Application.php(866): Illuminate\\Container\\Container->make('blade.compiler', Array)
#6 C:\\Users\\dell\\Documents\\Github\\saudiex\\vendor\\laravel\\framework\\src\\Illuminate\\Container\\Container.php(1431): Illuminate\\Foundation\\Application->make('blade.compiler')
#7 C:\\Users\\dell\\Documents\\Github\\saudiex\\vendor\\laravel\\framework\\src\\Illuminate\\Support\\Facades\\Facade.php(222): Illuminate\\Container\\Container->offsetGet('blade.compiler')
#8 C:\\Users\\dell\\Documents\\Github\\saudiex\\vendor\\laravel\\framework\\src\\Illuminate\\Support\\Facades\\Facade.php(193): Illuminate\\Support\\Facades\\Facade::resolveFacadeInstance('blade.compiler')
#9 C:\\Users\\dell\\Documents\\Github\\saudiex\\vendor\\laravel\\framework\\src\\Illuminate\\Support\\Facades\\Facade.php(332): Illuminate\\Support\\Facades\\Facade::getFacadeRoot()
#10 C:\\Users\\dell\\Documents\\Github\\saudiex\\app\\Providers\\AppServiceProvider.php(62): Illuminate\\Support\\Facades\\Facade::__callStatic('withoutDoubleEn...', Array)
#11 C:\\Users\\dell\\Documents\\Github\\saudiex\\vendor\\laravel\\framework\\src\\Illuminate\\Foundation\\Application.php(712): App\\Providers\\AppServiceProvider->register()
#12 C:\\Users\\dell\\Documents\\Github\\saudiex\\vendor\\laravel\\framework\\src\\Illuminate\\Foundation\\ProviderRepository.php(75): Illuminate\\Foundation\\Application->register(Object(App\\Providers\\AppServiceProvider))
#13 C:\\Users\\dell\\Documents\\Github\\saudiex\\vendor\\laravel\\framework\\src\\Illuminate\\Foundation\\Application.php(689): Illuminate\\Foundation\\ProviderRepository->load(Array)
#14 C:\\Users\\dell\\Documents\\Github\\saudiex\\vendor\\laravel\\framework\\src\\Illuminate\\Foundation\\Bootstrap\\RegisterProviders.php(17): Illuminate\\Foundation\\Application->registerConfiguredProviders()
#15 C:\\Users\\dell\\Documents\\Github\\saudiex\\vendor\\laravel\\framework\\src\\Illuminate\\Foundation\\Application.php(265): Illuminate\\Foundation\\Bootstrap\\RegisterProviders->bootstrap(Object(Illuminate\\Foundation\\Application))
#16 C:\\Users\\dell\\Documents\\Github\\saudiex\\vendor\\laravel\\framework\\src\\Illuminate\\Foundation\\Console\\Kernel.php(383): Illuminate\\Foundation\\Application->bootstrapWith(Array)
#17 C:\\Users\\dell\\Documents\\Github\\saudiex\\vendor\\laravel\\framework\\src\\Illuminate\\Foundation\\Console\\Kernel.php(153): Illuminate\\Foundation\\Console\\Kernel->bootstrap()
#18 Command line code(1): Illuminate\\Foundation\\Console\\Kernel->handle(Object(Symfony\\Component\\Console\\Input\\ArgvInput), Object(Symfony\\Component\\Console\\Output\\ConsoleOutput))
#19 {main}
"} 
[2025-10-24 11:09:48] local.ERROR: Please provide a valid cache path. {"exception":"[object] (InvalidArgumentException(code: 0): Please provide a valid cache path. at C:\\Users\\dell\\Documents\\Github\\saudiex\\vendor\\laravel\\framework\\src\\Illuminate\\View\\Compilers\\Compiler.php:66)
[stacktrace]
#0 C:\\Users\\dell\\Documents\\Github\\saudiex\\vendor\\laravel\\framework\\src\\Illuminate\\View\\ViewServiceProvider.php(96): Illuminate\\View\\Compilers\\Compiler->__construct(Object(Illuminate\\Filesystem\\Filesystem), false, '', true, 'php')
#1 C:\\Users\\dell\\Documents\\Github\\saudiex\\vendor\\laravel\\framework\\src\\Illuminate\\Container\\Container.php(885): Illuminate\\View\\ViewServiceProvider->Illuminate\\View\\{closure}(Object(Illuminate\\Foundation\\Application), Array)
#2 C:\\Users\\dell\\Documents\\Github\\saudiex\\vendor\\laravel\\framework\\src\\Illuminate\\Container\\Container.php(770): Illuminate\\Container\\Container->build(Object(Closure))
#3 C:\\Users\\dell\\Documents\\Github\\saudiex\\vendor\\laravel\\framework\\src\\Illuminate\\Foundation\\Application.php(881): Illuminate\\Container\\Container->resolve('blade.compiler', Array, true)
#4 C:\\Users\\dell\\Documents\\Github\\saudiex\\vendor\\laravel\\framework\\src\\Illuminate\\Container\\Container.php(706): Illuminate\\Foundation\\Application->resolve('blade.compiler', Array)
#5 C:\\Users\\dell\\Documents\\Github\\saudiex\\vendor\\laravel\\framework\\src\\Illuminate\\Foundation\\Application.php(866): Illuminate\\Container\\Container->make('blade.compiler', Array)
#6 C:\\Users\\dell\\Documents\\Github\\saudiex\\vendor\\laravel\\framework\\src\\Illuminate\\Container\\Container.php(1431): Illuminate\\Foundation\\Application->make('blade.compiler')
#7 C:\\Users\\dell\\Documents\\Github\\saudiex\\vendor\\laravel\\framework\\src\\Illuminate\\Support\\Facades\\Facade.php(222): Illuminate\\Container\\Container->offsetGet('blade.compiler')
#8 C:\\Users\\dell\\Documents\\Github\\saudiex\\vendor\\laravel\\framework\\src\\Illuminate\\Support\\Facades\\Facade.php(193): Illuminate\\Support\\Facades\\Facade::resolveFacadeInstance('blade.compiler')
#9 C:\\Users\\dell\\Documents\\Github\\saudiex\\vendor\\laravel\\framework\\src\\Illuminate\\Support\\Facades\\Facade.php(332): Illuminate\\Support\\Facades\\Facade::getFacadeRoot()
#10 C:\\Users\\dell\\Documents\\Github\\saudiex\\app\\Providers\\AppServiceProvider.php(62): Illuminate\\Support\\Facades\\Facade::__callStatic('withoutDoubleEn...', Array)
#11 C:\\Users\\dell\\Documents\\Github\\saudiex\\vendor\\laravel\\framework\\src\\Illuminate\\Foundation\\Application.php(712): App\\Providers\\AppServiceProvider->register()
#12 C:\\Users\\dell\\Documents\\Github\\saudiex\\vendor\\laravel\\framework\\src\\Illuminate\\Foundation\\ProviderRepository.php(75): Illuminate\\Foundation\\Application->register(Object(App\\Providers\\AppServiceProvider))
#13 C:\\Users\\dell\\Documents\\Github\\saudiex\\vendor\\laravel\\framework\\src\\Illuminate\\Foundation\\Application.php(689): Illuminate\\Foundation\\ProviderRepository->load(Array)
#14 C:\\Users\\dell\\Documents\\Github\\saudiex\\vendor\\laravel\\framework\\src\\Illuminate\\Foundation\\Bootstrap\\RegisterProviders.php(17): Illuminate\\Foundation\\Application->registerConfiguredProviders()
#15 C:\\Users\\dell\\Documents\\Github\\saudiex\\vendor\\laravel\\framework\\src\\Illuminate\\Foundation\\Application.php(265): Illuminate\\Foundation\\Bootstrap\\RegisterProviders->bootstrap(Object(Illuminate\\Foundation\\Application))
#16 C:\\Users\\dell\\Documents\\Github\\saudiex\\vendor\\laravel\\framework\\src\\Illuminate\\Foundation\\Console\\Kernel.php(383): Illuminate\\Foundation\\Application->bootstrapWith(Array)
#17 C:\\Users\\dell\\Documents\\Github\\saudiex\\vendor\\laravel\\framework\\src\\Illuminate\\Foundation\\Console\\Kernel.php(153): Illuminate\\Foundation\\Console\\Kernel->bootstrap()
#18 Command line code(1): Illuminate\\Foundation\\Console\\Kernel->handle(Object(Symfony\\Component\\Console\\Input\\ArgvInput), Object(Symfony\\Component\\Console\\Output\\ConsoleOutput))
#19 {main}
"} 
[2025-10-24 11:10:48] local.ERROR: Please provide a valid cache path. {"exception":"[object] (InvalidArgumentException(code: 0): Please provide a valid cache path. at C:\\Users\\dell\\Documents\\Github\\saudiex\\vendor\\laravel\\framework\\src\\Illuminate\\View\\Compilers\\Compiler.php:66)
[stacktrace]
#0 C:\\Users\\dell\\Documents\\Github\\saudiex\\vendor\\laravel\\framework\\src\\Illuminate\\View\\ViewServiceProvider.php(96): Illuminate\\View\\Compilers\\Compiler->__construct(Object(Illuminate\\Filesystem\\Filesystem), false, '', true, 'php')
#1 C:\\Users\\dell\\Documents\\Github\\saudiex\\vendor\\laravel\\framework\\src\\Illuminate\\Container\\Container.php(885): Illuminate\\View\\ViewServiceProvider->Illuminate\\View\\{closure}(Object(Illuminate\\Foundation\\Application), Array)
#2 C:\\Users\\dell\\Documents\\Github\\saudiex\\vendor\\laravel\\framework\\src\\Illuminate\\Container\\Container.php(770): Illuminate\\Container\\Container->build(Object(Closure))
#3 C:\\Users\\dell\\Documents\\Github\\saudiex\\vendor\\laravel\\framework\\src\\Illuminate\\Foundation\\Application.php(881): Illuminate\\Container\\Container->resolve('blade.compiler', Array, true)
#4 C:\\Users\\dell\\Documents\\Github\\saudiex\\vendor\\laravel\\framework\\src\\Illuminate\\Container\\Container.php(706): Illuminate\\Foundation\\Application->resolve('blade.compiler', Array)
#5 C:\\Users\\dell\\Documents\\Github\\saudiex\\vendor\\laravel\\framework\\src\\Illuminate\\Foundation\\Application.php(866): Illuminate\\Container\\Container->make('blade.compiler', Array)
#6 C:\\Users\\dell\\Documents\\Github\\saudiex\\vendor\\laravel\\framework\\src\\Illuminate\\Container\\Container.php(1431): Illuminate\\Foundation\\Application->make('blade.compiler')
#7 C:\\Users\\dell\\Documents\\Github\\saudiex\\vendor\\laravel\\framework\\src\\Illuminate\\Support\\Facades\\Facade.php(222): Illuminate\\Container\\Container->offsetGet('blade.compiler')
#8 C:\\Users\\dell\\Documents\\Github\\saudiex\\vendor\\laravel\\framework\\src\\Illuminate\\Support\\Facades\\Facade.php(193): Illuminate\\Support\\Facades\\Facade::resolveFacadeInstance('blade.compiler')
#9 C:\\Users\\dell\\Documents\\Github\\saudiex\\vendor\\laravel\\framework\\src\\Illuminate\\Support\\Facades\\Facade.php(332): Illuminate\\Support\\Facades\\Facade::getFacadeRoot()
#10 C:\\Users\\dell\\Documents\\Github\\saudiex\\app\\Providers\\AppServiceProvider.php(62): Illuminate\\Support\\Facades\\Facade::__callStatic('withoutDoubleEn...', Array)
#11 C:\\Users\\dell\\Documents\\Github\\saudiex\\vendor\\laravel\\framework\\src\\Illuminate\\Foundation\\Application.php(712): App\\Providers\\AppServiceProvider->register()
#12 C:\\Users\\dell\\Documents\\Github\\saudiex\\vendor\\laravel\\framework\\src\\Illuminate\\Foundation\\ProviderRepository.php(75): Illuminate\\Foundation\\Application->register(Object(App\\Providers\\AppServiceProvider))
#13 C:\\Users\\dell\\Documents\\Github\\saudiex\\vendor\\laravel\\framework\\src\\Illuminate\\Foundation\\Application.php(689): Illuminate\\Foundation\\ProviderRepository->load(Array)
#14 C:\\Users\\dell\\Documents\\Github\\saudiex\\vendor\\laravel\\framework\\src\\Illuminate\\Foundation\\Bootstrap\\RegisterProviders.php(17): Illuminate\\Foundation\\Application->registerConfiguredProviders()
#15 C:\\Users\\dell\\Documents\\Github\\saudiex\\vendor\\laravel\\framework\\src\\Illuminate\\Foundation\\Application.php(265): Illuminate\\Foundation\\Bootstrap\\RegisterProviders->bootstrap(Object(Illuminate\\Foundation\\Application))
#16 C:\\Users\\dell\\Documents\\Github\\saudiex\\vendor\\laravel\\framework\\src\\Illuminate\\Foundation\\Console\\Kernel.php(383): Illuminate\\Foundation\\Application->bootstrapWith(Array)
#17 C:\\Users\\dell\\Documents\\Github\\saudiex\\vendor\\laravel\\framework\\src\\Illuminate\\Foundation\\Console\\Kernel.php(153): Illuminate\\Foundation\\Console\\Kernel->bootstrap()
#18 Command line code(1): Illuminate\\Foundation\\Console\\Kernel->handle(Object(Symfony\\Component\\Console\\Input\\ArgvInput), Object(Symfony\\Component\\Console\\Output\\ConsoleOutput))
#19 {main}
"} 
[2025-10-24 11:10:48] local.ERROR: Please provide a valid cache path. {"exception":"[object] (InvalidArgumentException(code: 0): Please provide a valid cache path. at C:\\Users\\dell\\Documents\\Github\\saudiex\\vendor\\laravel\\framework\\src\\Illuminate\\View\\Compilers\\Compiler.php:66)
[stacktrace]
#0 C:\\Users\\dell\\Documents\\Github\\saudiex\\vendor\\laravel\\framework\\src\\Illuminate\\View\\ViewServiceProvider.php(96): Illuminate\\View\\Compilers\\Compiler->__construct(Object(Illuminate\\Filesystem\\Filesystem), false, '', true, 'php')
#1 C:\\Users\\dell\\Documents\\Github\\saudiex\\vendor\\laravel\\framework\\src\\Illuminate\\Container\\Container.php(885): Illuminate\\View\\ViewServiceProvider->Illuminate\\View\\{closure}(Object(Illuminate\\Foundation\\Application), Array)
#2 C:\\Users\\dell\\Documents\\Github\\saudiex\\vendor\\laravel\\framework\\src\\Illuminate\\Container\\Container.php(770): Illuminate\\Container\\Container->build(Object(Closure))
#3 C:\\Users\\dell\\Documents\\Github\\saudiex\\vendor\\laravel\\framework\\src\\Illuminate\\Foundation\\Application.php(881): Illuminate\\Container\\Container->resolve('blade.compiler', Array, true)
#4 C:\\Users\\dell\\Documents\\Github\\saudiex\\vendor\\laravel\\framework\\src\\Illuminate\\Container\\Container.php(706): Illuminate\\Foundation\\Application->resolve('blade.compiler', Array)
#5 C:\\Users\\dell\\Documents\\Github\\saudiex\\vendor\\laravel\\framework\\src\\Illuminate\\Foundation\\Application.php(866): Illuminate\\Container\\Container->make('blade.compiler', Array)
#6 C:\\Users\\dell\\Documents\\Github\\saudiex\\vendor\\laravel\\framework\\src\\Illuminate\\Container\\Container.php(1431): Illuminate\\Foundation\\Application->make('blade.compiler')
#7 C:\\Users\\dell\\Documents\\Github\\saudiex\\vendor\\laravel\\framework\\src\\Illuminate\\Support\\Facades\\Facade.php(222): Illuminate\\Container\\Container->offsetGet('blade.compiler')
#8 C:\\Users\\dell\\Documents\\Github\\saudiex\\vendor\\laravel\\framework\\src\\Illuminate\\Support\\Facades\\Facade.php(193): Illuminate\\Support\\Facades\\Facade::resolveFacadeInstance('blade.compiler')
#9 C:\\Users\\dell\\Documents\\Github\\saudiex\\vendor\\laravel\\framework\\src\\Illuminate\\Support\\Facades\\Facade.php(332): Illuminate\\Support\\Facades\\Facade::getFacadeRoot()
#10 C:\\Users\\dell\\Documents\\Github\\saudiex\\app\\Providers\\AppServiceProvider.php(62): Illuminate\\Support\\Facades\\Facade::__callStatic('withoutDoubleEn...', Array)
#11 C:\\Users\\dell\\Documents\\Github\\saudiex\\vendor\\laravel\\framework\\src\\Illuminate\\Foundation\\Application.php(712): App\\Providers\\AppServiceProvider->register()
#12 C:\\Users\\dell\\Documents\\Github\\saudiex\\vendor\\laravel\\framework\\src\\Illuminate\\Foundation\\ProviderRepository.php(75): Illuminate\\Foundation\\Application->register(Object(App\\Providers\\AppServiceProvider))
#13 C:\\Users\\dell\\Documents\\Github\\saudiex\\vendor\\laravel\\framework\\src\\Illuminate\\Foundation\\Application.php(689): Illuminate\\Foundation\\ProviderRepository->load(Array)
#14 C:\\Users\\dell\\Documents\\Github\\saudiex\\vendor\\laravel\\framework\\src\\Illuminate\\Foundation\\Bootstrap\\RegisterProviders.php(17): Illuminate\\Foundation\\Application->registerConfiguredProviders()
#15 C:\\Users\\dell\\Documents\\Github\\saudiex\\vendor\\laravel\\framework\\src\\Illuminate\\Foundation\\Application.php(265): Illuminate\\Foundation\\Bootstrap\\RegisterProviders->bootstrap(Object(Illuminate\\Foundation\\Application))
#16 C:\\Users\\dell\\Documents\\Github\\saudiex\\vendor\\laravel\\framework\\src\\Illuminate\\Foundation\\Console\\Kernel.php(383): Illuminate\\Foundation\\Application->bootstrapWith(Array)
#17 C:\\Users\\dell\\Documents\\Github\\saudiex\\vendor\\laravel\\framework\\src\\Illuminate\\Foundation\\Console\\Kernel.php(153): Illuminate\\Foundation\\Console\\Kernel->bootstrap()
#18 Command line code(1): Illuminate\\Foundation\\Console\\Kernel->handle(Object(Symfony\\Component\\Console\\Input\\ArgvInput), Object(Symfony\\Component\\Console\\Output\\ConsoleOutput))
#19 {main}
"} 
[2025-10-24 11:11:48] local.ERROR: Please provide a valid cache path. {"exception":"[object] (InvalidArgumentException(code: 0): Please provide a valid cache path. at C:\\Users\\dell\\Documents\\Github\\saudiex\\vendor\\laravel\\framework\\src\\Illuminate\\View\\Compilers\\Compiler.php:66)
[stacktrace]
#0 C:\\Users\\dell\\Documents\\Github\\saudiex\\vendor\\laravel\\framework\\src\\Illuminate\\View\\ViewServiceProvider.php(96): Illuminate\\View\\Compilers\\Compiler->__construct(Object(Illuminate\\Filesystem\\Filesystem), false, '', true, 'php')
#1 C:\\Users\\dell\\Documents\\Github\\saudiex\\vendor\\laravel\\framework\\src\\Illuminate\\Container\\Container.php(885): Illuminate\\View\\ViewServiceProvider->Illuminate\\View\\{closure}(Object(Illuminate\\Foundation\\Application), Array)
#2 C:\\Users\\dell\\Documents\\Github\\saudiex\\vendor\\laravel\\framework\\src\\Illuminate\\Container\\Container.php(770): Illuminate\\Container\\Container->build(Object(Closure))
#3 C:\\Users\\dell\\Documents\\Github\\saudiex\\vendor\\laravel\\framework\\src\\Illuminate\\Foundation\\Application.php(881): Illuminate\\Container\\Container->resolve('blade.compiler', Array, true)
#4 C:\\Users\\dell\\Documents\\Github\\saudiex\\vendor\\laravel\\framework\\src\\Illuminate\\Container\\Container.php(706): Illuminate\\Foundation\\Application->resolve('blade.compiler', Array)
#5 C:\\Users\\dell\\Documents\\Github\\saudiex\\vendor\\laravel\\framework\\src\\Illuminate\\Foundation\\Application.php(866): Illuminate\\Container\\Container->make('blade.compiler', Array)
#6 C:\\Users\\dell\\Documents\\Github\\saudiex\\vendor\\laravel\\framework\\src\\Illuminate\\Container\\Container.php(1431): Illuminate\\Foundation\\Application->make('blade.compiler')
#7 C:\\Users\\dell\\Documents\\Github\\saudiex\\vendor\\laravel\\framework\\src\\Illuminate\\Support\\Facades\\Facade.php(222): Illuminate\\Container\\Container->offsetGet('blade.compiler')
#8 C:\\Users\\dell\\Documents\\Github\\saudiex\\vendor\\laravel\\framework\\src\\Illuminate\\Support\\Facades\\Facade.php(193): Illuminate\\Support\\Facades\\Facade::resolveFacadeInstance('blade.compiler')
#9 C:\\Users\\dell\\Documents\\Github\\saudiex\\vendor\\laravel\\framework\\src\\Illuminate\\Support\\Facades\\Facade.php(332): Illuminate\\Support\\Facades\\Facade::getFacadeRoot()
#10 C:\\Users\\dell\\Documents\\Github\\saudiex\\app\\Providers\\AppServiceProvider.php(62): Illuminate\\Support\\Facades\\Facade::__callStatic('withoutDoubleEn...', Array)
#11 C:\\Users\\dell\\Documents\\Github\\saudiex\\vendor\\laravel\\framework\\src\\Illuminate\\Foundation\\Application.php(712): App\\Providers\\AppServiceProvider->register()
#12 C:\\Users\\dell\\Documents\\Github\\saudiex\\vendor\\laravel\\framework\\src\\Illuminate\\Foundation\\ProviderRepository.php(75): Illuminate\\Foundation\\Application->register(Object(App\\Providers\\AppServiceProvider))
#13 C:\\Users\\dell\\Documents\\Github\\saudiex\\vendor\\laravel\\framework\\src\\Illuminate\\Foundation\\Application.php(689): Illuminate\\Foundation\\ProviderRepository->load(Array)
#14 C:\\Users\\dell\\Documents\\Github\\saudiex\\vendor\\laravel\\framework\\src\\Illuminate\\Foundation\\Bootstrap\\RegisterProviders.php(17): Illuminate\\Foundation\\Application->registerConfiguredProviders()
#15 C:\\Users\\dell\\Documents\\Github\\saudiex\\vendor\\laravel\\framework\\src\\Illuminate\\Foundation\\Application.php(265): Illuminate\\Foundation\\Bootstrap\\RegisterProviders->bootstrap(Object(Illuminate\\Foundation\\Application))
#16 C:\\Users\\dell\\Documents\\Github\\saudiex\\vendor\\laravel\\framework\\src\\Illuminate\\Foundation\\Console\\Kernel.php(383): Illuminate\\Foundation\\Application->bootstrapWith(Array)
#17 C:\\Users\\dell\\Documents\\Github\\saudiex\\vendor\\laravel\\framework\\src\\Illuminate\\Foundation\\Console\\Kernel.php(153): Illuminate\\Foundation\\Console\\Kernel->bootstrap()
#18 Command line code(1): Illuminate\\Foundation\\Console\\Kernel->handle(Object(Symfony\\Component\\Console\\Input\\ArgvInput), Object(Symfony\\Component\\Console\\Output\\ConsoleOutput))
#19 {main}
"} 
[2025-10-24 11:11:48] local.ERROR: Please provide a valid cache path. {"exception":"[object] (InvalidArgumentException(code: 0): Please provide a valid cache path. at C:\\Users\\dell\\Documents\\Github\\saudiex\\vendor\\laravel\\framework\\src\\Illuminate\\View\\Compilers\\Compiler.php:66)
[stacktrace]
#0 C:\\Users\\dell\\Documents\\Github\\saudiex\\vendor\\laravel\\framework\\src\\Illuminate\\View\\ViewServiceProvider.php(96): Illuminate\\View\\Compilers\\Compiler->__construct(Object(Illuminate\\Filesystem\\Filesystem), false, '', true, 'php')
#1 C:\\Users\\dell\\Documents\\Github\\saudiex\\vendor\\laravel\\framework\\src\\Illuminate\\Container\\Container.php(885): Illuminate\\View\\ViewServiceProvider->Illuminate\\View\\{closure}(Object(Illuminate\\Foundation\\Application), Array)
#2 C:\\Users\\dell\\Documents\\Github\\saudiex\\vendor\\laravel\\framework\\src\\Illuminate\\Container\\Container.php(770): Illuminate\\Container\\Container->build(Object(Closure))
#3 C:\\Users\\dell\\Documents\\Github\\saudiex\\vendor\\laravel\\framework\\src\\Illuminate\\Foundation\\Application.php(881): Illuminate\\Container\\Container->resolve('blade.compiler', Array, true)
#4 C:\\Users\\dell\\Documents\\Github\\saudiex\\vendor\\laravel\\framework\\src\\Illuminate\\Container\\Container.php(706): Illuminate\\Foundation\\Application->resolve('blade.compiler', Array)
#5 C:\\Users\\dell\\Documents\\Github\\saudiex\\vendor\\laravel\\framework\\src\\Illuminate\\Foundation\\Application.php(866): Illuminate\\Container\\Container->make('blade.compiler', Array)
#6 C:\\Users\\dell\\Documents\\Github\\saudiex\\vendor\\laravel\\framework\\src\\Illuminate\\Container\\Container.php(1431): Illuminate\\Foundation\\Application->make('blade.compiler')
#7 C:\\Users\\dell\\Documents\\Github\\saudiex\\vendor\\laravel\\framework\\src\\Illuminate\\Support\\Facades\\Facade.php(222): Illuminate\\Container\\Container->offsetGet('blade.compiler')
#8 C:\\Users\\dell\\Documents\\Github\\saudiex\\vendor\\laravel\\framework\\src\\Illuminate\\Support\\Facades\\Facade.php(193): Illuminate\\Support\\Facades\\Facade::resolveFacadeInstance('blade.compiler')
#9 C:\\Users\\dell\\Documents\\Github\\saudiex\\vendor\\laravel\\framework\\src\\Illuminate\\Support\\Facades\\Facade.php(332): Illuminate\\Support\\Facades\\Facade::getFacadeRoot()
#10 C:\\Users\\dell\\Documents\\Github\\saudiex\\app\\Providers\\AppServiceProvider.php(62): Illuminate\\Support\\Facades\\Facade::__callStatic('withoutDoubleEn...', Array)
#11 C:\\Users\\dell\\Documents\\Github\\saudiex\\vendor\\laravel\\framework\\src\\Illuminate\\Foundation\\Application.php(712): App\\Providers\\AppServiceProvider->register()
#12 C:\\Users\\dell\\Documents\\Github\\saudiex\\vendor\\laravel\\framework\\src\\Illuminate\\Foundation\\ProviderRepository.php(75): Illuminate\\Foundation\\Application->register(Object(App\\Providers\\AppServiceProvider))
#13 C:\\Users\\dell\\Documents\\Github\\saudiex\\vendor\\laravel\\framework\\src\\Illuminate\\Foundation\\Application.php(689): Illuminate\\Foundation\\ProviderRepository->load(Array)
#14 C:\\Users\\dell\\Documents\\Github\\saudiex\\vendor\\laravel\\framework\\src\\Illuminate\\Foundation\\Bootstrap\\RegisterProviders.php(17): Illuminate\\Foundation\\Application->registerConfiguredProviders()
#15 C:\\Users\\dell\\Documents\\Github\\saudiex\\vendor\\laravel\\framework\\src\\Illuminate\\Foundation\\Application.php(265): Illuminate\\Foundation\\Bootstrap\\RegisterProviders->bootstrap(Object(Illuminate\\Foundation\\Application))
#16 C:\\Users\\dell\\Documents\\Github\\saudiex\\vendor\\laravel\\framework\\src\\Illuminate\\Foundation\\Console\\Kernel.php(383): Illuminate\\Foundation\\Application->bootstrapWith(Array)
#17 C:\\Users\\dell\\Documents\\Github\\saudiex\\vendor\\laravel\\framework\\src\\Illuminate\\Foundation\\Console\\Kernel.php(153): Illuminate\\Foundation\\Console\\Kernel->bootstrap()
#18 Command line code(1): Illuminate\\Foundation\\Console\\Kernel->handle(Object(Symfony\\Component\\Console\\Input\\ArgvInput), Object(Symfony\\Component\\Console\\Output\\ConsoleOutput))
#19 {main}
"} 
[2025-10-24 11:12:48] local.ERROR: Please provide a valid cache path. {"exception":"[object] (InvalidArgumentException(code: 0): Please provide a valid cache path. at C:\\Users\\dell\\Documents\\Github\\saudiex\\vendor\\laravel\\framework\\src\\Illuminate\\View\\Compilers\\Compiler.php:66)
[stacktrace]
#0 C:\\Users\\dell\\Documents\\Github\\saudiex\\vendor\\laravel\\framework\\src\\Illuminate\\View\\ViewServiceProvider.php(96): Illuminate\\View\\Compilers\\Compiler->__construct(Object(Illuminate\\Filesystem\\Filesystem), false, '', true, 'php')
#1 C:\\Users\\dell\\Documents\\Github\\saudiex\\vendor\\laravel\\framework\\src\\Illuminate\\Container\\Container.php(885): Illuminate\\View\\ViewServiceProvider->Illuminate\\View\\{closure}(Object(Illuminate\\Foundation\\Application), Array)
#2 C:\\Users\\dell\\Documents\\Github\\saudiex\\vendor\\laravel\\framework\\src\\Illuminate\\Container\\Container.php(770): Illuminate\\Container\\Container->build(Object(Closure))
#3 C:\\Users\\dell\\Documents\\Github\\saudiex\\vendor\\laravel\\framework\\src\\Illuminate\\Foundation\\Application.php(881): Illuminate\\Container\\Container->resolve('blade.compiler', Array, true)
#4 C:\\Users\\dell\\Documents\\Github\\saudiex\\vendor\\laravel\\framework\\src\\Illuminate\\Container\\Container.php(706): Illuminate\\Foundation\\Application->resolve('blade.compiler', Array)
#5 C:\\Users\\dell\\Documents\\Github\\saudiex\\vendor\\laravel\\framework\\src\\Illuminate\\Foundation\\Application.php(866): Illuminate\\Container\\Container->make('blade.compiler', Array)
#6 C:\\Users\\dell\\Documents\\Github\\saudiex\\vendor\\laravel\\framework\\src\\Illuminate\\Container\\Container.php(1431): Illuminate\\Foundation\\Application->make('blade.compiler')
#7 C:\\Users\\dell\\Documents\\Github\\saudiex\\vendor\\laravel\\framework\\src\\Illuminate\\Support\\Facades\\Facade.php(222): Illuminate\\Container\\Container->offsetGet('blade.compiler')
#8 C:\\Users\\dell\\Documents\\Github\\saudiex\\vendor\\laravel\\framework\\src\\Illuminate\\Support\\Facades\\Facade.php(193): Illuminate\\Support\\Facades\\Facade::resolveFacadeInstance('blade.compiler')
#9 C:\\Users\\dell\\Documents\\Github\\saudiex\\vendor\\laravel\\framework\\src\\Illuminate\\Support\\Facades\\Facade.php(332): Illuminate\\Support\\Facades\\Facade::getFacadeRoot()
#10 C:\\Users\\dell\\Documents\\Github\\saudiex\\app\\Providers\\AppServiceProvider.php(62): Illuminate\\Support\\Facades\\Facade::__callStatic('withoutDoubleEn...', Array)
#11 C:\\Users\\dell\\Documents\\Github\\saudiex\\vendor\\laravel\\framework\\src\\Illuminate\\Foundation\\Application.php(712): App\\Providers\\AppServiceProvider->register()
#12 C:\\Users\\dell\\Documents\\Github\\saudiex\\vendor\\laravel\\framework\\src\\Illuminate\\Foundation\\ProviderRepository.php(75): Illuminate\\Foundation\\Application->register(Object(App\\Providers\\AppServiceProvider))
#13 C:\\Users\\dell\\Documents\\Github\\saudiex\\vendor\\laravel\\framework\\src\\Illuminate\\Foundation\\Application.php(689): Illuminate\\Foundation\\ProviderRepository->load(Array)
#14 C:\\Users\\dell\\Documents\\Github\\saudiex\\vendor\\laravel\\framework\\src\\Illuminate\\Foundation\\Bootstrap\\RegisterProviders.php(17): Illuminate\\Foundation\\Application->registerConfiguredProviders()
#15 C:\\Users\\dell\\Documents\\Github\\saudiex\\vendor\\laravel\\framework\\src\\Illuminate\\Foundation\\Application.php(265): Illuminate\\Foundation\\Bootstrap\\RegisterProviders->bootstrap(Object(Illuminate\\Foundation\\Application))
#16 C:\\Users\\dell\\Documents\\Github\\saudiex\\vendor\\laravel\\framework\\src\\Illuminate\\Foundation\\Console\\Kernel.php(383): Illuminate\\Foundation\\Application->bootstrapWith(Array)
#17 C:\\Users\\dell\\Documents\\Github\\saudiex\\vendor\\laravel\\framework\\src\\Illuminate\\Foundation\\Console\\Kernel.php(153): Illuminate\\Foundation\\Console\\Kernel->bootstrap()
#18 Command line code(1): Illuminate\\Foundation\\Console\\Kernel->handle(Object(Symfony\\Component\\Console\\Input\\ArgvInput), Object(Symfony\\Component\\Console\\Output\\ConsoleOutput))
#19 {main}
"} 
[2025-10-24 11:12:48] local.ERROR: Please provide a valid cache path. {"exception":"[object] (InvalidArgumentException(code: 0): Please provide a valid cache path. at C:\\Users\\dell\\Documents\\Github\\saudiex\\vendor\\laravel\\framework\\src\\Illuminate\\View\\Compilers\\Compiler.php:66)
[stacktrace]
#0 C:\\Users\\dell\\Documents\\Github\\saudiex\\vendor\\laravel\\framework\\src\\Illuminate\\View\\ViewServiceProvider.php(96): Illuminate\\View\\Compilers\\Compiler->__construct(Object(Illuminate\\Filesystem\\Filesystem), false, '', true, 'php')
#1 C:\\Users\\dell\\Documents\\Github\\saudiex\\vendor\\laravel\\framework\\src\\Illuminate\\Container\\Container.php(885): Illuminate\\View\\ViewServiceProvider->Illuminate\\View\\{closure}(Object(Illuminate\\Foundation\\Application), Array)
#2 C:\\Users\\dell\\Documents\\Github\\saudiex\\vendor\\laravel\\framework\\src\\Illuminate\\Container\\Container.php(770): Illuminate\\Container\\Container->build(Object(Closure))
#3 C:\\Users\\dell\\Documents\\Github\\saudiex\\vendor\\laravel\\framework\\src\\Illuminate\\Foundation\\Application.php(881): Illuminate\\Container\\Container->resolve('blade.compiler', Array, true)
#4 C:\\Users\\dell\\Documents\\Github\\saudiex\\vendor\\laravel\\framework\\src\\Illuminate\\Container\\Container.php(706): Illuminate\\Foundation\\Application->resolve('blade.compiler', Array)
#5 C:\\Users\\dell\\Documents\\Github\\saudiex\\vendor\\laravel\\framework\\src\\Illuminate\\Foundation\\Application.php(866): Illuminate\\Container\\Container->make('blade.compiler', Array)
#6 C:\\Users\\dell\\Documents\\Github\\saudiex\\vendor\\laravel\\framework\\src\\Illuminate\\Container\\Container.php(1431): Illuminate\\Foundation\\Application->make('blade.compiler')
#7 C:\\Users\\dell\\Documents\\Github\\saudiex\\vendor\\laravel\\framework\\src\\Illuminate\\Support\\Facades\\Facade.php(222): Illuminate\\Container\\Container->offsetGet('blade.compiler')
#8 C:\\Users\\dell\\Documents\\Github\\saudiex\\vendor\\laravel\\framework\\src\\Illuminate\\Support\\Facades\\Facade.php(193): Illuminate\\Support\\Facades\\Facade::resolveFacadeInstance('blade.compiler')
#9 C:\\Users\\dell\\Documents\\Github\\saudiex\\vendor\\laravel\\framework\\src\\Illuminate\\Support\\Facades\\Facade.php(332): Illuminate\\Support\\Facades\\Facade::getFacadeRoot()
#10 C:\\Users\\dell\\Documents\\Github\\saudiex\\app\\Providers\\AppServiceProvider.php(62): Illuminate\\Support\\Facades\\Facade::__callStatic('withoutDoubleEn...', Array)
#11 C:\\Users\\dell\\Documents\\Github\\saudiex\\vendor\\laravel\\framework\\src\\Illuminate\\Foundation\\Application.php(712): App\\Providers\\AppServiceProvider->register()
#12 C:\\Users\\dell\\Documents\\Github\\saudiex\\vendor\\laravel\\framework\\src\\Illuminate\\Foundation\\ProviderRepository.php(75): Illuminate\\Foundation\\Application->register(Object(App\\Providers\\AppServiceProvider))
#13 C:\\Users\\dell\\Documents\\Github\\saudiex\\vendor\\laravel\\framework\\src\\Illuminate\\Foundation\\Application.php(689): Illuminate\\Foundation\\ProviderRepository->load(Array)
#14 C:\\Users\\dell\\Documents\\Github\\saudiex\\vendor\\laravel\\framework\\src\\Illuminate\\Foundation\\Bootstrap\\RegisterProviders.php(17): Illuminate\\Foundation\\Application->registerConfiguredProviders()
#15 C:\\Users\\dell\\Documents\\Github\\saudiex\\vendor\\laravel\\framework\\src\\Illuminate\\Foundation\\Application.php(265): Illuminate\\Foundation\\Bootstrap\\RegisterProviders->bootstrap(Object(Illuminate\\Foundation\\Application))
#16 C:\\Users\\dell\\Documents\\Github\\saudiex\\vendor\\laravel\\framework\\src\\Illuminate\\Foundation\\Console\\Kernel.php(383): Illuminate\\Foundation\\Application->bootstrapWith(Array)
#17 C:\\Users\\dell\\Documents\\Github\\saudiex\\vendor\\laravel\\framework\\src\\Illuminate\\Foundation\\Console\\Kernel.php(153): Illuminate\\Foundation\\Console\\Kernel->bootstrap()
#18 Command line code(1): Illuminate\\Foundation\\Console\\Kernel->handle(Object(Symfony\\Component\\Console\\Input\\ArgvInput), Object(Symfony\\Component\\Console\\Output\\ConsoleOutput))
#19 {main}
"} 
[2025-10-24 11:13:48] local.ERROR: Please provide a valid cache path. {"exception":"[object] (InvalidArgumentException(code: 0): Please provide a valid cache path. at C:\\Users\\dell\\Documents\\Github\\saudiex\\vendor\\laravel\\framework\\src\\Illuminate\\View\\Compilers\\Compiler.php:66)
[stacktrace]
#0 C:\\Users\\dell\\Documents\\Github\\saudiex\\vendor\\laravel\\framework\\src\\Illuminate\\View\\ViewServiceProvider.php(96): Illuminate\\View\\Compilers\\Compiler->__construct(Object(Illuminate\\Filesystem\\Filesystem), false, '', true, 'php')
#1 C:\\Users\\dell\\Documents\\Github\\saudiex\\vendor\\laravel\\framework\\src\\Illuminate\\Container\\Container.php(885): Illuminate\\View\\ViewServiceProvider->Illuminate\\View\\{closure}(Object(Illuminate\\Foundation\\Application), Array)
#2 C:\\Users\\dell\\Documents\\Github\\saudiex\\vendor\\laravel\\framework\\src\\Illuminate\\Container\\Container.php(770): Illuminate\\Container\\Container->build(Object(Closure))
#3 C:\\Users\\dell\\Documents\\Github\\saudiex\\vendor\\laravel\\framework\\src\\Illuminate\\Foundation\\Application.php(881): Illuminate\\Container\\Container->resolve('blade.compiler', Array, true)
#4 C:\\Users\\dell\\Documents\\Github\\saudiex\\vendor\\laravel\\framework\\src\\Illuminate\\Container\\Container.php(706): Illuminate\\Foundation\\Application->resolve('blade.compiler', Array)
#5 C:\\Users\\dell\\Documents\\Github\\saudiex\\vendor\\laravel\\framework\\src\\Illuminate\\Foundation\\Application.php(866): Illuminate\\Container\\Container->make('blade.compiler', Array)
#6 C:\\Users\\dell\\Documents\\Github\\saudiex\\vendor\\laravel\\framework\\src\\Illuminate\\Container\\Container.php(1431): Illuminate\\Foundation\\Application->make('blade.compiler')
#7 C:\\Users\\dell\\Documents\\Github\\saudiex\\vendor\\laravel\\framework\\src\\Illuminate\\Support\\Facades\\Facade.php(222): Illuminate\\Container\\Container->offsetGet('blade.compiler')
#8 C:\\Users\\dell\\Documents\\Github\\saudiex\\vendor\\laravel\\framework\\src\\Illuminate\\Support\\Facades\\Facade.php(193): Illuminate\\Support\\Facades\\Facade::resolveFacadeInstance('blade.compiler')
#9 C:\\Users\\dell\\Documents\\Github\\saudiex\\vendor\\laravel\\framework\\src\\Illuminate\\Support\\Facades\\Facade.php(332): Illuminate\\Support\\Facades\\Facade::getFacadeRoot()
#10 C:\\Users\\dell\\Documents\\Github\\saudiex\\app\\Providers\\AppServiceProvider.php(62): Illuminate\\Support\\Facades\\Facade::__callStatic('withoutDoubleEn...', Array)
#11 C:\\Users\\dell\\Documents\\Github\\saudiex\\vendor\\laravel\\framework\\src\\Illuminate\\Foundation\\Application.php(712): App\\Providers\\AppServiceProvider->register()
#12 C:\\Users\\dell\\Documents\\Github\\saudiex\\vendor\\laravel\\framework\\src\\Illuminate\\Foundation\\ProviderRepository.php(75): Illuminate\\Foundation\\Application->register(Object(App\\Providers\\AppServiceProvider))
#13 C:\\Users\\dell\\Documents\\Github\\saudiex\\vendor\\laravel\\framework\\src\\Illuminate\\Foundation\\Application.php(689): Illuminate\\Foundation\\ProviderRepository->load(Array)
#14 C:\\Users\\dell\\Documents\\Github\\saudiex\\vendor\\laravel\\framework\\src\\Illuminate\\Foundation\\Bootstrap\\RegisterProviders.php(17): Illuminate\\Foundation\\Application->registerConfiguredProviders()
#15 C:\\Users\\dell\\Documents\\Github\\saudiex\\vendor\\laravel\\framework\\src\\Illuminate\\Foundation\\Application.php(265): Illuminate\\Foundation\\Bootstrap\\RegisterProviders->bootstrap(Object(Illuminate\\Foundation\\Application))
#16 C:\\Users\\dell\\Documents\\Github\\saudiex\\vendor\\laravel\\framework\\src\\Illuminate\\Foundation\\Console\\Kernel.php(383): Illuminate\\Foundation\\Application->bootstrapWith(Array)
#17 C:\\Users\\dell\\Documents\\Github\\saudiex\\vendor\\laravel\\framework\\src\\Illuminate\\Foundation\\Console\\Kernel.php(153): Illuminate\\Foundation\\Console\\Kernel->bootstrap()
#18 Command line code(1): Illuminate\\Foundation\\Console\\Kernel->handle(Object(Symfony\\Component\\Console\\Input\\ArgvInput), Object(Symfony\\Component\\Console\\Output\\ConsoleOutput))
#19 {main}
"} 
[2025-10-24 11:13:48] local.ERROR: Please provide a valid cache path. {"exception":"[object] (InvalidArgumentException(code: 0): Please provide a valid cache path. at C:\\Users\\dell\\Documents\\Github\\saudiex\\vendor\\laravel\\framework\\src\\Illuminate\\View\\Compilers\\Compiler.php:66)
[stacktrace]
#0 C:\\Users\\dell\\Documents\\Github\\saudiex\\vendor\\laravel\\framework\\src\\Illuminate\\View\\ViewServiceProvider.php(96): Illuminate\\View\\Compilers\\Compiler->__construct(Object(Illuminate\\Filesystem\\Filesystem), false, '', true, 'php')
#1 C:\\Users\\dell\\Documents\\Github\\saudiex\\vendor\\laravel\\framework\\src\\Illuminate\\Container\\Container.php(885): Illuminate\\View\\ViewServiceProvider->Illuminate\\View\\{closure}(Object(Illuminate\\Foundation\\Application), Array)
#2 C:\\Users\\dell\\Documents\\Github\\saudiex\\vendor\\laravel\\framework\\src\\Illuminate\\Container\\Container.php(770): Illuminate\\Container\\Container->build(Object(Closure))
#3 C:\\Users\\dell\\Documents\\Github\\saudiex\\vendor\\laravel\\framework\\src\\Illuminate\\Foundation\\Application.php(881): Illuminate\\Container\\Container->resolve('blade.compiler', Array, true)
#4 C:\\Users\\dell\\Documents\\Github\\saudiex\\vendor\\laravel\\framework\\src\\Illuminate\\Container\\Container.php(706): Illuminate\\Foundation\\Application->resolve('blade.compiler', Array)
#5 C:\\Users\\dell\\Documents\\Github\\saudiex\\vendor\\laravel\\framework\\src\\Illuminate\\Foundation\\Application.php(866): Illuminate\\Container\\Container->make('blade.compiler', Array)
#6 C:\\Users\\dell\\Documents\\Github\\saudiex\\vendor\\laravel\\framework\\src\\Illuminate\\Container\\Container.php(1431): Illuminate\\Foundation\\Application->make('blade.compiler')
#7 C:\\Users\\dell\\Documents\\Github\\saudiex\\vendor\\laravel\\framework\\src\\Illuminate\\Support\\Facades\\Facade.php(222): Illuminate\\Container\\Container->offsetGet('blade.compiler')
#8 C:\\Users\\dell\\Documents\\Github\\saudiex\\vendor\\laravel\\framework\\src\\Illuminate\\Support\\Facades\\Facade.php(193): Illuminate\\Support\\Facades\\Facade::resolveFacadeInstance('blade.compiler')
#9 C:\\Users\\dell\\Documents\\Github\\saudiex\\vendor\\laravel\\framework\\src\\Illuminate\\Support\\Facades\\Facade.php(332): Illuminate\\Support\\Facades\\Facade::getFacadeRoot()
#10 C:\\Users\\dell\\Documents\\Github\\saudiex\\app\\Providers\\AppServiceProvider.php(62): Illuminate\\Support\\Facades\\Facade::__callStatic('withoutDoubleEn...', Array)
#11 C:\\Users\\dell\\Documents\\Github\\saudiex\\vendor\\laravel\\framework\\src\\Illuminate\\Foundation\\Application.php(712): App\\Providers\\AppServiceProvider->register()
#12 C:\\Users\\dell\\Documents\\Github\\saudiex\\vendor\\laravel\\framework\\src\\Illuminate\\Foundation\\ProviderRepository.php(75): Illuminate\\Foundation\\Application->register(Object(App\\Providers\\AppServiceProvider))
#13 C:\\Users\\dell\\Documents\\Github\\saudiex\\vendor\\laravel\\framework\\src\\Illuminate\\Foundation\\Application.php(689): Illuminate\\Foundation\\ProviderRepository->load(Array)
#14 C:\\Users\\dell\\Documents\\Github\\saudiex\\vendor\\laravel\\framework\\src\\Illuminate\\Foundation\\Bootstrap\\RegisterProviders.php(17): Illuminate\\Foundation\\Application->registerConfiguredProviders()
#15 C:\\Users\\dell\\Documents\\Github\\saudiex\\vendor\\laravel\\framework\\src\\Illuminate\\Foundation\\Application.php(265): Illuminate\\Foundation\\Bootstrap\\RegisterProviders->bootstrap(Object(Illuminate\\Foundation\\Application))
#16 C:\\Users\\dell\\Documents\\Github\\saudiex\\vendor\\laravel\\framework\\src\\Illuminate\\Foundation\\Console\\Kernel.php(383): Illuminate\\Foundation\\Application->bootstrapWith(Array)
#17 C:\\Users\\dell\\Documents\\Github\\saudiex\\vendor\\laravel\\framework\\src\\Illuminate\\Foundation\\Console\\Kernel.php(153): Illuminate\\Foundation\\Console\\Kernel->bootstrap()
#18 Command line code(1): Illuminate\\Foundation\\Console\\Kernel->handle(Object(Symfony\\Component\\Console\\Input\\ArgvInput), Object(Symfony\\Component\\Console\\Output\\ConsoleOutput))
#19 {main}
"} 
[2025-10-24 11:14:48] local.ERROR: Please provide a valid cache path. {"exception":"[object] (InvalidArgumentException(code: 0): Please provide a valid cache path. at C:\\Users\\dell\\Documents\\Github\\saudiex\\vendor\\laravel\\framework\\src\\Illuminate\\View\\Compilers\\Compiler.php:66)
[stacktrace]
#0 C:\\Users\\dell\\Documents\\Github\\saudiex\\vendor\\laravel\\framework\\src\\Illuminate\\View\\ViewServiceProvider.php(96): Illuminate\\View\\Compilers\\Compiler->__construct(Object(Illuminate\\Filesystem\\Filesystem), false, '', true, 'php')
#1 C:\\Users\\dell\\Documents\\Github\\saudiex\\vendor\\laravel\\framework\\src\\Illuminate\\Container\\Container.php(885): Illuminate\\View\\ViewServiceProvider->Illuminate\\View\\{closure}(Object(Illuminate\\Foundation\\Application), Array)
#2 C:\\Users\\dell\\Documents\\Github\\saudiex\\vendor\\laravel\\framework\\src\\Illuminate\\Container\\Container.php(770): Illuminate\\Container\\Container->build(Object(Closure))
#3 C:\\Users\\dell\\Documents\\Github\\saudiex\\vendor\\laravel\\framework\\src\\Illuminate\\Foundation\\Application.php(881): Illuminate\\Container\\Container->resolve('blade.compiler', Array, true)
#4 C:\\Users\\dell\\Documents\\Github\\saudiex\\vendor\\laravel\\framework\\src\\Illuminate\\Container\\Container.php(706): Illuminate\\Foundation\\Application->resolve('blade.compiler', Array)
#5 C:\\Users\\dell\\Documents\\Github\\saudiex\\vendor\\laravel\\framework\\src\\Illuminate\\Foundation\\Application.php(866): Illuminate\\Container\\Container->make('blade.compiler', Array)
#6 C:\\Users\\dell\\Documents\\Github\\saudiex\\vendor\\laravel\\framework\\src\\Illuminate\\Container\\Container.php(1431): Illuminate\\Foundation\\Application->make('blade.compiler')
#7 C:\\Users\\dell\\Documents\\Github\\saudiex\\vendor\\laravel\\framework\\src\\Illuminate\\Support\\Facades\\Facade.php(222): Illuminate\\Container\\Container->offsetGet('blade.compiler')
#8 C:\\Users\\dell\\Documents\\Github\\saudiex\\vendor\\laravel\\framework\\src\\Illuminate\\Support\\Facades\\Facade.php(193): Illuminate\\Support\\Facades\\Facade::resolveFacadeInstance('blade.compiler')
#9 C:\\Users\\dell\\Documents\\Github\\saudiex\\vendor\\laravel\\framework\\src\\Illuminate\\Support\\Facades\\Facade.php(332): Illuminate\\Support\\Facades\\Facade::getFacadeRoot()
#10 C:\\Users\\dell\\Documents\\Github\\saudiex\\app\\Providers\\AppServiceProvider.php(62): Illuminate\\Support\\Facades\\Facade::__callStatic('withoutDoubleEn...', Array)
#11 C:\\Users\\dell\\Documents\\Github\\saudiex\\vendor\\laravel\\framework\\src\\Illuminate\\Foundation\\Application.php(712): App\\Providers\\AppServiceProvider->register()
#12 C:\\Users\\dell\\Documents\\Github\\saudiex\\vendor\\laravel\\framework\\src\\Illuminate\\Foundation\\ProviderRepository.php(75): Illuminate\\Foundation\\Application->register(Object(App\\Providers\\AppServiceProvider))
#13 C:\\Users\\dell\\Documents\\Github\\saudiex\\vendor\\laravel\\framework\\src\\Illuminate\\Foundation\\Application.php(689): Illuminate\\Foundation\\ProviderRepository->load(Array)
#14 C:\\Users\\dell\\Documents\\Github\\saudiex\\vendor\\laravel\\framework\\src\\Illuminate\\Foundation\\Bootstrap\\RegisterProviders.php(17): Illuminate\\Foundation\\Application->registerConfiguredProviders()
#15 C:\\Users\\dell\\Documents\\Github\\saudiex\\vendor\\laravel\\framework\\src\\Illuminate\\Foundation\\Application.php(265): Illuminate\\Foundation\\Bootstrap\\RegisterProviders->bootstrap(Object(Illuminate\\Foundation\\Application))
#16 C:\\Users\\dell\\Documents\\Github\\saudiex\\vendor\\laravel\\framework\\src\\Illuminate\\Foundation\\Console\\Kernel.php(383): Illuminate\\Foundation\\Application->bootstrapWith(Array)
#17 C:\\Users\\dell\\Documents\\Github\\saudiex\\vendor\\laravel\\framework\\src\\Illuminate\\Foundation\\Console\\Kernel.php(153): Illuminate\\Foundation\\Console\\Kernel->bootstrap()
#18 Command line code(1): Illuminate\\Foundation\\Console\\Kernel->handle(Object(Symfony\\Component\\Console\\Input\\ArgvInput), Object(Symfony\\Component\\Console\\Output\\ConsoleOutput))
#19 {main}
"} 
[2025-10-24 11:14:48] local.ERROR: Please provide a valid cache path. {"exception":"[object] (InvalidArgumentException(code: 0): Please provide a valid cache path. at C:\\Users\\dell\\Documents\\Github\\saudiex\\vendor\\laravel\\framework\\src\\Illuminate\\View\\Compilers\\Compiler.php:66)
[stacktrace]
#0 C:\\Users\\dell\\Documents\\Github\\saudiex\\vendor\\laravel\\framework\\src\\Illuminate\\View\\ViewServiceProvider.php(96): Illuminate\\View\\Compilers\\Compiler->__construct(Object(Illuminate\\Filesystem\\Filesystem), false, '', true, 'php')
#1 C:\\Users\\dell\\Documents\\Github\\saudiex\\vendor\\laravel\\framework\\src\\Illuminate\\Container\\Container.php(885): Illuminate\\View\\ViewServiceProvider->Illuminate\\View\\{closure}(Object(Illuminate\\Foundation\\Application), Array)
#2 C:\\Users\\dell\\Documents\\Github\\saudiex\\vendor\\laravel\\framework\\src\\Illuminate\\Container\\Container.php(770): Illuminate\\Container\\Container->build(Object(Closure))
#3 C:\\Users\\dell\\Documents\\Github\\saudiex\\vendor\\laravel\\framework\\src\\Illuminate\\Foundation\\Application.php(881): Illuminate\\Container\\Container->resolve('blade.compiler', Array, true)
#4 C:\\Users\\dell\\Documents\\Github\\saudiex\\vendor\\laravel\\framework\\src\\Illuminate\\Container\\Container.php(706): Illuminate\\Foundation\\Application->resolve('blade.compiler', Array)
#5 C:\\Users\\dell\\Documents\\Github\\saudiex\\vendor\\laravel\\framework\\src\\Illuminate\\Foundation\\Application.php(866): Illuminate\\Container\\Container->make('blade.compiler', Array)
#6 C:\\Users\\dell\\Documents\\Github\\saudiex\\vendor\\laravel\\framework\\src\\Illuminate\\Container\\Container.php(1431): Illuminate\\Foundation\\Application->make('blade.compiler')
#7 C:\\Users\\dell\\Documents\\Github\\saudiex\\vendor\\laravel\\framework\\src\\Illuminate\\Support\\Facades\\Facade.php(222): Illuminate\\Container\\Container->offsetGet('blade.compiler')
#8 C:\\Users\\dell\\Documents\\Github\\saudiex\\vendor\\laravel\\framework\\src\\Illuminate\\Support\\Facades\\Facade.php(193): Illuminate\\Support\\Facades\\Facade::resolveFacadeInstance('blade.compiler')
#9 C:\\Users\\dell\\Documents\\Github\\saudiex\\vendor\\laravel\\framework\\src\\Illuminate\\Support\\Facades\\Facade.php(332): Illuminate\\Support\\Facades\\Facade::getFacadeRoot()
#10 C:\\Users\\dell\\Documents\\Github\\saudiex\\app\\Providers\\AppServiceProvider.php(62): Illuminate\\Support\\Facades\\Facade::__callStatic('withoutDoubleEn...', Array)
#11 C:\\Users\\dell\\Documents\\Github\\saudiex\\vendor\\laravel\\framework\\src\\Illuminate\\Foundation\\Application.php(712): App\\Providers\\AppServiceProvider->register()
#12 C:\\Users\\dell\\Documents\\Github\\saudiex\\vendor\\laravel\\framework\\src\\Illuminate\\Foundation\\ProviderRepository.php(75): Illuminate\\Foundation\\Application->register(Object(App\\Providers\\AppServiceProvider))
#13 C:\\Users\\dell\\Documents\\Github\\saudiex\\vendor\\laravel\\framework\\src\\Illuminate\\Foundation\\Application.php(689): Illuminate\\Foundation\\ProviderRepository->load(Array)
#14 C:\\Users\\dell\\Documents\\Github\\saudiex\\vendor\\laravel\\framework\\src\\Illuminate\\Foundation\\Bootstrap\\RegisterProviders.php(17): Illuminate\\Foundation\\Application->registerConfiguredProviders()
#15 C:\\Users\\dell\\Documents\\Github\\saudiex\\vendor\\laravel\\framework\\src\\Illuminate\\Foundation\\Application.php(265): Illuminate\\Foundation\\Bootstrap\\RegisterProviders->bootstrap(Object(Illuminate\\Foundation\\Application))
#16 C:\\Users\\dell\\Documents\\Github\\saudiex\\vendor\\laravel\\framework\\src\\Illuminate\\Foundation\\Console\\Kernel.php(383): Illuminate\\Foundation\\Application->bootstrapWith(Array)
#17 C:\\Users\\dell\\Documents\\Github\\saudiex\\vendor\\laravel\\framework\\src\\Illuminate\\Foundation\\Console\\Kernel.php(153): Illuminate\\Foundation\\Console\\Kernel->bootstrap()
#18 Command line code(1): Illuminate\\Foundation\\Console\\Kernel->handle(Object(Symfony\\Component\\Console\\Input\\ArgvInput), Object(Symfony\\Component\\Console\\Output\\ConsoleOutput))
#19 {main}
"} 
[2025-10-24 11:15:48] local.ERROR: Please provide a valid cache path. {"exception":"[object] (InvalidArgumentException(code: 0): Please provide a valid cache path. at C:\\Users\\dell\\Documents\\Github\\saudiex\\vendor\\laravel\\framework\\src\\Illuminate\\View\\Compilers\\Compiler.php:66)
[stacktrace]
#0 C:\\Users\\dell\\Documents\\Github\\saudiex\\vendor\\laravel\\framework\\src\\Illuminate\\View\\ViewServiceProvider.php(96): Illuminate\\View\\Compilers\\Compiler->__construct(Object(Illuminate\\Filesystem\\Filesystem), false, '', true, 'php')
#1 C:\\Users\\dell\\Documents\\Github\\saudiex\\vendor\\laravel\\framework\\src\\Illuminate\\Container\\Container.php(885): Illuminate\\View\\ViewServiceProvider->Illuminate\\View\\{closure}(Object(Illuminate\\Foundation\\Application), Array)
#2 C:\\Users\\dell\\Documents\\Github\\saudiex\\vendor\\laravel\\framework\\src\\Illuminate\\Container\\Container.php(770): Illuminate\\Container\\Container->build(Object(Closure))
#3 C:\\Users\\dell\\Documents\\Github\\saudiex\\vendor\\laravel\\framework\\src\\Illuminate\\Foundation\\Application.php(881): Illuminate\\Container\\Container->resolve('blade.compiler', Array, true)
#4 C:\\Users\\dell\\Documents\\Github\\saudiex\\vendor\\laravel\\framework\\src\\Illuminate\\Container\\Container.php(706): Illuminate\\Foundation\\Application->resolve('blade.compiler', Array)
#5 C:\\Users\\dell\\Documents\\Github\\saudiex\\vendor\\laravel\\framework\\src\\Illuminate\\Foundation\\Application.php(866): Illuminate\\Container\\Container->make('blade.compiler', Array)
#6 C:\\Users\\dell\\Documents\\Github\\saudiex\\vendor\\laravel\\framework\\src\\Illuminate\\Container\\Container.php(1431): Illuminate\\Foundation\\Application->make('blade.compiler')
#7 C:\\Users\\dell\\Documents\\Github\\saudiex\\vendor\\laravel\\framework\\src\\Illuminate\\Support\\Facades\\Facade.php(222): Illuminate\\Container\\Container->offsetGet('blade.compiler')
#8 C:\\Users\\dell\\Documents\\Github\\saudiex\\vendor\\laravel\\framework\\src\\Illuminate\\Support\\Facades\\Facade.php(193): Illuminate\\Support\\Facades\\Facade::resolveFacadeInstance('blade.compiler')
#9 C:\\Users\\dell\\Documents\\Github\\saudiex\\vendor\\laravel\\framework\\src\\Illuminate\\Support\\Facades\\Facade.php(332): Illuminate\\Support\\Facades\\Facade::getFacadeRoot()
#10 C:\\Users\\dell\\Documents\\Github\\saudiex\\app\\Providers\\AppServiceProvider.php(62): Illuminate\\Support\\Facades\\Facade::__callStatic('withoutDoubleEn...', Array)
#11 C:\\Users\\dell\\Documents\\Github\\saudiex\\vendor\\laravel\\framework\\src\\Illuminate\\Foundation\\Application.php(712): App\\Providers\\AppServiceProvider->register()
#12 C:\\Users\\dell\\Documents\\Github\\saudiex\\vendor\\laravel\\framework\\src\\Illuminate\\Foundation\\ProviderRepository.php(75): Illuminate\\Foundation\\Application->register(Object(App\\Providers\\AppServiceProvider))
#13 C:\\Users\\dell\\Documents\\Github\\saudiex\\vendor\\laravel\\framework\\src\\Illuminate\\Foundation\\Application.php(689): Illuminate\\Foundation\\ProviderRepository->load(Array)
#14 C:\\Users\\dell\\Documents\\Github\\saudiex\\vendor\\laravel\\framework\\src\\Illuminate\\Foundation\\Bootstrap\\RegisterProviders.php(17): Illuminate\\Foundation\\Application->registerConfiguredProviders()
#15 C:\\Users\\dell\\Documents\\Github\\saudiex\\vendor\\laravel\\framework\\src\\Illuminate\\Foundation\\Application.php(265): Illuminate\\Foundation\\Bootstrap\\RegisterProviders->bootstrap(Object(Illuminate\\Foundation\\Application))
#16 C:\\Users\\dell\\Documents\\Github\\saudiex\\vendor\\laravel\\framework\\src\\Illuminate\\Foundation\\Console\\Kernel.php(383): Illuminate\\Foundation\\Application->bootstrapWith(Array)
#17 C:\\Users\\dell\\Documents\\Github\\saudiex\\vendor\\laravel\\framework\\src\\Illuminate\\Foundation\\Console\\Kernel.php(153): Illuminate\\Foundation\\Console\\Kernel->bootstrap()
#18 Command line code(1): Illuminate\\Foundation\\Console\\Kernel->handle(Object(Symfony\\Component\\Console\\Input\\ArgvInput), Object(Symfony\\Component\\Console\\Output\\ConsoleOutput))
#19 {main}
"} 
[2025-10-24 11:15:48] local.ERROR: Please provide a valid cache path. {"exception":"[object] (InvalidArgumentException(code: 0): Please provide a valid cache path. at C:\\Users\\dell\\Documents\\Github\\saudiex\\vendor\\laravel\\framework\\src\\Illuminate\\View\\Compilers\\Compiler.php:66)
[stacktrace]
#0 C:\\Users\\dell\\Documents\\Github\\saudiex\\vendor\\laravel\\framework\\src\\Illuminate\\View\\ViewServiceProvider.php(96): Illuminate\\View\\Compilers\\Compiler->__construct(Object(Illuminate\\Filesystem\\Filesystem), false, '', true, 'php')
#1 C:\\Users\\dell\\Documents\\Github\\saudiex\\vendor\\laravel\\framework\\src\\Illuminate\\Container\\Container.php(885): Illuminate\\View\\ViewServiceProvider->Illuminate\\View\\{closure}(Object(Illuminate\\Foundation\\Application), Array)
#2 C:\\Users\\dell\\Documents\\Github\\saudiex\\vendor\\laravel\\framework\\src\\Illuminate\\Container\\Container.php(770): Illuminate\\Container\\Container->build(Object(Closure))
#3 C:\\Users\\dell\\Documents\\Github\\saudiex\\vendor\\laravel\\framework\\src\\Illuminate\\Foundation\\Application.php(881): Illuminate\\Container\\Container->resolve('blade.compiler', Array, true)
#4 C:\\Users\\dell\\Documents\\Github\\saudiex\\vendor\\laravel\\framework\\src\\Illuminate\\Container\\Container.php(706): Illuminate\\Foundation\\Application->resolve('blade.compiler', Array)
#5 C:\\Users\\dell\\Documents\\Github\\saudiex\\vendor\\laravel\\framework\\src\\Illuminate\\Foundation\\Application.php(866): Illuminate\\Container\\Container->make('blade.compiler', Array)
#6 C:\\Users\\dell\\Documents\\Github\\saudiex\\vendor\\laravel\\framework\\src\\Illuminate\\Container\\Container.php(1431): Illuminate\\Foundation\\Application->make('blade.compiler')
#7 C:\\Users\\dell\\Documents\\Github\\saudiex\\vendor\\laravel\\framework\\src\\Illuminate\\Support\\Facades\\Facade.php(222): Illuminate\\Container\\Container->offsetGet('blade.compiler')
#8 C:\\Users\\dell\\Documents\\Github\\saudiex\\vendor\\laravel\\framework\\src\\Illuminate\\Support\\Facades\\Facade.php(193): Illuminate\\Support\\Facades\\Facade::resolveFacadeInstance('blade.compiler')
#9 C:\\Users\\dell\\Documents\\Github\\saudiex\\vendor\\laravel\\framework\\src\\Illuminate\\Support\\Facades\\Facade.php(332): Illuminate\\Support\\Facades\\Facade::getFacadeRoot()
#10 C:\\Users\\dell\\Documents\\Github\\saudiex\\app\\Providers\\AppServiceProvider.php(62): Illuminate\\Support\\Facades\\Facade::__callStatic('withoutDoubleEn...', Array)
#11 C:\\Users\\dell\\Documents\\Github\\saudiex\\vendor\\laravel\\framework\\src\\Illuminate\\Foundation\\Application.php(712): App\\Providers\\AppServiceProvider->register()
#12 C:\\Users\\dell\\Documents\\Github\\saudiex\\vendor\\laravel\\framework\\src\\Illuminate\\Foundation\\ProviderRepository.php(75): Illuminate\\Foundation\\Application->register(Object(App\\Providers\\AppServiceProvider))
#13 C:\\Users\\dell\\Documents\\Github\\saudiex\\vendor\\laravel\\framework\\src\\Illuminate\\Foundation\\Application.php(689): Illuminate\\Foundation\\ProviderRepository->load(Array)
#14 C:\\Users\\dell\\Documents\\Github\\saudiex\\vendor\\laravel\\framework\\src\\Illuminate\\Foundation\\Bootstrap\\RegisterProviders.php(17): Illuminate\\Foundation\\Application->registerConfiguredProviders()
#15 C:\\Users\\dell\\Documents\\Github\\saudiex\\vendor\\laravel\\framework\\src\\Illuminate\\Foundation\\Application.php(265): Illuminate\\Foundation\\Bootstrap\\RegisterProviders->bootstrap(Object(Illuminate\\Foundation\\Application))
#16 C:\\Users\\dell\\Documents\\Github\\saudiex\\vendor\\laravel\\framework\\src\\Illuminate\\Foundation\\Console\\Kernel.php(383): Illuminate\\Foundation\\Application->bootstrapWith(Array)
#17 C:\\Users\\dell\\Documents\\Github\\saudiex\\vendor\\laravel\\framework\\src\\Illuminate\\Foundation\\Console\\Kernel.php(153): Illuminate\\Foundation\\Console\\Kernel->bootstrap()
#18 Command line code(1): Illuminate\\Foundation\\Console\\Kernel->handle(Object(Symfony\\Component\\Console\\Input\\ArgvInput), Object(Symfony\\Component\\Console\\Output\\ConsoleOutput))
#19 {main}
"} 
[2025-10-24 11:16:48] local.ERROR: Please provide a valid cache path. {"exception":"[object] (InvalidArgumentException(code: 0): Please provide a valid cache path. at C:\\Users\\dell\\Documents\\Github\\saudiex\\vendor\\laravel\\framework\\src\\Illuminate\\View\\Compilers\\Compiler.php:66)
[stacktrace]
#0 C:\\Users\\dell\\Documents\\Github\\saudiex\\vendor\\laravel\\framework\\src\\Illuminate\\View\\ViewServiceProvider.php(96): Illuminate\\View\\Compilers\\Compiler->__construct(Object(Illuminate\\Filesystem\\Filesystem), false, '', true, 'php')
#1 C:\\Users\\dell\\Documents\\Github\\saudiex\\vendor\\laravel\\framework\\src\\Illuminate\\Container\\Container.php(885): Illuminate\\View\\ViewServiceProvider->Illuminate\\View\\{closure}(Object(Illuminate\\Foundation\\Application), Array)
#2 C:\\Users\\dell\\Documents\\Github\\saudiex\\vendor\\laravel\\framework\\src\\Illuminate\\Container\\Container.php(770): Illuminate\\Container\\Container->build(Object(Closure))
#3 C:\\Users\\dell\\Documents\\Github\\saudiex\\vendor\\laravel\\framework\\src\\Illuminate\\Foundation\\Application.php(881): Illuminate\\Container\\Container->resolve('blade.compiler', Array, true)
#4 C:\\Users\\dell\\Documents\\Github\\saudiex\\vendor\\laravel\\framework\\src\\Illuminate\\Container\\Container.php(706): Illuminate\\Foundation\\Application->resolve('blade.compiler', Array)
#5 C:\\Users\\dell\\Documents\\Github\\saudiex\\vendor\\laravel\\framework\\src\\Illuminate\\Foundation\\Application.php(866): Illuminate\\Container\\Container->make('blade.compiler', Array)
#6 C:\\Users\\dell\\Documents\\Github\\saudiex\\vendor\\laravel\\framework\\src\\Illuminate\\Container\\Container.php(1431): Illuminate\\Foundation\\Application->make('blade.compiler')
#7 C:\\Users\\dell\\Documents\\Github\\saudiex\\vendor\\laravel\\framework\\src\\Illuminate\\Support\\Facades\\Facade.php(222): Illuminate\\Container\\Container->offsetGet('blade.compiler')
#8 C:\\Users\\dell\\Documents\\Github\\saudiex\\vendor\\laravel\\framework\\src\\Illuminate\\Support\\Facades\\Facade.php(193): Illuminate\\Support\\Facades\\Facade::resolveFacadeInstance('blade.compiler')
#9 C:\\Users\\dell\\Documents\\Github\\saudiex\\vendor\\laravel\\framework\\src\\Illuminate\\Support\\Facades\\Facade.php(332): Illuminate\\Support\\Facades\\Facade::getFacadeRoot()
#10 C:\\Users\\dell\\Documents\\Github\\saudiex\\app\\Providers\\AppServiceProvider.php(62): Illuminate\\Support\\Facades\\Facade::__callStatic('withoutDoubleEn...', Array)
#11 C:\\Users\\dell\\Documents\\Github\\saudiex\\vendor\\laravel\\framework\\src\\Illuminate\\Foundation\\Application.php(712): App\\Providers\\AppServiceProvider->register()
#12 C:\\Users\\dell\\Documents\\Github\\saudiex\\vendor\\laravel\\framework\\src\\Illuminate\\Foundation\\ProviderRepository.php(75): Illuminate\\Foundation\\Application->register(Object(App\\Providers\\AppServiceProvider))
#13 C:\\Users\\dell\\Documents\\Github\\saudiex\\vendor\\laravel\\framework\\src\\Illuminate\\Foundation\\Application.php(689): Illuminate\\Foundation\\ProviderRepository->load(Array)
#14 C:\\Users\\dell\\Documents\\Github\\saudiex\\vendor\\laravel\\framework\\src\\Illuminate\\Foundation\\Bootstrap\\RegisterProviders.php(17): Illuminate\\Foundation\\Application->registerConfiguredProviders()
#15 C:\\Users\\dell\\Documents\\Github\\saudiex\\vendor\\laravel\\framework\\src\\Illuminate\\Foundation\\Application.php(265): Illuminate\\Foundation\\Bootstrap\\RegisterProviders->bootstrap(Object(Illuminate\\Foundation\\Application))
#16 C:\\Users\\dell\\Documents\\Github\\saudiex\\vendor\\laravel\\framework\\src\\Illuminate\\Foundation\\Console\\Kernel.php(383): Illuminate\\Foundation\\Application->bootstrapWith(Array)
#17 C:\\Users\\dell\\Documents\\Github\\saudiex\\vendor\\laravel\\framework\\src\\Illuminate\\Foundation\\Console\\Kernel.php(153): Illuminate\\Foundation\\Console\\Kernel->bootstrap()
#18 Command line code(1): Illuminate\\Foundation\\Console\\Kernel->handle(Object(Symfony\\Component\\Console\\Input\\ArgvInput), Object(Symfony\\Component\\Console\\Output\\ConsoleOutput))
#19 {main}
"} 
[2025-10-24 11:16:48] local.ERROR: Please provide a valid cache path. {"exception":"[object] (InvalidArgumentException(code: 0): Please provide a valid cache path. at C:\\Users\\dell\\Documents\\Github\\saudiex\\vendor\\laravel\\framework\\src\\Illuminate\\View\\Compilers\\Compiler.php:66)
[stacktrace]
#0 C:\\Users\\dell\\Documents\\Github\\saudiex\\vendor\\laravel\\framework\\src\\Illuminate\\View\\ViewServiceProvider.php(96): Illuminate\\View\\Compilers\\Compiler->__construct(Object(Illuminate\\Filesystem\\Filesystem), false, '', true, 'php')
#1 C:\\Users\\dell\\Documents\\Github\\saudiex\\vendor\\laravel\\framework\\src\\Illuminate\\Container\\Container.php(885): Illuminate\\View\\ViewServiceProvider->Illuminate\\View\\{closure}(Object(Illuminate\\Foundation\\Application), Array)
#2 C:\\Users\\dell\\Documents\\Github\\saudiex\\vendor\\laravel\\framework\\src\\Illuminate\\Container\\Container.php(770): Illuminate\\Container\\Container->build(Object(Closure))
#3 C:\\Users\\dell\\Documents\\Github\\saudiex\\vendor\\laravel\\framework\\src\\Illuminate\\Foundation\\Application.php(881): Illuminate\\Container\\Container->resolve('blade.compiler', Array, true)
#4 C:\\Users\\dell\\Documents\\Github\\saudiex\\vendor\\laravel\\framework\\src\\Illuminate\\Container\\Container.php(706): Illuminate\\Foundation\\Application->resolve('blade.compiler', Array)
#5 C:\\Users\\dell\\Documents\\Github\\saudiex\\vendor\\laravel\\framework\\src\\Illuminate\\Foundation\\Application.php(866): Illuminate\\Container\\Container->make('blade.compiler', Array)
#6 C:\\Users\\dell\\Documents\\Github\\saudiex\\vendor\\laravel\\framework\\src\\Illuminate\\Container\\Container.php(1431): Illuminate\\Foundation\\Application->make('blade.compiler')
#7 C:\\Users\\dell\\Documents\\Github\\saudiex\\vendor\\laravel\\framework\\src\\Illuminate\\Support\\Facades\\Facade.php(222): Illuminate\\Container\\Container->offsetGet('blade.compiler')
#8 C:\\Users\\dell\\Documents\\Github\\saudiex\\vendor\\laravel\\framework\\src\\Illuminate\\Support\\Facades\\Facade.php(193): Illuminate\\Support\\Facades\\Facade::resolveFacadeInstance('blade.compiler')
#9 C:\\Users\\dell\\Documents\\Github\\saudiex\\vendor\\laravel\\framework\\src\\Illuminate\\Support\\Facades\\Facade.php(332): Illuminate\\Support\\Facades\\Facade::getFacadeRoot()
#10 C:\\Users\\dell\\Documents\\Github\\saudiex\\app\\Providers\\AppServiceProvider.php(62): Illuminate\\Support\\Facades\\Facade::__callStatic('withoutDoubleEn...', Array)
#11 C:\\Users\\dell\\Documents\\Github\\saudiex\\vendor\\laravel\\framework\\src\\Illuminate\\Foundation\\Application.php(712): App\\Providers\\AppServiceProvider->register()
#12 C:\\Users\\dell\\Documents\\Github\\saudiex\\vendor\\laravel\\framework\\src\\Illuminate\\Foundation\\ProviderRepository.php(75): Illuminate\\Foundation\\Application->register(Object(App\\Providers\\AppServiceProvider))
#13 C:\\Users\\dell\\Documents\\Github\\saudiex\\vendor\\laravel\\framework\\src\\Illuminate\\Foundation\\Application.php(689): Illuminate\\Foundation\\ProviderRepository->load(Array)
#14 C:\\Users\\dell\\Documents\\Github\\saudiex\\vendor\\laravel\\framework\\src\\Illuminate\\Foundation\\Bootstrap\\RegisterProviders.php(17): Illuminate\\Foundation\\Application->registerConfiguredProviders()
#15 C:\\Users\\dell\\Documents\\Github\\saudiex\\vendor\\laravel\\framework\\src\\Illuminate\\Foundation\\Application.php(265): Illuminate\\Foundation\\Bootstrap\\RegisterProviders->bootstrap(Object(Illuminate\\Foundation\\Application))
#16 C:\\Users\\dell\\Documents\\Github\\saudiex\\vendor\\laravel\\framework\\src\\Illuminate\\Foundation\\Console\\Kernel.php(383): Illuminate\\Foundation\\Application->bootstrapWith(Array)
#17 C:\\Users\\dell\\Documents\\Github\\saudiex\\vendor\\laravel\\framework\\src\\Illuminate\\Foundation\\Console\\Kernel.php(153): Illuminate\\Foundation\\Console\\Kernel->bootstrap()
#18 Command line code(1): Illuminate\\Foundation\\Console\\Kernel->handle(Object(Symfony\\Component\\Console\\Input\\ArgvInput), Object(Symfony\\Component\\Console\\Output\\ConsoleOutput))
#19 {main}
"} 
[2025-10-24 11:17:48] local.ERROR: Please provide a valid cache path. {"exception":"[object] (InvalidArgumentException(code: 0): Please provide a valid cache path. at C:\\Users\\dell\\Documents\\Github\\saudiex\\vendor\\laravel\\framework\\src\\Illuminate\\View\\Compilers\\Compiler.php:66)
[stacktrace]
#0 C:\\Users\\dell\\Documents\\Github\\saudiex\\vendor\\laravel\\framework\\src\\Illuminate\\View\\ViewServiceProvider.php(96): Illuminate\\View\\Compilers\\Compiler->__construct(Object(Illuminate\\Filesystem\\Filesystem), false, '', true, 'php')
#1 C:\\Users\\dell\\Documents\\Github\\saudiex\\vendor\\laravel\\framework\\src\\Illuminate\\Container\\Container.php(885): Illuminate\\View\\ViewServiceProvider->Illuminate\\View\\{closure}(Object(Illuminate\\Foundation\\Application), Array)
#2 C:\\Users\\dell\\Documents\\Github\\saudiex\\vendor\\laravel\\framework\\src\\Illuminate\\Container\\Container.php(770): Illuminate\\Container\\Container->build(Object(Closure))
#3 C:\\Users\\dell\\Documents\\Github\\saudiex\\vendor\\laravel\\framework\\src\\Illuminate\\Foundation\\Application.php(881): Illuminate\\Container\\Container->resolve('blade.compiler', Array, true)
#4 C:\\Users\\dell\\Documents\\Github\\saudiex\\vendor\\laravel\\framework\\src\\Illuminate\\Container\\Container.php(706): Illuminate\\Foundation\\Application->resolve('blade.compiler', Array)
#5 C:\\Users\\dell\\Documents\\Github\\saudiex\\vendor\\laravel\\framework\\src\\Illuminate\\Foundation\\Application.php(866): Illuminate\\Container\\Container->make('blade.compiler', Array)
#6 C:\\Users\\dell\\Documents\\Github\\saudiex\\vendor\\laravel\\framework\\src\\Illuminate\\Container\\Container.php(1431): Illuminate\\Foundation\\Application->make('blade.compiler')
#7 C:\\Users\\dell\\Documents\\Github\\saudiex\\vendor\\laravel\\framework\\src\\Illuminate\\Support\\Facades\\Facade.php(222): Illuminate\\Container\\Container->offsetGet('blade.compiler')
#8 C:\\Users\\dell\\Documents\\Github\\saudiex\\vendor\\laravel\\framework\\src\\Illuminate\\Support\\Facades\\Facade.php(193): Illuminate\\Support\\Facades\\Facade::resolveFacadeInstance('blade.compiler')
#9 C:\\Users\\dell\\Documents\\Github\\saudiex\\vendor\\laravel\\framework\\src\\Illuminate\\Support\\Facades\\Facade.php(332): Illuminate\\Support\\Facades\\Facade::getFacadeRoot()
#10 C:\\Users\\dell\\Documents\\Github\\saudiex\\app\\Providers\\AppServiceProvider.php(62): Illuminate\\Support\\Facades\\Facade::__callStatic('withoutDoubleEn...', Array)
#11 C:\\Users\\dell\\Documents\\Github\\saudiex\\vendor\\laravel\\framework\\src\\Illuminate\\Foundation\\Application.php(712): App\\Providers\\AppServiceProvider->register()
#12 C:\\Users\\dell\\Documents\\Github\\saudiex\\vendor\\laravel\\framework\\src\\Illuminate\\Foundation\\ProviderRepository.php(75): Illuminate\\Foundation\\Application->register(Object(App\\Providers\\AppServiceProvider))
#13 C:\\Users\\dell\\Documents\\Github\\saudiex\\vendor\\laravel\\framework\\src\\Illuminate\\Foundation\\Application.php(689): Illuminate\\Foundation\\ProviderRepository->load(Array)
#14 C:\\Users\\dell\\Documents\\Github\\saudiex\\vendor\\laravel\\framework\\src\\Illuminate\\Foundation\\Bootstrap\\RegisterProviders.php(17): Illuminate\\Foundation\\Application->registerConfiguredProviders()
#15 C:\\Users\\dell\\Documents\\Github\\saudiex\\vendor\\laravel\\framework\\src\\Illuminate\\Foundation\\Application.php(265): Illuminate\\Foundation\\Bootstrap\\RegisterProviders->bootstrap(Object(Illuminate\\Foundation\\Application))
#16 C:\\Users\\dell\\Documents\\Github\\saudiex\\vendor\\laravel\\framework\\src\\Illuminate\\Foundation\\Console\\Kernel.php(383): Illuminate\\Foundation\\Application->bootstrapWith(Array)
#17 C:\\Users\\dell\\Documents\\Github\\saudiex\\vendor\\laravel\\framework\\src\\Illuminate\\Foundation\\Console\\Kernel.php(153): Illuminate\\Foundation\\Console\\Kernel->bootstrap()
#18 Command line code(1): Illuminate\\Foundation\\Console\\Kernel->handle(Object(Symfony\\Component\\Console\\Input\\ArgvInput), Object(Symfony\\Component\\Console\\Output\\ConsoleOutput))
#19 {main}
"} 
[2025-10-24 11:17:48] local.ERROR: Please provide a valid cache path. {"exception":"[object] (InvalidArgumentException(code: 0): Please provide a valid cache path. at C:\\Users\\dell\\Documents\\Github\\saudiex\\vendor\\laravel\\framework\\src\\Illuminate\\View\\Compilers\\Compiler.php:66)
[stacktrace]
#0 C:\\Users\\dell\\Documents\\Github\\saudiex\\vendor\\laravel\\framework\\src\\Illuminate\\View\\ViewServiceProvider.php(96): Illuminate\\View\\Compilers\\Compiler->__construct(Object(Illuminate\\Filesystem\\Filesystem), false, '', true, 'php')
#1 C:\\Users\\dell\\Documents\\Github\\saudiex\\vendor\\laravel\\framework\\src\\Illuminate\\Container\\Container.php(885): Illuminate\\View\\ViewServiceProvider->Illuminate\\View\\{closure}(Object(Illuminate\\Foundation\\Application), Array)
#2 C:\\Users\\dell\\Documents\\Github\\saudiex\\vendor\\laravel\\framework\\src\\Illuminate\\Container\\Container.php(770): Illuminate\\Container\\Container->build(Object(Closure))
#3 C:\\Users\\dell\\Documents\\Github\\saudiex\\vendor\\laravel\\framework\\src\\Illuminate\\Foundation\\Application.php(881): Illuminate\\Container\\Container->resolve('blade.compiler', Array, true)
#4 C:\\Users\\dell\\Documents\\Github\\saudiex\\vendor\\laravel\\framework\\src\\Illuminate\\Container\\Container.php(706): Illuminate\\Foundation\\Application->resolve('blade.compiler', Array)
#5 C:\\Users\\dell\\Documents\\Github\\saudiex\\vendor\\laravel\\framework\\src\\Illuminate\\Foundation\\Application.php(866): Illuminate\\Container\\Container->make('blade.compiler', Array)
#6 C:\\Users\\dell\\Documents\\Github\\saudiex\\vendor\\laravel\\framework\\src\\Illuminate\\Container\\Container.php(1431): Illuminate\\Foundation\\Application->make('blade.compiler')
#7 C:\\Users\\dell\\Documents\\Github\\saudiex\\vendor\\laravel\\framework\\src\\Illuminate\\Support\\Facades\\Facade.php(222): Illuminate\\Container\\Container->offsetGet('blade.compiler')
#8 C:\\Users\\dell\\Documents\\Github\\saudiex\\vendor\\laravel\\framework\\src\\Illuminate\\Support\\Facades\\Facade.php(193): Illuminate\\Support\\Facades\\Facade::resolveFacadeInstance('blade.compiler')
#9 C:\\Users\\dell\\Documents\\Github\\saudiex\\vendor\\laravel\\framework\\src\\Illuminate\\Support\\Facades\\Facade.php(332): Illuminate\\Support\\Facades\\Facade::getFacadeRoot()
#10 C:\\Users\\dell\\Documents\\Github\\saudiex\\app\\Providers\\AppServiceProvider.php(62): Illuminate\\Support\\Facades\\Facade::__callStatic('withoutDoubleEn...', Array)
#11 C:\\Users\\dell\\Documents\\Github\\saudiex\\vendor\\laravel\\framework\\src\\Illuminate\\Foundation\\Application.php(712): App\\Providers\\AppServiceProvider->register()
#12 C:\\Users\\dell\\Documents\\Github\\saudiex\\vendor\\laravel\\framework\\src\\Illuminate\\Foundation\\ProviderRepository.php(75): Illuminate\\Foundation\\Application->register(Object(App\\Providers\\AppServiceProvider))
#13 C:\\Users\\dell\\Documents\\Github\\saudiex\\vendor\\laravel\\framework\\src\\Illuminate\\Foundation\\Application.php(689): Illuminate\\Foundation\\ProviderRepository->load(Array)
#14 C:\\Users\\dell\\Documents\\Github\\saudiex\\vendor\\laravel\\framework\\src\\Illuminate\\Foundation\\Bootstrap\\RegisterProviders.php(17): Illuminate\\Foundation\\Application->registerConfiguredProviders()
#15 C:\\Users\\dell\\Documents\\Github\\saudiex\\vendor\\laravel\\framework\\src\\Illuminate\\Foundation\\Application.php(265): Illuminate\\Foundation\\Bootstrap\\RegisterProviders->bootstrap(Object(Illuminate\\Foundation\\Application))
#16 C:\\Users\\dell\\Documents\\Github\\saudiex\\vendor\\laravel\\framework\\src\\Illuminate\\Foundation\\Console\\Kernel.php(383): Illuminate\\Foundation\\Application->bootstrapWith(Array)
#17 C:\\Users\\dell\\Documents\\Github\\saudiex\\vendor\\laravel\\framework\\src\\Illuminate\\Foundation\\Console\\Kernel.php(153): Illuminate\\Foundation\\Console\\Kernel->bootstrap()
#18 Command line code(1): Illuminate\\Foundation\\Console\\Kernel->handle(Object(Symfony\\Component\\Console\\Input\\ArgvInput), Object(Symfony\\Component\\Console\\Output\\ConsoleOutput))
#19 {main}
"} 
[2025-10-24 11:18:19] local.ERROR: Please provide a valid cache path. {"exception":"[object] (InvalidArgumentException(code: 0): Please provide a valid cache path. at C:\\Users\\dell\\Documents\\Github\\saudiex\\vendor\\laravel\\framework\\src\\Illuminate\\View\\Compilers\\Compiler.php:66)
[stacktrace]
#0 C:\\Users\\dell\\Documents\\Github\\saudiex\\vendor\\laravel\\framework\\src\\Illuminate\\View\\ViewServiceProvider.php(96): Illuminate\\View\\Compilers\\Compiler->__construct(Object(Illuminate\\Filesystem\\Filesystem), false, '', true, 'php')
#1 C:\\Users\\dell\\Documents\\Github\\saudiex\\vendor\\laravel\\framework\\src\\Illuminate\\Container\\Container.php(885): Illuminate\\View\\ViewServiceProvider->Illuminate\\View\\{closure}(Object(Illuminate\\Foundation\\Application), Array)
#2 C:\\Users\\dell\\Documents\\Github\\saudiex\\vendor\\laravel\\framework\\src\\Illuminate\\Container\\Container.php(770): Illuminate\\Container\\Container->build(Object(Closure))
#3 C:\\Users\\dell\\Documents\\Github\\saudiex\\vendor\\laravel\\framework\\src\\Illuminate\\Foundation\\Application.php(881): Illuminate\\Container\\Container->resolve('blade.compiler', Array, true)
#4 C:\\Users\\dell\\Documents\\Github\\saudiex\\vendor\\laravel\\framework\\src\\Illuminate\\Container\\Container.php(706): Illuminate\\Foundation\\Application->resolve('blade.compiler', Array)
#5 C:\\Users\\dell\\Documents\\Github\\saudiex\\vendor\\laravel\\framework\\src\\Illuminate\\Foundation\\Application.php(866): Illuminate\\Container\\Container->make('blade.compiler', Array)
#6 C:\\Users\\dell\\Documents\\Github\\saudiex\\vendor\\laravel\\framework\\src\\Illuminate\\Container\\Container.php(1431): Illuminate\\Foundation\\Application->make('blade.compiler')
#7 C:\\Users\\dell\\Documents\\Github\\saudiex\\vendor\\laravel\\framework\\src\\Illuminate\\Support\\Facades\\Facade.php(222): Illuminate\\Container\\Container->offsetGet('blade.compiler')
#8 C:\\Users\\dell\\Documents\\Github\\saudiex\\vendor\\laravel\\framework\\src\\Illuminate\\Support\\Facades\\Facade.php(193): Illuminate\\Support\\Facades\\Facade::resolveFacadeInstance('blade.compiler')
#9 C:\\Users\\dell\\Documents\\Github\\saudiex\\vendor\\laravel\\framework\\src\\Illuminate\\Support\\Facades\\Facade.php(332): Illuminate\\Support\\Facades\\Facade::getFacadeRoot()
#10 C:\\Users\\dell\\Documents\\Github\\saudiex\\app\\Providers\\AppServiceProvider.php(62): Illuminate\\Support\\Facades\\Facade::__callStatic('withoutDoubleEn...', Array)
#11 C:\\Users\\dell\\Documents\\Github\\saudiex\\vendor\\laravel\\framework\\src\\Illuminate\\Foundation\\Application.php(712): App\\Providers\\AppServiceProvider->register()
#12 C:\\Users\\dell\\Documents\\Github\\saudiex\\vendor\\laravel\\framework\\src\\Illuminate\\Foundation\\ProviderRepository.php(75): Illuminate\\Foundation\\Application->register(Object(App\\Providers\\AppServiceProvider))
#13 C:\\Users\\dell\\Documents\\Github\\saudiex\\vendor\\laravel\\framework\\src\\Illuminate\\Foundation\\Application.php(689): Illuminate\\Foundation\\ProviderRepository->load(Array)
#14 C:\\Users\\dell\\Documents\\Github\\saudiex\\vendor\\laravel\\framework\\src\\Illuminate\\Foundation\\Bootstrap\\RegisterProviders.php(17): Illuminate\\Foundation\\Application->registerConfiguredProviders()
#15 C:\\Users\\dell\\Documents\\Github\\saudiex\\vendor\\laravel\\framework\\src\\Illuminate\\Foundation\\Application.php(265): Illuminate\\Foundation\\Bootstrap\\RegisterProviders->bootstrap(Object(Illuminate\\Foundation\\Application))
#16 C:\\Users\\dell\\Documents\\Github\\saudiex\\vendor\\laravel\\framework\\src\\Illuminate\\Foundation\\Console\\Kernel.php(383): Illuminate\\Foundation\\Application->bootstrapWith(Array)
#17 C:\\Users\\dell\\Documents\\Github\\saudiex\\vendor\\laravel\\framework\\src\\Illuminate\\Foundation\\Console\\Kernel.php(153): Illuminate\\Foundation\\Console\\Kernel->bootstrap()
#18 Command line code(1): Illuminate\\Foundation\\Console\\Kernel->handle(Object(Symfony\\Component\\Console\\Input\\ArgvInput), Object(Symfony\\Component\\Console\\Output\\ConsoleOutput))
#19 {main}
"} 
[2025-10-24 11:18:48] local.ERROR: Please provide a valid cache path. {"exception":"[object] (InvalidArgumentException(code: 0): Please provide a valid cache path. at C:\\Users\\dell\\Documents\\Github\\saudiex\\vendor\\laravel\\framework\\src\\Illuminate\\View\\Compilers\\Compiler.php:66)
[stacktrace]
#0 C:\\Users\\dell\\Documents\\Github\\saudiex\\vendor\\laravel\\framework\\src\\Illuminate\\View\\ViewServiceProvider.php(96): Illuminate\\View\\Compilers\\Compiler->__construct(Object(Illuminate\\Filesystem\\Filesystem), false, '', true, 'php')
#1 C:\\Users\\dell\\Documents\\Github\\saudiex\\vendor\\laravel\\framework\\src\\Illuminate\\Container\\Container.php(885): Illuminate\\View\\ViewServiceProvider->Illuminate\\View\\{closure}(Object(Illuminate\\Foundation\\Application), Array)
#2 C:\\Users\\dell\\Documents\\Github\\saudiex\\vendor\\laravel\\framework\\src\\Illuminate\\Container\\Container.php(770): Illuminate\\Container\\Container->build(Object(Closure))
#3 C:\\Users\\dell\\Documents\\Github\\saudiex\\vendor\\laravel\\framework\\src\\Illuminate\\Foundation\\Application.php(881): Illuminate\\Container\\Container->resolve('blade.compiler', Array, true)
#4 C:\\Users\\dell\\Documents\\Github\\saudiex\\vendor\\laravel\\framework\\src\\Illuminate\\Container\\Container.php(706): Illuminate\\Foundation\\Application->resolve('blade.compiler', Array)
#5 C:\\Users\\dell\\Documents\\Github\\saudiex\\vendor\\laravel\\framework\\src\\Illuminate\\Foundation\\Application.php(866): Illuminate\\Container\\Container->make('blade.compiler', Array)
#6 C:\\Users\\dell\\Documents\\Github\\saudiex\\vendor\\laravel\\framework\\src\\Illuminate\\Container\\Container.php(1431): Illuminate\\Foundation\\Application->make('blade.compiler')
#7 C:\\Users\\dell\\Documents\\Github\\saudiex\\vendor\\laravel\\framework\\src\\Illuminate\\Support\\Facades\\Facade.php(222): Illuminate\\Container\\Container->offsetGet('blade.compiler')
#8 C:\\Users\\dell\\Documents\\Github\\saudiex\\vendor\\laravel\\framework\\src\\Illuminate\\Support\\Facades\\Facade.php(193): Illuminate\\Support\\Facades\\Facade::resolveFacadeInstance('blade.compiler')
#9 C:\\Users\\dell\\Documents\\Github\\saudiex\\vendor\\laravel\\framework\\src\\Illuminate\\Support\\Facades\\Facade.php(332): Illuminate\\Support\\Facades\\Facade::getFacadeRoot()
#10 C:\\Users\\dell\\Documents\\Github\\saudiex\\app\\Providers\\AppServiceProvider.php(62): Illuminate\\Support\\Facades\\Facade::__callStatic('withoutDoubleEn...', Array)
#11 C:\\Users\\dell\\Documents\\Github\\saudiex\\vendor\\laravel\\framework\\src\\Illuminate\\Foundation\\Application.php(712): App\\Providers\\AppServiceProvider->register()
#12 C:\\Users\\dell\\Documents\\Github\\saudiex\\vendor\\laravel\\framework\\src\\Illuminate\\Foundation\\ProviderRepository.php(75): Illuminate\\Foundation\\Application->register(Object(App\\Providers\\AppServiceProvider))
#13 C:\\Users\\dell\\Documents\\Github\\saudiex\\vendor\\laravel\\framework\\src\\Illuminate\\Foundation\\Application.php(689): Illuminate\\Foundation\\ProviderRepository->load(Array)
#14 C:\\Users\\dell\\Documents\\Github\\saudiex\\vendor\\laravel\\framework\\src\\Illuminate\\Foundation\\Bootstrap\\RegisterProviders.php(17): Illuminate\\Foundation\\Application->registerConfiguredProviders()
#15 C:\\Users\\dell\\Documents\\Github\\saudiex\\vendor\\laravel\\framework\\src\\Illuminate\\Foundation\\Application.php(265): Illuminate\\Foundation\\Bootstrap\\RegisterProviders->bootstrap(Object(Illuminate\\Foundation\\Application))
#16 C:\\Users\\dell\\Documents\\Github\\saudiex\\vendor\\laravel\\framework\\src\\Illuminate\\Foundation\\Console\\Kernel.php(383): Illuminate\\Foundation\\Application->bootstrapWith(Array)
#17 C:\\Users\\dell\\Documents\\Github\\saudiex\\vendor\\laravel\\framework\\src\\Illuminate\\Foundation\\Console\\Kernel.php(153): Illuminate\\Foundation\\Console\\Kernel->bootstrap()
#18 Command line code(1): Illuminate\\Foundation\\Console\\Kernel->handle(Object(Symfony\\Component\\Console\\Input\\ArgvInput), Object(Symfony\\Component\\Console\\Output\\ConsoleOutput))
#19 {main}
"} 
[2025-10-24 11:18:48] local.ERROR: Please provide a valid cache path. {"exception":"[object] (InvalidArgumentException(code: 0): Please provide a valid cache path. at C:\\Users\\dell\\Documents\\Github\\saudiex\\vendor\\laravel\\framework\\src\\Illuminate\\View\\Compilers\\Compiler.php:66)
[stacktrace]
#0 C:\\Users\\dell\\Documents\\Github\\saudiex\\vendor\\laravel\\framework\\src\\Illuminate\\View\\ViewServiceProvider.php(96): Illuminate\\View\\Compilers\\Compiler->__construct(Object(Illuminate\\Filesystem\\Filesystem), false, '', true, 'php')
#1 C:\\Users\\dell\\Documents\\Github\\saudiex\\vendor\\laravel\\framework\\src\\Illuminate\\Container\\Container.php(885): Illuminate\\View\\ViewServiceProvider->Illuminate\\View\\{closure}(Object(Illuminate\\Foundation\\Application), Array)
#2 C:\\Users\\dell\\Documents\\Github\\saudiex\\vendor\\laravel\\framework\\src\\Illuminate\\Container\\Container.php(770): Illuminate\\Container\\Container->build(Object(Closure))
#3 C:\\Users\\dell\\Documents\\Github\\saudiex\\vendor\\laravel\\framework\\src\\Illuminate\\Foundation\\Application.php(881): Illuminate\\Container\\Container->resolve('blade.compiler', Array, true)
#4 C:\\Users\\dell\\Documents\\Github\\saudiex\\vendor\\laravel\\framework\\src\\Illuminate\\Container\\Container.php(706): Illuminate\\Foundation\\Application->resolve('blade.compiler', Array)
#5 C:\\Users\\dell\\Documents\\Github\\saudiex\\vendor\\laravel\\framework\\src\\Illuminate\\Foundation\\Application.php(866): Illuminate\\Container\\Container->make('blade.compiler', Array)
#6 C:\\Users\\dell\\Documents\\Github\\saudiex\\vendor\\laravel\\framework\\src\\Illuminate\\Container\\Container.php(1431): Illuminate\\Foundation\\Application->make('blade.compiler')
#7 C:\\Users\\dell\\Documents\\Github\\saudiex\\vendor\\laravel\\framework\\src\\Illuminate\\Support\\Facades\\Facade.php(222): Illuminate\\Container\\Container->offsetGet('blade.compiler')
#8 C:\\Users\\dell\\Documents\\Github\\saudiex\\vendor\\laravel\\framework\\src\\Illuminate\\Support\\Facades\\Facade.php(193): Illuminate\\Support\\Facades\\Facade::resolveFacadeInstance('blade.compiler')
#9 C:\\Users\\dell\\Documents\\Github\\saudiex\\vendor\\laravel\\framework\\src\\Illuminate\\Support\\Facades\\Facade.php(332): Illuminate\\Support\\Facades\\Facade::getFacadeRoot()
#10 C:\\Users\\dell\\Documents\\Github\\saudiex\\app\\Providers\\AppServiceProvider.php(62): Illuminate\\Support\\Facades\\Facade::__callStatic('withoutDoubleEn...', Array)
#11 C:\\Users\\dell\\Documents\\Github\\saudiex\\vendor\\laravel\\framework\\src\\Illuminate\\Foundation\\Application.php(712): App\\Providers\\AppServiceProvider->register()
#12 C:\\Users\\dell\\Documents\\Github\\saudiex\\vendor\\laravel\\framework\\src\\Illuminate\\Foundation\\ProviderRepository.php(75): Illuminate\\Foundation\\Application->register(Object(App\\Providers\\AppServiceProvider))
#13 C:\\Users\\dell\\Documents\\Github\\saudiex\\vendor\\laravel\\framework\\src\\Illuminate\\Foundation\\Application.php(689): Illuminate\\Foundation\\ProviderRepository->load(Array)
#14 C:\\Users\\dell\\Documents\\Github\\saudiex\\vendor\\laravel\\framework\\src\\Illuminate\\Foundation\\Bootstrap\\RegisterProviders.php(17): Illuminate\\Foundation\\Application->registerConfiguredProviders()
#15 C:\\Users\\dell\\Documents\\Github\\saudiex\\vendor\\laravel\\framework\\src\\Illuminate\\Foundation\\Application.php(265): Illuminate\\Foundation\\Bootstrap\\RegisterProviders->bootstrap(Object(Illuminate\\Foundation\\Application))
#16 C:\\Users\\dell\\Documents\\Github\\saudiex\\vendor\\laravel\\framework\\src\\Illuminate\\Foundation\\Console\\Kernel.php(383): Illuminate\\Foundation\\Application->bootstrapWith(Array)
#17 C:\\Users\\dell\\Documents\\Github\\saudiex\\vendor\\laravel\\framework\\src\\Illuminate\\Foundation\\Console\\Kernel.php(153): Illuminate\\Foundation\\Console\\Kernel->bootstrap()
#18 Command line code(1): Illuminate\\Foundation\\Console\\Kernel->handle(Object(Symfony\\Component\\Console\\Input\\ArgvInput), Object(Symfony\\Component\\Console\\Output\\ConsoleOutput))
#19 {main}
"} 
[2025-10-24 11:19:48] local.ERROR: Please provide a valid cache path. {"exception":"[object] (InvalidArgumentException(code: 0): Please provide a valid cache path. at C:\\Users\\dell\\Documents\\Github\\saudiex\\vendor\\laravel\\framework\\src\\Illuminate\\View\\Compilers\\Compiler.php:66)
[stacktrace]
#0 C:\\Users\\dell\\Documents\\Github\\saudiex\\vendor\\laravel\\framework\\src\\Illuminate\\View\\ViewServiceProvider.php(96): Illuminate\\View\\Compilers\\Compiler->__construct(Object(Illuminate\\Filesystem\\Filesystem), false, '', true, 'php')
#1 C:\\Users\\dell\\Documents\\Github\\saudiex\\vendor\\laravel\\framework\\src\\Illuminate\\Container\\Container.php(885): Illuminate\\View\\ViewServiceProvider->Illuminate\\View\\{closure}(Object(Illuminate\\Foundation\\Application), Array)
#2 C:\\Users\\dell\\Documents\\Github\\saudiex\\vendor\\laravel\\framework\\src\\Illuminate\\Container\\Container.php(770): Illuminate\\Container\\Container->build(Object(Closure))
#3 C:\\Users\\dell\\Documents\\Github\\saudiex\\vendor\\laravel\\framework\\src\\Illuminate\\Foundation\\Application.php(881): Illuminate\\Container\\Container->resolve('blade.compiler', Array, true)
#4 C:\\Users\\dell\\Documents\\Github\\saudiex\\vendor\\laravel\\framework\\src\\Illuminate\\Container\\Container.php(706): Illuminate\\Foundation\\Application->resolve('blade.compiler', Array)
#5 C:\\Users\\dell\\Documents\\Github\\saudiex\\vendor\\laravel\\framework\\src\\Illuminate\\Foundation\\Application.php(866): Illuminate\\Container\\Container->make('blade.compiler', Array)
#6 C:\\Users\\dell\\Documents\\Github\\saudiex\\vendor\\laravel\\framework\\src\\Illuminate\\Container\\Container.php(1431): Illuminate\\Foundation\\Application->make('blade.compiler')
#7 C:\\Users\\dell\\Documents\\Github\\saudiex\\vendor\\laravel\\framework\\src\\Illuminate\\Support\\Facades\\Facade.php(222): Illuminate\\Container\\Container->offsetGet('blade.compiler')
#8 C:\\Users\\dell\\Documents\\Github\\saudiex\\vendor\\laravel\\framework\\src\\Illuminate\\Support\\Facades\\Facade.php(193): Illuminate\\Support\\Facades\\Facade::resolveFacadeInstance('blade.compiler')
#9 C:\\Users\\dell\\Documents\\Github\\saudiex\\vendor\\laravel\\framework\\src\\Illuminate\\Support\\Facades\\Facade.php(332): Illuminate\\Support\\Facades\\Facade::getFacadeRoot()
#10 C:\\Users\\dell\\Documents\\Github\\saudiex\\app\\Providers\\AppServiceProvider.php(62): Illuminate\\Support\\Facades\\Facade::__callStatic('withoutDoubleEn...', Array)
#11 C:\\Users\\dell\\Documents\\Github\\saudiex\\vendor\\laravel\\framework\\src\\Illuminate\\Foundation\\Application.php(712): App\\Providers\\AppServiceProvider->register()
#12 C:\\Users\\dell\\Documents\\Github\\saudiex\\vendor\\laravel\\framework\\src\\Illuminate\\Foundation\\ProviderRepository.php(75): Illuminate\\Foundation\\Application->register(Object(App\\Providers\\AppServiceProvider))
#13 C:\\Users\\dell\\Documents\\Github\\saudiex\\vendor\\laravel\\framework\\src\\Illuminate\\Foundation\\Application.php(689): Illuminate\\Foundation\\ProviderRepository->load(Array)
#14 C:\\Users\\dell\\Documents\\Github\\saudiex\\vendor\\laravel\\framework\\src\\Illuminate\\Foundation\\Bootstrap\\RegisterProviders.php(17): Illuminate\\Foundation\\Application->registerConfiguredProviders()
#15 C:\\Users\\dell\\Documents\\Github\\saudiex\\vendor\\laravel\\framework\\src\\Illuminate\\Foundation\\Application.php(265): Illuminate\\Foundation\\Bootstrap\\RegisterProviders->bootstrap(Object(Illuminate\\Foundation\\Application))
#16 C:\\Users\\dell\\Documents\\Github\\saudiex\\vendor\\laravel\\framework\\src\\Illuminate\\Foundation\\Console\\Kernel.php(383): Illuminate\\Foundation\\Application->bootstrapWith(Array)
#17 C:\\Users\\dell\\Documents\\Github\\saudiex\\vendor\\laravel\\framework\\src\\Illuminate\\Foundation\\Console\\Kernel.php(153): Illuminate\\Foundation\\Console\\Kernel->bootstrap()
#18 Command line code(1): Illuminate\\Foundation\\Console\\Kernel->handle(Object(Symfony\\Component\\Console\\Input\\ArgvInput), Object(Symfony\\Component\\Console\\Output\\ConsoleOutput))
#19 {main}
"} 
[2025-10-24 11:19:48] local.ERROR: Please provide a valid cache path. {"exception":"[object] (InvalidArgumentException(code: 0): Please provide a valid cache path. at C:\\Users\\dell\\Documents\\Github\\saudiex\\vendor\\laravel\\framework\\src\\Illuminate\\View\\Compilers\\Compiler.php:66)
[stacktrace]
#0 C:\\Users\\dell\\Documents\\Github\\saudiex\\vendor\\laravel\\framework\\src\\Illuminate\\View\\ViewServiceProvider.php(96): Illuminate\\View\\Compilers\\Compiler->__construct(Object(Illuminate\\Filesystem\\Filesystem), false, '', true, 'php')
#1 C:\\Users\\dell\\Documents\\Github\\saudiex\\vendor\\laravel\\framework\\src\\Illuminate\\Container\\Container.php(885): Illuminate\\View\\ViewServiceProvider->Illuminate\\View\\{closure}(Object(Illuminate\\Foundation\\Application), Array)
#2 C:\\Users\\dell\\Documents\\Github\\saudiex\\vendor\\laravel\\framework\\src\\Illuminate\\Container\\Container.php(770): Illuminate\\Container\\Container->build(Object(Closure))
#3 C:\\Users\\dell\\Documents\\Github\\saudiex\\vendor\\laravel\\framework\\src\\Illuminate\\Foundation\\Application.php(881): Illuminate\\Container\\Container->resolve('blade.compiler', Array, true)
#4 C:\\Users\\dell\\Documents\\Github\\saudiex\\vendor\\laravel\\framework\\src\\Illuminate\\Container\\Container.php(706): Illuminate\\Foundation\\Application->resolve('blade.compiler', Array)
#5 C:\\Users\\dell\\Documents\\Github\\saudiex\\vendor\\laravel\\framework\\src\\Illuminate\\Foundation\\Application.php(866): Illuminate\\Container\\Container->make('blade.compiler', Array)
#6 C:\\Users\\dell\\Documents\\Github\\saudiex\\vendor\\laravel\\framework\\src\\Illuminate\\Container\\Container.php(1431): Illuminate\\Foundation\\Application->make('blade.compiler')
#7 C:\\Users\\dell\\Documents\\Github\\saudiex\\vendor\\laravel\\framework\\src\\Illuminate\\Support\\Facades\\Facade.php(222): Illuminate\\Container\\Container->offsetGet('blade.compiler')
#8 C:\\Users\\dell\\Documents\\Github\\saudiex\\vendor\\laravel\\framework\\src\\Illuminate\\Support\\Facades\\Facade.php(193): Illuminate\\Support\\Facades\\Facade::resolveFacadeInstance('blade.compiler')
#9 C:\\Users\\dell\\Documents\\Github\\saudiex\\vendor\\laravel\\framework\\src\\Illuminate\\Support\\Facades\\Facade.php(332): Illuminate\\Support\\Facades\\Facade::getFacadeRoot()
#10 C:\\Users\\dell\\Documents\\Github\\saudiex\\app\\Providers\\AppServiceProvider.php(62): Illuminate\\Support\\Facades\\Facade::__callStatic('withoutDoubleEn...', Array)
#11 C:\\Users\\dell\\Documents\\Github\\saudiex\\vendor\\laravel\\framework\\src\\Illuminate\\Foundation\\Application.php(712): App\\Providers\\AppServiceProvider->register()
#12 C:\\Users\\dell\\Documents\\Github\\saudiex\\vendor\\laravel\\framework\\src\\Illuminate\\Foundation\\ProviderRepository.php(75): Illuminate\\Foundation\\Application->register(Object(App\\Providers\\AppServiceProvider))
#13 C:\\Users\\dell\\Documents\\Github\\saudiex\\vendor\\laravel\\framework\\src\\Illuminate\\Foundation\\Application.php(689): Illuminate\\Foundation\\ProviderRepository->load(Array)
#14 C:\\Users\\dell\\Documents\\Github\\saudiex\\vendor\\laravel\\framework\\src\\Illuminate\\Foundation\\Bootstrap\\RegisterProviders.php(17): Illuminate\\Foundation\\Application->registerConfiguredProviders()
#15 C:\\Users\\dell\\Documents\\Github\\saudiex\\vendor\\laravel\\framework\\src\\Illuminate\\Foundation\\Application.php(265): Illuminate\\Foundation\\Bootstrap\\RegisterProviders->bootstrap(Object(Illuminate\\Foundation\\Application))
#16 C:\\Users\\dell\\Documents\\Github\\saudiex\\vendor\\laravel\\framework\\src\\Illuminate\\Foundation\\Console\\Kernel.php(383): Illuminate\\Foundation\\Application->bootstrapWith(Array)
#17 C:\\Users\\dell\\Documents\\Github\\saudiex\\vendor\\laravel\\framework\\src\\Illuminate\\Foundation\\Console\\Kernel.php(153): Illuminate\\Foundation\\Console\\Kernel->bootstrap()
#18 Command line code(1): Illuminate\\Foundation\\Console\\Kernel->handle(Object(Symfony\\Component\\Console\\Input\\ArgvInput), Object(Symfony\\Component\\Console\\Output\\ConsoleOutput))
#19 {main}
"} 
[2025-10-24 11:20:48] local.ERROR: Please provide a valid cache path. {"exception":"[object] (InvalidArgumentException(code: 0): Please provide a valid cache path. at C:\\Users\\dell\\Documents\\Github\\saudiex\\vendor\\laravel\\framework\\src\\Illuminate\\View\\Compilers\\Compiler.php:66)
[stacktrace]
#0 C:\\Users\\dell\\Documents\\Github\\saudiex\\vendor\\laravel\\framework\\src\\Illuminate\\View\\ViewServiceProvider.php(96): Illuminate\\View\\Compilers\\Compiler->__construct(Object(Illuminate\\Filesystem\\Filesystem), false, '', true, 'php')
#1 C:\\Users\\dell\\Documents\\Github\\saudiex\\vendor\\laravel\\framework\\src\\Illuminate\\Container\\Container.php(885): Illuminate\\View\\ViewServiceProvider->Illuminate\\View\\{closure}(Object(Illuminate\\Foundation\\Application), Array)
#2 C:\\Users\\dell\\Documents\\Github\\saudiex\\vendor\\laravel\\framework\\src\\Illuminate\\Container\\Container.php(770): Illuminate\\Container\\Container->build(Object(Closure))
#3 C:\\Users\\dell\\Documents\\Github\\saudiex\\vendor\\laravel\\framework\\src\\Illuminate\\Foundation\\Application.php(881): Illuminate\\Container\\Container->resolve('blade.compiler', Array, true)
#4 C:\\Users\\dell\\Documents\\Github\\saudiex\\vendor\\laravel\\framework\\src\\Illuminate\\Container\\Container.php(706): Illuminate\\Foundation\\Application->resolve('blade.compiler', Array)
#5 C:\\Users\\dell\\Documents\\Github\\saudiex\\vendor\\laravel\\framework\\src\\Illuminate\\Foundation\\Application.php(866): Illuminate\\Container\\Container->make('blade.compiler', Array)
#6 C:\\Users\\dell\\Documents\\Github\\saudiex\\vendor\\laravel\\framework\\src\\Illuminate\\Container\\Container.php(1431): Illuminate\\Foundation\\Application->make('blade.compiler')
#7 C:\\Users\\dell\\Documents\\Github\\saudiex\\vendor\\laravel\\framework\\src\\Illuminate\\Support\\Facades\\Facade.php(222): Illuminate\\Container\\Container->offsetGet('blade.compiler')
#8 C:\\Users\\dell\\Documents\\Github\\saudiex\\vendor\\laravel\\framework\\src\\Illuminate\\Support\\Facades\\Facade.php(193): Illuminate\\Support\\Facades\\Facade::resolveFacadeInstance('blade.compiler')
#9 C:\\Users\\dell\\Documents\\Github\\saudiex\\vendor\\laravel\\framework\\src\\Illuminate\\Support\\Facades\\Facade.php(332): Illuminate\\Support\\Facades\\Facade::getFacadeRoot()
#10 C:\\Users\\dell\\Documents\\Github\\saudiex\\app\\Providers\\AppServiceProvider.php(62): Illuminate\\Support\\Facades\\Facade::__callStatic('withoutDoubleEn...', Array)
#11 C:\\Users\\dell\\Documents\\Github\\saudiex\\vendor\\laravel\\framework\\src\\Illuminate\\Foundation\\Application.php(712): App\\Providers\\AppServiceProvider->register()
#12 C:\\Users\\dell\\Documents\\Github\\saudiex\\vendor\\laravel\\framework\\src\\Illuminate\\Foundation\\ProviderRepository.php(75): Illuminate\\Foundation\\Application->register(Object(App\\Providers\\AppServiceProvider))
#13 C:\\Users\\dell\\Documents\\Github\\saudiex\\vendor\\laravel\\framework\\src\\Illuminate\\Foundation\\Application.php(689): Illuminate\\Foundation\\ProviderRepository->load(Array)
#14 C:\\Users\\dell\\Documents\\Github\\saudiex\\vendor\\laravel\\framework\\src\\Illuminate\\Foundation\\Bootstrap\\RegisterProviders.php(17): Illuminate\\Foundation\\Application->registerConfiguredProviders()
#15 C:\\Users\\dell\\Documents\\Github\\saudiex\\vendor\\laravel\\framework\\src\\Illuminate\\Foundation\\Application.php(265): Illuminate\\Foundation\\Bootstrap\\RegisterProviders->bootstrap(Object(Illuminate\\Foundation\\Application))
#16 C:\\Users\\dell\\Documents\\Github\\saudiex\\vendor\\laravel\\framework\\src\\Illuminate\\Foundation\\Console\\Kernel.php(383): Illuminate\\Foundation\\Application->bootstrapWith(Array)
#17 C:\\Users\\dell\\Documents\\Github\\saudiex\\vendor\\laravel\\framework\\src\\Illuminate\\Foundation\\Console\\Kernel.php(153): Illuminate\\Foundation\\Console\\Kernel->bootstrap()
#18 Command line code(1): Illuminate\\Foundation\\Console\\Kernel->handle(Object(Symfony\\Component\\Console\\Input\\ArgvInput), Object(Symfony\\Component\\Console\\Output\\ConsoleOutput))
#19 {main}
"} 
[2025-10-24 11:20:48] local.ERROR: Please provide a valid cache path. {"exception":"[object] (InvalidArgumentException(code: 0): Please provide a valid cache path. at C:\\Users\\dell\\Documents\\Github\\saudiex\\vendor\\laravel\\framework\\src\\Illuminate\\View\\Compilers\\Compiler.php:66)
[stacktrace]
#0 C:\\Users\\dell\\Documents\\Github\\saudiex\\vendor\\laravel\\framework\\src\\Illuminate\\View\\ViewServiceProvider.php(96): Illuminate\\View\\Compilers\\Compiler->__construct(Object(Illuminate\\Filesystem\\Filesystem), false, '', true, 'php')
#1 C:\\Users\\dell\\Documents\\Github\\saudiex\\vendor\\laravel\\framework\\src\\Illuminate\\Container\\Container.php(885): Illuminate\\View\\ViewServiceProvider->Illuminate\\View\\{closure}(Object(Illuminate\\Foundation\\Application), Array)
#2 C:\\Users\\dell\\Documents\\Github\\saudiex\\vendor\\laravel\\framework\\src\\Illuminate\\Container\\Container.php(770): Illuminate\\Container\\Container->build(Object(Closure))
#3 C:\\Users\\dell\\Documents\\Github\\saudiex\\vendor\\laravel\\framework\\src\\Illuminate\\Foundation\\Application.php(881): Illuminate\\Container\\Container->resolve('blade.compiler', Array, true)
#4 C:\\Users\\dell\\Documents\\Github\\saudiex\\vendor\\laravel\\framework\\src\\Illuminate\\Container\\Container.php(706): Illuminate\\Foundation\\Application->resolve('blade.compiler', Array)
#5 C:\\Users\\dell\\Documents\\Github\\saudiex\\vendor\\laravel\\framework\\src\\Illuminate\\Foundation\\Application.php(866): Illuminate\\Container\\Container->make('blade.compiler', Array)
#6 C:\\Users\\dell\\Documents\\Github\\saudiex\\vendor\\laravel\\framework\\src\\Illuminate\\Container\\Container.php(1431): Illuminate\\Foundation\\Application->make('blade.compiler')
#7 C:\\Users\\dell\\Documents\\Github\\saudiex\\vendor\\laravel\\framework\\src\\Illuminate\\Support\\Facades\\Facade.php(222): Illuminate\\Container\\Container->offsetGet('blade.compiler')
#8 C:\\Users\\dell\\Documents\\Github\\saudiex\\vendor\\laravel\\framework\\src\\Illuminate\\Support\\Facades\\Facade.php(193): Illuminate\\Support\\Facades\\Facade::resolveFacadeInstance('blade.compiler')
#9 C:\\Users\\dell\\Documents\\Github\\saudiex\\vendor\\laravel\\framework\\src\\Illuminate\\Support\\Facades\\Facade.php(332): Illuminate\\Support\\Facades\\Facade::getFacadeRoot()
#10 C:\\Users\\dell\\Documents\\Github\\saudiex\\app\\Providers\\AppServiceProvider.php(62): Illuminate\\Support\\Facades\\Facade::__callStatic('withoutDoubleEn...', Array)
#11 C:\\Users\\dell\\Documents\\Github\\saudiex\\vendor\\laravel\\framework\\src\\Illuminate\\Foundation\\Application.php(712): App\\Providers\\AppServiceProvider->register()
#12 C:\\Users\\dell\\Documents\\Github\\saudiex\\vendor\\laravel\\framework\\src\\Illuminate\\Foundation\\ProviderRepository.php(75): Illuminate\\Foundation\\Application->register(Object(App\\Providers\\AppServiceProvider))
#13 C:\\Users\\dell\\Documents\\Github\\saudiex\\vendor\\laravel\\framework\\src\\Illuminate\\Foundation\\Application.php(689): Illuminate\\Foundation\\ProviderRepository->load(Array)
#14 C:\\Users\\dell\\Documents\\Github\\saudiex\\vendor\\laravel\\framework\\src\\Illuminate\\Foundation\\Bootstrap\\RegisterProviders.php(17): Illuminate\\Foundation\\Application->registerConfiguredProviders()
#15 C:\\Users\\dell\\Documents\\Github\\saudiex\\vendor\\laravel\\framework\\src\\Illuminate\\Foundation\\Application.php(265): Illuminate\\Foundation\\Bootstrap\\RegisterProviders->bootstrap(Object(Illuminate\\Foundation\\Application))
#16 C:\\Users\\dell\\Documents\\Github\\saudiex\\vendor\\laravel\\framework\\src\\Illuminate\\Foundation\\Console\\Kernel.php(383): Illuminate\\Foundation\\Application->bootstrapWith(Array)
#17 C:\\Users\\dell\\Documents\\Github\\saudiex\\vendor\\laravel\\framework\\src\\Illuminate\\Foundation\\Console\\Kernel.php(153): Illuminate\\Foundation\\Console\\Kernel->bootstrap()
#18 Command line code(1): Illuminate\\Foundation\\Console\\Kernel->handle(Object(Symfony\\Component\\Console\\Input\\ArgvInput), Object(Symfony\\Component\\Console\\Output\\ConsoleOutput))
#19 {main}
"} 
[2025-10-24 11:21:48] local.ERROR: Please provide a valid cache path. {"exception":"[object] (InvalidArgumentException(code: 0): Please provide a valid cache path. at C:\\Users\\dell\\Documents\\Github\\saudiex\\vendor\\laravel\\framework\\src\\Illuminate\\View\\Compilers\\Compiler.php:66)
[stacktrace]
#0 C:\\Users\\dell\\Documents\\Github\\saudiex\\vendor\\laravel\\framework\\src\\Illuminate\\View\\ViewServiceProvider.php(96): Illuminate\\View\\Compilers\\Compiler->__construct(Object(Illuminate\\Filesystem\\Filesystem), false, '', true, 'php')
#1 C:\\Users\\dell\\Documents\\Github\\saudiex\\vendor\\laravel\\framework\\src\\Illuminate\\Container\\Container.php(885): Illuminate\\View\\ViewServiceProvider->Illuminate\\View\\{closure}(Object(Illuminate\\Foundation\\Application), Array)
#2 C:\\Users\\dell\\Documents\\Github\\saudiex\\vendor\\laravel\\framework\\src\\Illuminate\\Container\\Container.php(770): Illuminate\\Container\\Container->build(Object(Closure))
#3 C:\\Users\\dell\\Documents\\Github\\saudiex\\vendor\\laravel\\framework\\src\\Illuminate\\Foundation\\Application.php(881): Illuminate\\Container\\Container->resolve('blade.compiler', Array, true)
#4 C:\\Users\\dell\\Documents\\Github\\saudiex\\vendor\\laravel\\framework\\src\\Illuminate\\Container\\Container.php(706): Illuminate\\Foundation\\Application->resolve('blade.compiler', Array)
#5 C:\\Users\\dell\\Documents\\Github\\saudiex\\vendor\\laravel\\framework\\src\\Illuminate\\Foundation\\Application.php(866): Illuminate\\Container\\Container->make('blade.compiler', Array)
#6 C:\\Users\\dell\\Documents\\Github\\saudiex\\vendor\\laravel\\framework\\src\\Illuminate\\Container\\Container.php(1431): Illuminate\\Foundation\\Application->make('blade.compiler')
#7 C:\\Users\\dell\\Documents\\Github\\saudiex\\vendor\\laravel\\framework\\src\\Illuminate\\Support\\Facades\\Facade.php(222): Illuminate\\Container\\Container->offsetGet('blade.compiler')
#8 C:\\Users\\dell\\Documents\\Github\\saudiex\\vendor\\laravel\\framework\\src\\Illuminate\\Support\\Facades\\Facade.php(193): Illuminate\\Support\\Facades\\Facade::resolveFacadeInstance('blade.compiler')
#9 C:\\Users\\dell\\Documents\\Github\\saudiex\\vendor\\laravel\\framework\\src\\Illuminate\\Support\\Facades\\Facade.php(332): Illuminate\\Support\\Facades\\Facade::getFacadeRoot()
#10 C:\\Users\\dell\\Documents\\Github\\saudiex\\app\\Providers\\AppServiceProvider.php(62): Illuminate\\Support\\Facades\\Facade::__callStatic('withoutDoubleEn...', Array)
#11 C:\\Users\\dell\\Documents\\Github\\saudiex\\vendor\\laravel\\framework\\src\\Illuminate\\Foundation\\Application.php(712): App\\Providers\\AppServiceProvider->register()
#12 C:\\Users\\dell\\Documents\\Github\\saudiex\\vendor\\laravel\\framework\\src\\Illuminate\\Foundation\\ProviderRepository.php(75): Illuminate\\Foundation\\Application->register(Object(App\\Providers\\AppServiceProvider))
#13 C:\\Users\\dell\\Documents\\Github\\saudiex\\vendor\\laravel\\framework\\src\\Illuminate\\Foundation\\Application.php(689): Illuminate\\Foundation\\ProviderRepository->load(Array)
#14 C:\\Users\\dell\\Documents\\Github\\saudiex\\vendor\\laravel\\framework\\src\\Illuminate\\Foundation\\Bootstrap\\RegisterProviders.php(17): Illuminate\\Foundation\\Application->registerConfiguredProviders()
#15 C:\\Users\\dell\\Documents\\Github\\saudiex\\vendor\\laravel\\framework\\src\\Illuminate\\Foundation\\Application.php(265): Illuminate\\Foundation\\Bootstrap\\RegisterProviders->bootstrap(Object(Illuminate\\Foundation\\Application))
#16 C:\\Users\\dell\\Documents\\Github\\saudiex\\vendor\\laravel\\framework\\src\\Illuminate\\Foundation\\Console\\Kernel.php(383): Illuminate\\Foundation\\Application->bootstrapWith(Array)
#17 C:\\Users\\dell\\Documents\\Github\\saudiex\\vendor\\laravel\\framework\\src\\Illuminate\\Foundation\\Console\\Kernel.php(153): Illuminate\\Foundation\\Console\\Kernel->bootstrap()
#18 Command line code(1): Illuminate\\Foundation\\Console\\Kernel->handle(Object(Symfony\\Component\\Console\\Input\\ArgvInput), Object(Symfony\\Component\\Console\\Output\\ConsoleOutput))
#19 {main}
"} 
[2025-10-24 11:21:48] local.ERROR: Please provide a valid cache path. {"exception":"[object] (InvalidArgumentException(code: 0): Please provide a valid cache path. at C:\\Users\\dell\\Documents\\Github\\saudiex\\vendor\\laravel\\framework\\src\\Illuminate\\View\\Compilers\\Compiler.php:66)
[stacktrace]
#0 C:\\Users\\dell\\Documents\\Github\\saudiex\\vendor\\laravel\\framework\\src\\Illuminate\\View\\ViewServiceProvider.php(96): Illuminate\\View\\Compilers\\Compiler->__construct(Object(Illuminate\\Filesystem\\Filesystem), false, '', true, 'php')
#1 C:\\Users\\dell\\Documents\\Github\\saudiex\\vendor\\laravel\\framework\\src\\Illuminate\\Container\\Container.php(885): Illuminate\\View\\ViewServiceProvider->Illuminate\\View\\{closure}(Object(Illuminate\\Foundation\\Application), Array)
#2 C:\\Users\\dell\\Documents\\Github\\saudiex\\vendor\\laravel\\framework\\src\\Illuminate\\Container\\Container.php(770): Illuminate\\Container\\Container->build(Object(Closure))
#3 C:\\Users\\dell\\Documents\\Github\\saudiex\\vendor\\laravel\\framework\\src\\Illuminate\\Foundation\\Application.php(881): Illuminate\\Container\\Container->resolve('blade.compiler', Array, true)
#4 C:\\Users\\dell\\Documents\\Github\\saudiex\\vendor\\laravel\\framework\\src\\Illuminate\\Container\\Container.php(706): Illuminate\\Foundation\\Application->resolve('blade.compiler', Array)
#5 C:\\Users\\dell\\Documents\\Github\\saudiex\\vendor\\laravel\\framework\\src\\Illuminate\\Foundation\\Application.php(866): Illuminate\\Container\\Container->make('blade.compiler', Array)
#6 C:\\Users\\dell\\Documents\\Github\\saudiex\\vendor\\laravel\\framework\\src\\Illuminate\\Container\\Container.php(1431): Illuminate\\Foundation\\Application->make('blade.compiler')
#7 C:\\Users\\dell\\Documents\\Github\\saudiex\\vendor\\laravel\\framework\\src\\Illuminate\\Support\\Facades\\Facade.php(222): Illuminate\\Container\\Container->offsetGet('blade.compiler')
#8 C:\\Users\\dell\\Documents\\Github\\saudiex\\vendor\\laravel\\framework\\src\\Illuminate\\Support\\Facades\\Facade.php(193): Illuminate\\Support\\Facades\\Facade::resolveFacadeInstance('blade.compiler')
#9 C:\\Users\\dell\\Documents\\Github\\saudiex\\vendor\\laravel\\framework\\src\\Illuminate\\Support\\Facades\\Facade.php(332): Illuminate\\Support\\Facades\\Facade::getFacadeRoot()
#10 C:\\Users\\dell\\Documents\\Github\\saudiex\\app\\Providers\\AppServiceProvider.php(62): Illuminate\\Support\\Facades\\Facade::__callStatic('withoutDoubleEn...', Array)
#11 C:\\Users\\dell\\Documents\\Github\\saudiex\\vendor\\laravel\\framework\\src\\Illuminate\\Foundation\\Application.php(712): App\\Providers\\AppServiceProvider->register()
#12 C:\\Users\\dell\\Documents\\Github\\saudiex\\vendor\\laravel\\framework\\src\\Illuminate\\Foundation\\ProviderRepository.php(75): Illuminate\\Foundation\\Application->register(Object(App\\Providers\\AppServiceProvider))
#13 C:\\Users\\dell\\Documents\\Github\\saudiex\\vendor\\laravel\\framework\\src\\Illuminate\\Foundation\\Application.php(689): Illuminate\\Foundation\\ProviderRepository->load(Array)
#14 C:\\Users\\dell\\Documents\\Github\\saudiex\\vendor\\laravel\\framework\\src\\Illuminate\\Foundation\\Bootstrap\\RegisterProviders.php(17): Illuminate\\Foundation\\Application->registerConfiguredProviders()
#15 C:\\Users\\dell\\Documents\\Github\\saudiex\\vendor\\laravel\\framework\\src\\Illuminate\\Foundation\\Application.php(265): Illuminate\\Foundation\\Bootstrap\\RegisterProviders->bootstrap(Object(Illuminate\\Foundation\\Application))
#16 C:\\Users\\dell\\Documents\\Github\\saudiex\\vendor\\laravel\\framework\\src\\Illuminate\\Foundation\\Console\\Kernel.php(383): Illuminate\\Foundation\\Application->bootstrapWith(Array)
#17 C:\\Users\\dell\\Documents\\Github\\saudiex\\vendor\\laravel\\framework\\src\\Illuminate\\Foundation\\Console\\Kernel.php(153): Illuminate\\Foundation\\Console\\Kernel->bootstrap()
#18 Command line code(1): Illuminate\\Foundation\\Console\\Kernel->handle(Object(Symfony\\Component\\Console\\Input\\ArgvInput), Object(Symfony\\Component\\Console\\Output\\ConsoleOutput))
#19 {main}
"} 
[2025-10-24 11:22:48] local.ERROR: Please provide a valid cache path. {"exception":"[object] (InvalidArgumentException(code: 0): Please provide a valid cache path. at C:\\Users\\dell\\Documents\\Github\\saudiex\\vendor\\laravel\\framework\\src\\Illuminate\\View\\Compilers\\Compiler.php:66)
[stacktrace]
#0 C:\\Users\\dell\\Documents\\Github\\saudiex\\vendor\\laravel\\framework\\src\\Illuminate\\View\\ViewServiceProvider.php(96): Illuminate\\View\\Compilers\\Compiler->__construct(Object(Illuminate\\Filesystem\\Filesystem), false, '', true, 'php')
#1 C:\\Users\\dell\\Documents\\Github\\saudiex\\vendor\\laravel\\framework\\src\\Illuminate\\Container\\Container.php(885): Illuminate\\View\\ViewServiceProvider->Illuminate\\View\\{closure}(Object(Illuminate\\Foundation\\Application), Array)
#2 C:\\Users\\dell\\Documents\\Github\\saudiex\\vendor\\laravel\\framework\\src\\Illuminate\\Container\\Container.php(770): Illuminate\\Container\\Container->build(Object(Closure))
#3 C:\\Users\\dell\\Documents\\Github\\saudiex\\vendor\\laravel\\framework\\src\\Illuminate\\Foundation\\Application.php(881): Illuminate\\Container\\Container->resolve('blade.compiler', Array, true)
#4 C:\\Users\\dell\\Documents\\Github\\saudiex\\vendor\\laravel\\framework\\src\\Illuminate\\Container\\Container.php(706): Illuminate\\Foundation\\Application->resolve('blade.compiler', Array)
#5 C:\\Users\\dell\\Documents\\Github\\saudiex\\vendor\\laravel\\framework\\src\\Illuminate\\Foundation\\Application.php(866): Illuminate\\Container\\Container->make('blade.compiler', Array)
#6 C:\\Users\\dell\\Documents\\Github\\saudiex\\vendor\\laravel\\framework\\src\\Illuminate\\Container\\Container.php(1431): Illuminate\\Foundation\\Application->make('blade.compiler')
#7 C:\\Users\\dell\\Documents\\Github\\saudiex\\vendor\\laravel\\framework\\src\\Illuminate\\Support\\Facades\\Facade.php(222): Illuminate\\Container\\Container->offsetGet('blade.compiler')
#8 C:\\Users\\dell\\Documents\\Github\\saudiex\\vendor\\laravel\\framework\\src\\Illuminate\\Support\\Facades\\Facade.php(193): Illuminate\\Support\\Facades\\Facade::resolveFacadeInstance('blade.compiler')
#9 C:\\Users\\dell\\Documents\\Github\\saudiex\\vendor\\laravel\\framework\\src\\Illuminate\\Support\\Facades\\Facade.php(332): Illuminate\\Support\\Facades\\Facade::getFacadeRoot()
#10 C:\\Users\\dell\\Documents\\Github\\saudiex\\app\\Providers\\AppServiceProvider.php(62): Illuminate\\Support\\Facades\\Facade::__callStatic('withoutDoubleEn...', Array)
#11 C:\\Users\\dell\\Documents\\Github\\saudiex\\vendor\\laravel\\framework\\src\\Illuminate\\Foundation\\Application.php(712): App\\Providers\\AppServiceProvider->register()
#12 C:\\Users\\dell\\Documents\\Github\\saudiex\\vendor\\laravel\\framework\\src\\Illuminate\\Foundation\\ProviderRepository.php(75): Illuminate\\Foundation\\Application->register(Object(App\\Providers\\AppServiceProvider))
#13 C:\\Users\\dell\\Documents\\Github\\saudiex\\vendor\\laravel\\framework\\src\\Illuminate\\Foundation\\Application.php(689): Illuminate\\Foundation\\ProviderRepository->load(Array)
#14 C:\\Users\\dell\\Documents\\Github\\saudiex\\vendor\\laravel\\framework\\src\\Illuminate\\Foundation\\Bootstrap\\RegisterProviders.php(17): Illuminate\\Foundation\\Application->registerConfiguredProviders()
#15 C:\\Users\\dell\\Documents\\Github\\saudiex\\vendor\\laravel\\framework\\src\\Illuminate\\Foundation\\Application.php(265): Illuminate\\Foundation\\Bootstrap\\RegisterProviders->bootstrap(Object(Illuminate\\Foundation\\Application))
#16 C:\\Users\\dell\\Documents\\Github\\saudiex\\vendor\\laravel\\framework\\src\\Illuminate\\Foundation\\Console\\Kernel.php(383): Illuminate\\Foundation\\Application->bootstrapWith(Array)
#17 C:\\Users\\dell\\Documents\\Github\\saudiex\\vendor\\laravel\\framework\\src\\Illuminate\\Foundation\\Console\\Kernel.php(153): Illuminate\\Foundation\\Console\\Kernel->bootstrap()
#18 Command line code(1): Illuminate\\Foundation\\Console\\Kernel->handle(Object(Symfony\\Component\\Console\\Input\\ArgvInput), Object(Symfony\\Component\\Console\\Output\\ConsoleOutput))
#19 {main}
"} 
[2025-10-24 11:22:48] local.ERROR: Please provide a valid cache path. {"exception":"[object] (InvalidArgumentException(code: 0): Please provide a valid cache path. at C:\\Users\\dell\\Documents\\Github\\saudiex\\vendor\\laravel\\framework\\src\\Illuminate\\View\\Compilers\\Compiler.php:66)
[stacktrace]
#0 C:\\Users\\dell\\Documents\\Github\\saudiex\\vendor\\laravel\\framework\\src\\Illuminate\\View\\ViewServiceProvider.php(96): Illuminate\\View\\Compilers\\Compiler->__construct(Object(Illuminate\\Filesystem\\Filesystem), false, '', true, 'php')
#1 C:\\Users\\dell\\Documents\\Github\\saudiex\\vendor\\laravel\\framework\\src\\Illuminate\\Container\\Container.php(885): Illuminate\\View\\ViewServiceProvider->Illuminate\\View\\{closure}(Object(Illuminate\\Foundation\\Application), Array)
#2 C:\\Users\\dell\\Documents\\Github\\saudiex\\vendor\\laravel\\framework\\src\\Illuminate\\Container\\Container.php(770): Illuminate\\Container\\Container->build(Object(Closure))
#3 C:\\Users\\dell\\Documents\\Github\\saudiex\\vendor\\laravel\\framework\\src\\Illuminate\\Foundation\\Application.php(881): Illuminate\\Container\\Container->resolve('blade.compiler', Array, true)
#4 C:\\Users\\dell\\Documents\\Github\\saudiex\\vendor\\laravel\\framework\\src\\Illuminate\\Container\\Container.php(706): Illuminate\\Foundation\\Application->resolve('blade.compiler', Array)
#5 C:\\Users\\dell\\Documents\\Github\\saudiex\\vendor\\laravel\\framework\\src\\Illuminate\\Foundation\\Application.php(866): Illuminate\\Container\\Container->make('blade.compiler', Array)
#6 C:\\Users\\dell\\Documents\\Github\\saudiex\\vendor\\laravel\\framework\\src\\Illuminate\\Container\\Container.php(1431): Illuminate\\Foundation\\Application->make('blade.compiler')
#7 C:\\Users\\dell\\Documents\\Github\\saudiex\\vendor\\laravel\\framework\\src\\Illuminate\\Support\\Facades\\Facade.php(222): Illuminate\\Container\\Container->offsetGet('blade.compiler')
#8 C:\\Users\\dell\\Documents\\Github\\saudiex\\vendor\\laravel\\framework\\src\\Illuminate\\Support\\Facades\\Facade.php(193): Illuminate\\Support\\Facades\\Facade::resolveFacadeInstance('blade.compiler')
#9 C:\\Users\\dell\\Documents\\Github\\saudiex\\vendor\\laravel\\framework\\src\\Illuminate\\Support\\Facades\\Facade.php(332): Illuminate\\Support\\Facades\\Facade::getFacadeRoot()
#10 C:\\Users\\dell\\Documents\\Github\\saudiex\\app\\Providers\\AppServiceProvider.php(62): Illuminate\\Support\\Facades\\Facade::__callStatic('withoutDoubleEn...', Array)
#11 C:\\Users\\dell\\Documents\\Github\\saudiex\\vendor\\laravel\\framework\\src\\Illuminate\\Foundation\\Application.php(712): App\\Providers\\AppServiceProvider->register()
#12 C:\\Users\\dell\\Documents\\Github\\saudiex\\vendor\\laravel\\framework\\src\\Illuminate\\Foundation\\ProviderRepository.php(75): Illuminate\\Foundation\\Application->register(Object(App\\Providers\\AppServiceProvider))
#13 C:\\Users\\dell\\Documents\\Github\\saudiex\\vendor\\laravel\\framework\\src\\Illuminate\\Foundation\\Application.php(689): Illuminate\\Foundation\\ProviderRepository->load(Array)
#14 C:\\Users\\dell\\Documents\\Github\\saudiex\\vendor\\laravel\\framework\\src\\Illuminate\\Foundation\\Bootstrap\\RegisterProviders.php(17): Illuminate\\Foundation\\Application->registerConfiguredProviders()
#15 C:\\Users\\dell\\Documents\\Github\\saudiex\\vendor\\laravel\\framework\\src\\Illuminate\\Foundation\\Application.php(265): Illuminate\\Foundation\\Bootstrap\\RegisterProviders->bootstrap(Object(Illuminate\\Foundation\\Application))
#16 C:\\Users\\dell\\Documents\\Github\\saudiex\\vendor\\laravel\\framework\\src\\Illuminate\\Foundation\\Console\\Kernel.php(383): Illuminate\\Foundation\\Application->bootstrapWith(Array)
#17 C:\\Users\\dell\\Documents\\Github\\saudiex\\vendor\\laravel\\framework\\src\\Illuminate\\Foundation\\Console\\Kernel.php(153): Illuminate\\Foundation\\Console\\Kernel->bootstrap()
#18 Command line code(1): Illuminate\\Foundation\\Console\\Kernel->handle(Object(Symfony\\Component\\Console\\Input\\ArgvInput), Object(Symfony\\Component\\Console\\Output\\ConsoleOutput))
#19 {main}
"} 
[2025-10-24 11:23:48] local.ERROR: Please provide a valid cache path. {"exception":"[object] (InvalidArgumentException(code: 0): Please provide a valid cache path. at C:\\Users\\dell\\Documents\\Github\\saudiex\\vendor\\laravel\\framework\\src\\Illuminate\\View\\Compilers\\Compiler.php:66)
[stacktrace]
#0 C:\\Users\\dell\\Documents\\Github\\saudiex\\vendor\\laravel\\framework\\src\\Illuminate\\View\\ViewServiceProvider.php(96): Illuminate\\View\\Compilers\\Compiler->__construct(Object(Illuminate\\Filesystem\\Filesystem), false, '', true, 'php')
#1 C:\\Users\\dell\\Documents\\Github\\saudiex\\vendor\\laravel\\framework\\src\\Illuminate\\Container\\Container.php(885): Illuminate\\View\\ViewServiceProvider->Illuminate\\View\\{closure}(Object(Illuminate\\Foundation\\Application), Array)
#2 C:\\Users\\dell\\Documents\\Github\\saudiex\\vendor\\laravel\\framework\\src\\Illuminate\\Container\\Container.php(770): Illuminate\\Container\\Container->build(Object(Closure))
#3 C:\\Users\\dell\\Documents\\Github\\saudiex\\vendor\\laravel\\framework\\src\\Illuminate\\Foundation\\Application.php(881): Illuminate\\Container\\Container->resolve('blade.compiler', Array, true)
#4 C:\\Users\\dell\\Documents\\Github\\saudiex\\vendor\\laravel\\framework\\src\\Illuminate\\Container\\Container.php(706): Illuminate\\Foundation\\Application->resolve('blade.compiler', Array)
#5 C:\\Users\\dell\\Documents\\Github\\saudiex\\vendor\\laravel\\framework\\src\\Illuminate\\Foundation\\Application.php(866): Illuminate\\Container\\Container->make('blade.compiler', Array)
#6 C:\\Users\\dell\\Documents\\Github\\saudiex\\vendor\\laravel\\framework\\src\\Illuminate\\Container\\Container.php(1431): Illuminate\\Foundation\\Application->make('blade.compiler')
#7 C:\\Users\\dell\\Documents\\Github\\saudiex\\vendor\\laravel\\framework\\src\\Illuminate\\Support\\Facades\\Facade.php(222): Illuminate\\Container\\Container->offsetGet('blade.compiler')
#8 C:\\Users\\dell\\Documents\\Github\\saudiex\\vendor\\laravel\\framework\\src\\Illuminate\\Support\\Facades\\Facade.php(193): Illuminate\\Support\\Facades\\Facade::resolveFacadeInstance('blade.compiler')
#9 C:\\Users\\dell\\Documents\\Github\\saudiex\\vendor\\laravel\\framework\\src\\Illuminate\\Support\\Facades\\Facade.php(332): Illuminate\\Support\\Facades\\Facade::getFacadeRoot()
#10 C:\\Users\\dell\\Documents\\Github\\saudiex\\app\\Providers\\AppServiceProvider.php(62): Illuminate\\Support\\Facades\\Facade::__callStatic('withoutDoubleEn...', Array)
#11 C:\\Users\\dell\\Documents\\Github\\saudiex\\vendor\\laravel\\framework\\src\\Illuminate\\Foundation\\Application.php(712): App\\Providers\\AppServiceProvider->register()
#12 C:\\Users\\dell\\Documents\\Github\\saudiex\\vendor\\laravel\\framework\\src\\Illuminate\\Foundation\\ProviderRepository.php(75): Illuminate\\Foundation\\Application->register(Object(App\\Providers\\AppServiceProvider))
#13 C:\\Users\\dell\\Documents\\Github\\saudiex\\vendor\\laravel\\framework\\src\\Illuminate\\Foundation\\Application.php(689): Illuminate\\Foundation\\ProviderRepository->load(Array)
#14 C:\\Users\\dell\\Documents\\Github\\saudiex\\vendor\\laravel\\framework\\src\\Illuminate\\Foundation\\Bootstrap\\RegisterProviders.php(17): Illuminate\\Foundation\\Application->registerConfiguredProviders()
#15 C:\\Users\\dell\\Documents\\Github\\saudiex\\vendor\\laravel\\framework\\src\\Illuminate\\Foundation\\Application.php(265): Illuminate\\Foundation\\Bootstrap\\RegisterProviders->bootstrap(Object(Illuminate\\Foundation\\Application))
#16 C:\\Users\\dell\\Documents\\Github\\saudiex\\vendor\\laravel\\framework\\src\\Illuminate\\Foundation\\Console\\Kernel.php(383): Illuminate\\Foundation\\Application->bootstrapWith(Array)
#17 C:\\Users\\dell\\Documents\\Github\\saudiex\\vendor\\laravel\\framework\\src\\Illuminate\\Foundation\\Console\\Kernel.php(153): Illuminate\\Foundation\\Console\\Kernel->bootstrap()
#18 Command line code(1): Illuminate\\Foundation\\Console\\Kernel->handle(Object(Symfony\\Component\\Console\\Input\\ArgvInput), Object(Symfony\\Component\\Console\\Output\\ConsoleOutput))
#19 {main}
"} 
[2025-10-24 11:23:48] local.ERROR: Please provide a valid cache path. {"exception":"[object] (InvalidArgumentException(code: 0): Please provide a valid cache path. at C:\\Users\\dell\\Documents\\Github\\saudiex\\vendor\\laravel\\framework\\src\\Illuminate\\View\\Compilers\\Compiler.php:66)
[stacktrace]
#0 C:\\Users\\dell\\Documents\\Github\\saudiex\\vendor\\laravel\\framework\\src\\Illuminate\\View\\ViewServiceProvider.php(96): Illuminate\\View\\Compilers\\Compiler->__construct(Object(Illuminate\\Filesystem\\Filesystem), false, '', true, 'php')
#1 C:\\Users\\dell\\Documents\\Github\\saudiex\\vendor\\laravel\\framework\\src\\Illuminate\\Container\\Container.php(885): Illuminate\\View\\ViewServiceProvider->Illuminate\\View\\{closure}(Object(Illuminate\\Foundation\\Application), Array)
#2 C:\\Users\\dell\\Documents\\Github\\saudiex\\vendor\\laravel\\framework\\src\\Illuminate\\Container\\Container.php(770): Illuminate\\Container\\Container->build(Object(Closure))
#3 C:\\Users\\dell\\Documents\\Github\\saudiex\\vendor\\laravel\\framework\\src\\Illuminate\\Foundation\\Application.php(881): Illuminate\\Container\\Container->resolve('blade.compiler', Array, true)
#4 C:\\Users\\dell\\Documents\\Github\\saudiex\\vendor\\laravel\\framework\\src\\Illuminate\\Container\\Container.php(706): Illuminate\\Foundation\\Application->resolve('blade.compiler', Array)
#5 C:\\Users\\dell\\Documents\\Github\\saudiex\\vendor\\laravel\\framework\\src\\Illuminate\\Foundation\\Application.php(866): Illuminate\\Container\\Container->make('blade.compiler', Array)
#6 C:\\Users\\dell\\Documents\\Github\\saudiex\\vendor\\laravel\\framework\\src\\Illuminate\\Container\\Container.php(1431): Illuminate\\Foundation\\Application->make('blade.compiler')
#7 C:\\Users\\dell\\Documents\\Github\\saudiex\\vendor\\laravel\\framework\\src\\Illuminate\\Support\\Facades\\Facade.php(222): Illuminate\\Container\\Container->offsetGet('blade.compiler')
#8 C:\\Users\\dell\\Documents\\Github\\saudiex\\vendor\\laravel\\framework\\src\\Illuminate\\Support\\Facades\\Facade.php(193): Illuminate\\Support\\Facades\\Facade::resolveFacadeInstance('blade.compiler')
#9 C:\\Users\\dell\\Documents\\Github\\saudiex\\vendor\\laravel\\framework\\src\\Illuminate\\Support\\Facades\\Facade.php(332): Illuminate\\Support\\Facades\\Facade::getFacadeRoot()
#10 C:\\Users\\dell\\Documents\\Github\\saudiex\\app\\Providers\\AppServiceProvider.php(62): Illuminate\\Support\\Facades\\Facade::__callStatic('withoutDoubleEn...', Array)
#11 C:\\Users\\dell\\Documents\\Github\\saudiex\\vendor\\laravel\\framework\\src\\Illuminate\\Foundation\\Application.php(712): App\\Providers\\AppServiceProvider->register()
#12 C:\\Users\\dell\\Documents\\Github\\saudiex\\vendor\\laravel\\framework\\src\\Illuminate\\Foundation\\ProviderRepository.php(75): Illuminate\\Foundation\\Application->register(Object(App\\Providers\\AppServiceProvider))
#13 C:\\Users\\dell\\Documents\\Github\\saudiex\\vendor\\laravel\\framework\\src\\Illuminate\\Foundation\\Application.php(689): Illuminate\\Foundation\\ProviderRepository->load(Array)
#14 C:\\Users\\dell\\Documents\\Github\\saudiex\\vendor\\laravel\\framework\\src\\Illuminate\\Foundation\\Bootstrap\\RegisterProviders.php(17): Illuminate\\Foundation\\Application->registerConfiguredProviders()
#15 C:\\Users\\dell\\Documents\\Github\\saudiex\\vendor\\laravel\\framework\\src\\Illuminate\\Foundation\\Application.php(265): Illuminate\\Foundation\\Bootstrap\\RegisterProviders->bootstrap(Object(Illuminate\\Foundation\\Application))
#16 C:\\Users\\dell\\Documents\\Github\\saudiex\\vendor\\laravel\\framework\\src\\Illuminate\\Foundation\\Console\\Kernel.php(383): Illuminate\\Foundation\\Application->bootstrapWith(Array)
#17 C:\\Users\\dell\\Documents\\Github\\saudiex\\vendor\\laravel\\framework\\src\\Illuminate\\Foundation\\Console\\Kernel.php(153): Illuminate\\Foundation\\Console\\Kernel->bootstrap()
#18 Command line code(1): Illuminate\\Foundation\\Console\\Kernel->handle(Object(Symfony\\Component\\Console\\Input\\ArgvInput), Object(Symfony\\Component\\Console\\Output\\ConsoleOutput))
#19 {main}
"} 
[2025-10-24 11:24:48] local.ERROR: Please provide a valid cache path. {"exception":"[object] (InvalidArgumentException(code: 0): Please provide a valid cache path. at C:\\Users\\dell\\Documents\\Github\\saudiex\\vendor\\laravel\\framework\\src\\Illuminate\\View\\Compilers\\Compiler.php:66)
[stacktrace]
#0 C:\\Users\\dell\\Documents\\Github\\saudiex\\vendor\\laravel\\framework\\src\\Illuminate\\View\\ViewServiceProvider.php(96): Illuminate\\View\\Compilers\\Compiler->__construct(Object(Illuminate\\Filesystem\\Filesystem), false, '', true, 'php')
#1 C:\\Users\\dell\\Documents\\Github\\saudiex\\vendor\\laravel\\framework\\src\\Illuminate\\Container\\Container.php(885): Illuminate\\View\\ViewServiceProvider->Illuminate\\View\\{closure}(Object(Illuminate\\Foundation\\Application), Array)
#2 C:\\Users\\dell\\Documents\\Github\\saudiex\\vendor\\laravel\\framework\\src\\Illuminate\\Container\\Container.php(770): Illuminate\\Container\\Container->build(Object(Closure))
#3 C:\\Users\\dell\\Documents\\Github\\saudiex\\vendor\\laravel\\framework\\src\\Illuminate\\Foundation\\Application.php(881): Illuminate\\Container\\Container->resolve('blade.compiler', Array, true)
#4 C:\\Users\\dell\\Documents\\Github\\saudiex\\vendor\\laravel\\framework\\src\\Illuminate\\Container\\Container.php(706): Illuminate\\Foundation\\Application->resolve('blade.compiler', Array)
#5 C:\\Users\\dell\\Documents\\Github\\saudiex\\vendor\\laravel\\framework\\src\\Illuminate\\Foundation\\Application.php(866): Illuminate\\Container\\Container->make('blade.compiler', Array)
#6 C:\\Users\\dell\\Documents\\Github\\saudiex\\vendor\\laravel\\framework\\src\\Illuminate\\Container\\Container.php(1431): Illuminate\\Foundation\\Application->make('blade.compiler')
#7 C:\\Users\\dell\\Documents\\Github\\saudiex\\vendor\\laravel\\framework\\src\\Illuminate\\Support\\Facades\\Facade.php(222): Illuminate\\Container\\Container->offsetGet('blade.compiler')
#8 C:\\Users\\dell\\Documents\\Github\\saudiex\\vendor\\laravel\\framework\\src\\Illuminate\\Support\\Facades\\Facade.php(193): Illuminate\\Support\\Facades\\Facade::resolveFacadeInstance('blade.compiler')
#9 C:\\Users\\dell\\Documents\\Github\\saudiex\\vendor\\laravel\\framework\\src\\Illuminate\\Support\\Facades\\Facade.php(332): Illuminate\\Support\\Facades\\Facade::getFacadeRoot()
#10 C:\\Users\\dell\\Documents\\Github\\saudiex\\app\\Providers\\AppServiceProvider.php(62): Illuminate\\Support\\Facades\\Facade::__callStatic('withoutDoubleEn...', Array)
#11 C:\\Users\\dell\\Documents\\Github\\saudiex\\vendor\\laravel\\framework\\src\\Illuminate\\Foundation\\Application.php(712): App\\Providers\\AppServiceProvider->register()
#12 C:\\Users\\dell\\Documents\\Github\\saudiex\\vendor\\laravel\\framework\\src\\Illuminate\\Foundation\\ProviderRepository.php(75): Illuminate\\Foundation\\Application->register(Object(App\\Providers\\AppServiceProvider))
#13 C:\\Users\\dell\\Documents\\Github\\saudiex\\vendor\\laravel\\framework\\src\\Illuminate\\Foundation\\Application.php(689): Illuminate\\Foundation\\ProviderRepository->load(Array)
#14 C:\\Users\\dell\\Documents\\Github\\saudiex\\vendor\\laravel\\framework\\src\\Illuminate\\Foundation\\Bootstrap\\RegisterProviders.php(17): Illuminate\\Foundation\\Application->registerConfiguredProviders()
#15 C:\\Users\\dell\\Documents\\Github\\saudiex\\vendor\\laravel\\framework\\src\\Illuminate\\Foundation\\Application.php(265): Illuminate\\Foundation\\Bootstrap\\RegisterProviders->bootstrap(Object(Illuminate\\Foundation\\Application))
#16 C:\\Users\\dell\\Documents\\Github\\saudiex\\vendor\\laravel\\framework\\src\\Illuminate\\Foundation\\Console\\Kernel.php(383): Illuminate\\Foundation\\Application->bootstrapWith(Array)
#17 C:\\Users\\dell\\Documents\\Github\\saudiex\\vendor\\laravel\\framework\\src\\Illuminate\\Foundation\\Console\\Kernel.php(153): Illuminate\\Foundation\\Console\\Kernel->bootstrap()
#18 Command line code(1): Illuminate\\Foundation\\Console\\Kernel->handle(Object(Symfony\\Component\\Console\\Input\\ArgvInput), Object(Symfony\\Component\\Console\\Output\\ConsoleOutput))
#19 {main}
"} 
[2025-10-24 11:24:48] local.ERROR: Please provide a valid cache path. {"exception":"[object] (InvalidArgumentException(code: 0): Please provide a valid cache path. at C:\\Users\\dell\\Documents\\Github\\saudiex\\vendor\\laravel\\framework\\src\\Illuminate\\View\\Compilers\\Compiler.php:66)
[stacktrace]
#0 C:\\Users\\dell\\Documents\\Github\\saudiex\\vendor\\laravel\\framework\\src\\Illuminate\\View\\ViewServiceProvider.php(96): Illuminate\\View\\Compilers\\Compiler->__construct(Object(Illuminate\\Filesystem\\Filesystem), false, '', true, 'php')
#1 C:\\Users\\dell\\Documents\\Github\\saudiex\\vendor\\laravel\\framework\\src\\Illuminate\\Container\\Container.php(885): Illuminate\\View\\ViewServiceProvider->Illuminate\\View\\{closure}(Object(Illuminate\\Foundation\\Application), Array)
#2 C:\\Users\\dell\\Documents\\Github\\saudiex\\vendor\\laravel\\framework\\src\\Illuminate\\Container\\Container.php(770): Illuminate\\Container\\Container->build(Object(Closure))
#3 C:\\Users\\dell\\Documents\\Github\\saudiex\\vendor\\laravel\\framework\\src\\Illuminate\\Foundation\\Application.php(881): Illuminate\\Container\\Container->resolve('blade.compiler', Array, true)
#4 C:\\Users\\dell\\Documents\\Github\\saudiex\\vendor\\laravel\\framework\\src\\Illuminate\\Container\\Container.php(706): Illuminate\\Foundation\\Application->resolve('blade.compiler', Array)
#5 C:\\Users\\dell\\Documents\\Github\\saudiex\\vendor\\laravel\\framework\\src\\Illuminate\\Foundation\\Application.php(866): Illuminate\\Container\\Container->make('blade.compiler', Array)
#6 C:\\Users\\dell\\Documents\\Github\\saudiex\\vendor\\laravel\\framework\\src\\Illuminate\\Container\\Container.php(1431): Illuminate\\Foundation\\Application->make('blade.compiler')
#7 C:\\Users\\dell\\Documents\\Github\\saudiex\\vendor\\laravel\\framework\\src\\Illuminate\\Support\\Facades\\Facade.php(222): Illuminate\\Container\\Container->offsetGet('blade.compiler')
#8 C:\\Users\\dell\\Documents\\Github\\saudiex\\vendor\\laravel\\framework\\src\\Illuminate\\Support\\Facades\\Facade.php(193): Illuminate\\Support\\Facades\\Facade::resolveFacadeInstance('blade.compiler')
#9 C:\\Users\\dell\\Documents\\Github\\saudiex\\vendor\\laravel\\framework\\src\\Illuminate\\Support\\Facades\\Facade.php(332): Illuminate\\Support\\Facades\\Facade::getFacadeRoot()
#10 C:\\Users\\dell\\Documents\\Github\\saudiex\\app\\Providers\\AppServiceProvider.php(62): Illuminate\\Support\\Facades\\Facade::__callStatic('withoutDoubleEn...', Array)
#11 C:\\Users\\dell\\Documents\\Github\\saudiex\\vendor\\laravel\\framework\\src\\Illuminate\\Foundation\\Application.php(712): App\\Providers\\AppServiceProvider->register()
#12 C:\\Users\\dell\\Documents\\Github\\saudiex\\vendor\\laravel\\framework\\src\\Illuminate\\Foundation\\ProviderRepository.php(75): Illuminate\\Foundation\\Application->register(Object(App\\Providers\\AppServiceProvider))
#13 C:\\Users\\dell\\Documents\\Github\\saudiex\\vendor\\laravel\\framework\\src\\Illuminate\\Foundation\\Application.php(689): Illuminate\\Foundation\\ProviderRepository->load(Array)
#14 C:\\Users\\dell\\Documents\\Github\\saudiex\\vendor\\laravel\\framework\\src\\Illuminate\\Foundation\\Bootstrap\\RegisterProviders.php(17): Illuminate\\Foundation\\Application->registerConfiguredProviders()
#15 C:\\Users\\dell\\Documents\\Github\\saudiex\\vendor\\laravel\\framework\\src\\Illuminate\\Foundation\\Application.php(265): Illuminate\\Foundation\\Bootstrap\\RegisterProviders->bootstrap(Object(Illuminate\\Foundation\\Application))
#16 C:\\Users\\dell\\Documents\\Github\\saudiex\\vendor\\laravel\\framework\\src\\Illuminate\\Foundation\\Console\\Kernel.php(383): Illuminate\\Foundation\\Application->bootstrapWith(Array)
#17 C:\\Users\\dell\\Documents\\Github\\saudiex\\vendor\\laravel\\framework\\src\\Illuminate\\Foundation\\Console\\Kernel.php(153): Illuminate\\Foundation\\Console\\Kernel->bootstrap()
#18 Command line code(1): Illuminate\\Foundation\\Console\\Kernel->handle(Object(Symfony\\Component\\Console\\Input\\ArgvInput), Object(Symfony\\Component\\Console\\Output\\ConsoleOutput))
#19 {main}
"} 
[2025-10-24 11:25:48] local.ERROR: Please provide a valid cache path. {"exception":"[object] (InvalidArgumentException(code: 0): Please provide a valid cache path. at C:\\Users\\dell\\Documents\\Github\\saudiex\\vendor\\laravel\\framework\\src\\Illuminate\\View\\Compilers\\Compiler.php:66)
[stacktrace]
#0 C:\\Users\\dell\\Documents\\Github\\saudiex\\vendor\\laravel\\framework\\src\\Illuminate\\View\\ViewServiceProvider.php(96): Illuminate\\View\\Compilers\\Compiler->__construct(Object(Illuminate\\Filesystem\\Filesystem), false, '', true, 'php')
#1 C:\\Users\\dell\\Documents\\Github\\saudiex\\vendor\\laravel\\framework\\src\\Illuminate\\Container\\Container.php(885): Illuminate\\View\\ViewServiceProvider->Illuminate\\View\\{closure}(Object(Illuminate\\Foundation\\Application), Array)
#2 C:\\Users\\dell\\Documents\\Github\\saudiex\\vendor\\laravel\\framework\\src\\Illuminate\\Container\\Container.php(770): Illuminate\\Container\\Container->build(Object(Closure))
#3 C:\\Users\\dell\\Documents\\Github\\saudiex\\vendor\\laravel\\framework\\src\\Illuminate\\Foundation\\Application.php(881): Illuminate\\Container\\Container->resolve('blade.compiler', Array, true)
#4 C:\\Users\\dell\\Documents\\Github\\saudiex\\vendor\\laravel\\framework\\src\\Illuminate\\Container\\Container.php(706): Illuminate\\Foundation\\Application->resolve('blade.compiler', Array)
#5 C:\\Users\\dell\\Documents\\Github\\saudiex\\vendor\\laravel\\framework\\src\\Illuminate\\Foundation\\Application.php(866): Illuminate\\Container\\Container->make('blade.compiler', Array)
#6 C:\\Users\\dell\\Documents\\Github\\saudiex\\vendor\\laravel\\framework\\src\\Illuminate\\Container\\Container.php(1431): Illuminate\\Foundation\\Application->make('blade.compiler')
#7 C:\\Users\\dell\\Documents\\Github\\saudiex\\vendor\\laravel\\framework\\src\\Illuminate\\Support\\Facades\\Facade.php(222): Illuminate\\Container\\Container->offsetGet('blade.compiler')
#8 C:\\Users\\dell\\Documents\\Github\\saudiex\\vendor\\laravel\\framework\\src\\Illuminate\\Support\\Facades\\Facade.php(193): Illuminate\\Support\\Facades\\Facade::resolveFacadeInstance('blade.compiler')
#9 C:\\Users\\dell\\Documents\\Github\\saudiex\\vendor\\laravel\\framework\\src\\Illuminate\\Support\\Facades\\Facade.php(332): Illuminate\\Support\\Facades\\Facade::getFacadeRoot()
#10 C:\\Users\\dell\\Documents\\Github\\saudiex\\app\\Providers\\AppServiceProvider.php(62): Illuminate\\Support\\Facades\\Facade::__callStatic('withoutDoubleEn...', Array)
#11 C:\\Users\\dell\\Documents\\Github\\saudiex\\vendor\\laravel\\framework\\src\\Illuminate\\Foundation\\Application.php(712): App\\Providers\\AppServiceProvider->register()
#12 C:\\Users\\dell\\Documents\\Github\\saudiex\\vendor\\laravel\\framework\\src\\Illuminate\\Foundation\\ProviderRepository.php(75): Illuminate\\Foundation\\Application->register(Object(App\\Providers\\AppServiceProvider))
#13 C:\\Users\\dell\\Documents\\Github\\saudiex\\vendor\\laravel\\framework\\src\\Illuminate\\Foundation\\Application.php(689): Illuminate\\Foundation\\ProviderRepository->load(Array)
#14 C:\\Users\\dell\\Documents\\Github\\saudiex\\vendor\\laravel\\framework\\src\\Illuminate\\Foundation\\Bootstrap\\RegisterProviders.php(17): Illuminate\\Foundation\\Application->registerConfiguredProviders()
#15 C:\\Users\\dell\\Documents\\Github\\saudiex\\vendor\\laravel\\framework\\src\\Illuminate\\Foundation\\Application.php(265): Illuminate\\Foundation\\Bootstrap\\RegisterProviders->bootstrap(Object(Illuminate\\Foundation\\Application))
#16 C:\\Users\\dell\\Documents\\Github\\saudiex\\vendor\\laravel\\framework\\src\\Illuminate\\Foundation\\Console\\Kernel.php(383): Illuminate\\Foundation\\Application->bootstrapWith(Array)
#17 C:\\Users\\dell\\Documents\\Github\\saudiex\\vendor\\laravel\\framework\\src\\Illuminate\\Foundation\\Console\\Kernel.php(153): Illuminate\\Foundation\\Console\\Kernel->bootstrap()
#18 Command line code(1): Illuminate\\Foundation\\Console\\Kernel->handle(Object(Symfony\\Component\\Console\\Input\\ArgvInput), Object(Symfony\\Component\\Console\\Output\\ConsoleOutput))
#19 {main}
"} 
[2025-10-24 11:25:48] local.ERROR: Please provide a valid cache path. {"exception":"[object] (InvalidArgumentException(code: 0): Please provide a valid cache path. at C:\\Users\\dell\\Documents\\Github\\saudiex\\vendor\\laravel\\framework\\src\\Illuminate\\View\\Compilers\\Compiler.php:66)
[stacktrace]
#0 C:\\Users\\dell\\Documents\\Github\\saudiex\\vendor\\laravel\\framework\\src\\Illuminate\\View\\ViewServiceProvider.php(96): Illuminate\\View\\Compilers\\Compiler->__construct(Object(Illuminate\\Filesystem\\Filesystem), false, '', true, 'php')
#1 C:\\Users\\dell\\Documents\\Github\\saudiex\\vendor\\laravel\\framework\\src\\Illuminate\\Container\\Container.php(885): Illuminate\\View\\ViewServiceProvider->Illuminate\\View\\{closure}(Object(Illuminate\\Foundation\\Application), Array)
#2 C:\\Users\\dell\\Documents\\Github\\saudiex\\vendor\\laravel\\framework\\src\\Illuminate\\Container\\Container.php(770): Illuminate\\Container\\Container->build(Object(Closure))
#3 C:\\Users\\dell\\Documents\\Github\\saudiex\\vendor\\laravel\\framework\\src\\Illuminate\\Foundation\\Application.php(881): Illuminate\\Container\\Container->resolve('blade.compiler', Array, true)
#4 C:\\Users\\dell\\Documents\\Github\\saudiex\\vendor\\laravel\\framework\\src\\Illuminate\\Container\\Container.php(706): Illuminate\\Foundation\\Application->resolve('blade.compiler', Array)
#5 C:\\Users\\dell\\Documents\\Github\\saudiex\\vendor\\laravel\\framework\\src\\Illuminate\\Foundation\\Application.php(866): Illuminate\\Container\\Container->make('blade.compiler', Array)
#6 C:\\Users\\dell\\Documents\\Github\\saudiex\\vendor\\laravel\\framework\\src\\Illuminate\\Container\\Container.php(1431): Illuminate\\Foundation\\Application->make('blade.compiler')
#7 C:\\Users\\dell\\Documents\\Github\\saudiex\\vendor\\laravel\\framework\\src\\Illuminate\\Support\\Facades\\Facade.php(222): Illuminate\\Container\\Container->offsetGet('blade.compiler')
#8 C:\\Users\\dell\\Documents\\Github\\saudiex\\vendor\\laravel\\framework\\src\\Illuminate\\Support\\Facades\\Facade.php(193): Illuminate\\Support\\Facades\\Facade::resolveFacadeInstance('blade.compiler')
#9 C:\\Users\\dell\\Documents\\Github\\saudiex\\vendor\\laravel\\framework\\src\\Illuminate\\Support\\Facades\\Facade.php(332): Illuminate\\Support\\Facades\\Facade::getFacadeRoot()
#10 C:\\Users\\dell\\Documents\\Github\\saudiex\\app\\Providers\\AppServiceProvider.php(62): Illuminate\\Support\\Facades\\Facade::__callStatic('withoutDoubleEn...', Array)
#11 C:\\Users\\dell\\Documents\\Github\\saudiex\\vendor\\laravel\\framework\\src\\Illuminate\\Foundation\\Application.php(712): App\\Providers\\AppServiceProvider->register()
#12 C:\\Users\\dell\\Documents\\Github\\saudiex\\vendor\\laravel\\framework\\src\\Illuminate\\Foundation\\ProviderRepository.php(75): Illuminate\\Foundation\\Application->register(Object(App\\Providers\\AppServiceProvider))
#13 C:\\Users\\dell\\Documents\\Github\\saudiex\\vendor\\laravel\\framework\\src\\Illuminate\\Foundation\\Application.php(689): Illuminate\\Foundation\\ProviderRepository->load(Array)
#14 C:\\Users\\dell\\Documents\\Github\\saudiex\\vendor\\laravel\\framework\\src\\Illuminate\\Foundation\\Bootstrap\\RegisterProviders.php(17): Illuminate\\Foundation\\Application->registerConfiguredProviders()
#15 C:\\Users\\dell\\Documents\\Github\\saudiex\\vendor\\laravel\\framework\\src\\Illuminate\\Foundation\\Application.php(265): Illuminate\\Foundation\\Bootstrap\\RegisterProviders->bootstrap(Object(Illuminate\\Foundation\\Application))
#16 C:\\Users\\dell\\Documents\\Github\\saudiex\\vendor\\laravel\\framework\\src\\Illuminate\\Foundation\\Console\\Kernel.php(383): Illuminate\\Foundation\\Application->bootstrapWith(Array)
#17 C:\\Users\\dell\\Documents\\Github\\saudiex\\vendor\\laravel\\framework\\src\\Illuminate\\Foundation\\Console\\Kernel.php(153): Illuminate\\Foundation\\Console\\Kernel->bootstrap()
#18 Command line code(1): Illuminate\\Foundation\\Console\\Kernel->handle(Object(Symfony\\Component\\Console\\Input\\ArgvInput), Object(Symfony\\Component\\Console\\Output\\ConsoleOutput))
#19 {main}
"} 
[2025-10-24 11:26:48] local.ERROR: Please provide a valid cache path. {"exception":"[object] (InvalidArgumentException(code: 0): Please provide a valid cache path. at C:\\Users\\dell\\Documents\\Github\\saudiex\\vendor\\laravel\\framework\\src\\Illuminate\\View\\Compilers\\Compiler.php:66)
[stacktrace]
#0 C:\\Users\\dell\\Documents\\Github\\saudiex\\vendor\\laravel\\framework\\src\\Illuminate\\View\\ViewServiceProvider.php(96): Illuminate\\View\\Compilers\\Compiler->__construct(Object(Illuminate\\Filesystem\\Filesystem), false, '', true, 'php')
#1 C:\\Users\\dell\\Documents\\Github\\saudiex\\vendor\\laravel\\framework\\src\\Illuminate\\Container\\Container.php(885): Illuminate\\View\\ViewServiceProvider->Illuminate\\View\\{closure}(Object(Illuminate\\Foundation\\Application), Array)
#2 C:\\Users\\dell\\Documents\\Github\\saudiex\\vendor\\laravel\\framework\\src\\Illuminate\\Container\\Container.php(770): Illuminate\\Container\\Container->build(Object(Closure))
#3 C:\\Users\\dell\\Documents\\Github\\saudiex\\vendor\\laravel\\framework\\src\\Illuminate\\Foundation\\Application.php(881): Illuminate\\Container\\Container->resolve('blade.compiler', Array, true)
#4 C:\\Users\\dell\\Documents\\Github\\saudiex\\vendor\\laravel\\framework\\src\\Illuminate\\Container\\Container.php(706): Illuminate\\Foundation\\Application->resolve('blade.compiler', Array)
#5 C:\\Users\\dell\\Documents\\Github\\saudiex\\vendor\\laravel\\framework\\src\\Illuminate\\Foundation\\Application.php(866): Illuminate\\Container\\Container->make('blade.compiler', Array)
#6 C:\\Users\\dell\\Documents\\Github\\saudiex\\vendor\\laravel\\framework\\src\\Illuminate\\Container\\Container.php(1431): Illuminate\\Foundation\\Application->make('blade.compiler')
#7 C:\\Users\\dell\\Documents\\Github\\saudiex\\vendor\\laravel\\framework\\src\\Illuminate\\Support\\Facades\\Facade.php(222): Illuminate\\Container\\Container->offsetGet('blade.compiler')
#8 C:\\Users\\dell\\Documents\\Github\\saudiex\\vendor\\laravel\\framework\\src\\Illuminate\\Support\\Facades\\Facade.php(193): Illuminate\\Support\\Facades\\Facade::resolveFacadeInstance('blade.compiler')
#9 C:\\Users\\dell\\Documents\\Github\\saudiex\\vendor\\laravel\\framework\\src\\Illuminate\\Support\\Facades\\Facade.php(332): Illuminate\\Support\\Facades\\Facade::getFacadeRoot()
#10 C:\\Users\\dell\\Documents\\Github\\saudiex\\app\\Providers\\AppServiceProvider.php(62): Illuminate\\Support\\Facades\\Facade::__callStatic('withoutDoubleEn...', Array)
#11 C:\\Users\\dell\\Documents\\Github\\saudiex\\vendor\\laravel\\framework\\src\\Illuminate\\Foundation\\Application.php(712): App\\Providers\\AppServiceProvider->register()
#12 C:\\Users\\dell\\Documents\\Github\\saudiex\\vendor\\laravel\\framework\\src\\Illuminate\\Foundation\\ProviderRepository.php(75): Illuminate\\Foundation\\Application->register(Object(App\\Providers\\AppServiceProvider))
#13 C:\\Users\\dell\\Documents\\Github\\saudiex\\vendor\\laravel\\framework\\src\\Illuminate\\Foundation\\Application.php(689): Illuminate\\Foundation\\ProviderRepository->load(Array)
#14 C:\\Users\\dell\\Documents\\Github\\saudiex\\vendor\\laravel\\framework\\src\\Illuminate\\Foundation\\Bootstrap\\RegisterProviders.php(17): Illuminate\\Foundation\\Application->registerConfiguredProviders()
#15 C:\\Users\\dell\\Documents\\Github\\saudiex\\vendor\\laravel\\framework\\src\\Illuminate\\Foundation\\Application.php(265): Illuminate\\Foundation\\Bootstrap\\RegisterProviders->bootstrap(Object(Illuminate\\Foundation\\Application))
#16 C:\\Users\\dell\\Documents\\Github\\saudiex\\vendor\\laravel\\framework\\src\\Illuminate\\Foundation\\Console\\Kernel.php(383): Illuminate\\Foundation\\Application->bootstrapWith(Array)
#17 C:\\Users\\dell\\Documents\\Github\\saudiex\\vendor\\laravel\\framework\\src\\Illuminate\\Foundation\\Console\\Kernel.php(153): Illuminate\\Foundation\\Console\\Kernel->bootstrap()
#18 Command line code(1): Illuminate\\Foundation\\Console\\Kernel->handle(Object(Symfony\\Component\\Console\\Input\\ArgvInput), Object(Symfony\\Component\\Console\\Output\\ConsoleOutput))
#19 {main}
"} 
[2025-10-24 11:26:48] local.ERROR: Please provide a valid cache path. {"exception":"[object] (InvalidArgumentException(code: 0): Please provide a valid cache path. at C:\\Users\\dell\\Documents\\Github\\saudiex\\vendor\\laravel\\framework\\src\\Illuminate\\View\\Compilers\\Compiler.php:66)
[stacktrace]
#0 C:\\Users\\dell\\Documents\\Github\\saudiex\\vendor\\laravel\\framework\\src\\Illuminate\\View\\ViewServiceProvider.php(96): Illuminate\\View\\Compilers\\Compiler->__construct(Object(Illuminate\\Filesystem\\Filesystem), false, '', true, 'php')
#1 C:\\Users\\dell\\Documents\\Github\\saudiex\\vendor\\laravel\\framework\\src\\Illuminate\\Container\\Container.php(885): Illuminate\\View\\ViewServiceProvider->Illuminate\\View\\{closure}(Object(Illuminate\\Foundation\\Application), Array)
#2 C:\\Users\\dell\\Documents\\Github\\saudiex\\vendor\\laravel\\framework\\src\\Illuminate\\Container\\Container.php(770): Illuminate\\Container\\Container->build(Object(Closure))
#3 C:\\Users\\dell\\Documents\\Github\\saudiex\\vendor\\laravel\\framework\\src\\Illuminate\\Foundation\\Application.php(881): Illuminate\\Container\\Container->resolve('blade.compiler', Array, true)
#4 C:\\Users\\dell\\Documents\\Github\\saudiex\\vendor\\laravel\\framework\\src\\Illuminate\\Container\\Container.php(706): Illuminate\\Foundation\\Application->resolve('blade.compiler', Array)
#5 C:\\Users\\dell\\Documents\\Github\\saudiex\\vendor\\laravel\\framework\\src\\Illuminate\\Foundation\\Application.php(866): Illuminate\\Container\\Container->make('blade.compiler', Array)
#6 C:\\Users\\dell\\Documents\\Github\\saudiex\\vendor\\laravel\\framework\\src\\Illuminate\\Container\\Container.php(1431): Illuminate\\Foundation\\Application->make('blade.compiler')
#7 C:\\Users\\dell\\Documents\\Github\\saudiex\\vendor\\laravel\\framework\\src\\Illuminate\\Support\\Facades\\Facade.php(222): Illuminate\\Container\\Container->offsetGet('blade.compiler')
#8 C:\\Users\\dell\\Documents\\Github\\saudiex\\vendor\\laravel\\framework\\src\\Illuminate\\Support\\Facades\\Facade.php(193): Illuminate\\Support\\Facades\\Facade::resolveFacadeInstance('blade.compiler')
#9 C:\\Users\\dell\\Documents\\Github\\saudiex\\vendor\\laravel\\framework\\src\\Illuminate\\Support\\Facades\\Facade.php(332): Illuminate\\Support\\Facades\\Facade::getFacadeRoot()
#10 C:\\Users\\dell\\Documents\\Github\\saudiex\\app\\Providers\\AppServiceProvider.php(62): Illuminate\\Support\\Facades\\Facade::__callStatic('withoutDoubleEn...', Array)
#11 C:\\Users\\dell\\Documents\\Github\\saudiex\\vendor\\laravel\\framework\\src\\Illuminate\\Foundation\\Application.php(712): App\\Providers\\AppServiceProvider->register()
#12 C:\\Users\\dell\\Documents\\Github\\saudiex\\vendor\\laravel\\framework\\src\\Illuminate\\Foundation\\ProviderRepository.php(75): Illuminate\\Foundation\\Application->register(Object(App\\Providers\\AppServiceProvider))
#13 C:\\Users\\dell\\Documents\\Github\\saudiex\\vendor\\laravel\\framework\\src\\Illuminate\\Foundation\\Application.php(689): Illuminate\\Foundation\\ProviderRepository->load(Array)
#14 C:\\Users\\dell\\Documents\\Github\\saudiex\\vendor\\laravel\\framework\\src\\Illuminate\\Foundation\\Bootstrap\\RegisterProviders.php(17): Illuminate\\Foundation\\Application->registerConfiguredProviders()
#15 C:\\Users\\dell\\Documents\\Github\\saudiex\\vendor\\laravel\\framework\\src\\Illuminate\\Foundation\\Application.php(265): Illuminate\\Foundation\\Bootstrap\\RegisterProviders->bootstrap(Object(Illuminate\\Foundation\\Application))
#16 C:\\Users\\dell\\Documents\\Github\\saudiex\\vendor\\laravel\\framework\\src\\Illuminate\\Foundation\\Console\\Kernel.php(383): Illuminate\\Foundation\\Application->bootstrapWith(Array)
#17 C:\\Users\\dell\\Documents\\Github\\saudiex\\vendor\\laravel\\framework\\src\\Illuminate\\Foundation\\Console\\Kernel.php(153): Illuminate\\Foundation\\Console\\Kernel->bootstrap()
#18 Command line code(1): Illuminate\\Foundation\\Console\\Kernel->handle(Object(Symfony\\Component\\Console\\Input\\ArgvInput), Object(Symfony\\Component\\Console\\Output\\ConsoleOutput))
#19 {main}
"} 
[2025-10-24 11:27:48] local.ERROR: Please provide a valid cache path. {"exception":"[object] (InvalidArgumentException(code: 0): Please provide a valid cache path. at C:\\Users\\dell\\Documents\\Github\\saudiex\\vendor\\laravel\\framework\\src\\Illuminate\\View\\Compilers\\Compiler.php:66)
[stacktrace]
#0 C:\\Users\\dell\\Documents\\Github\\saudiex\\vendor\\laravel\\framework\\src\\Illuminate\\View\\ViewServiceProvider.php(96): Illuminate\\View\\Compilers\\Compiler->__construct(Object(Illuminate\\Filesystem\\Filesystem), false, '', true, 'php')
#1 C:\\Users\\dell\\Documents\\Github\\saudiex\\vendor\\laravel\\framework\\src\\Illuminate\\Container\\Container.php(885): Illuminate\\View\\ViewServiceProvider->Illuminate\\View\\{closure}(Object(Illuminate\\Foundation\\Application), Array)
#2 C:\\Users\\dell\\Documents\\Github\\saudiex\\vendor\\laravel\\framework\\src\\Illuminate\\Container\\Container.php(770): Illuminate\\Container\\Container->build(Object(Closure))
#3 C:\\Users\\dell\\Documents\\Github\\saudiex\\vendor\\laravel\\framework\\src\\Illuminate\\Foundation\\Application.php(881): Illuminate\\Container\\Container->resolve('blade.compiler', Array, true)
#4 C:\\Users\\dell\\Documents\\Github\\saudiex\\vendor\\laravel\\framework\\src\\Illuminate\\Container\\Container.php(706): Illuminate\\Foundation\\Application->resolve('blade.compiler', Array)
#5 C:\\Users\\dell\\Documents\\Github\\saudiex\\vendor\\laravel\\framework\\src\\Illuminate\\Foundation\\Application.php(866): Illuminate\\Container\\Container->make('blade.compiler', Array)
#6 C:\\Users\\dell\\Documents\\Github\\saudiex\\vendor\\laravel\\framework\\src\\Illuminate\\Container\\Container.php(1431): Illuminate\\Foundation\\Application->make('blade.compiler')
#7 C:\\Users\\dell\\Documents\\Github\\saudiex\\vendor\\laravel\\framework\\src\\Illuminate\\Support\\Facades\\Facade.php(222): Illuminate\\Container\\Container->offsetGet('blade.compiler')
#8 C:\\Users\\dell\\Documents\\Github\\saudiex\\vendor\\laravel\\framework\\src\\Illuminate\\Support\\Facades\\Facade.php(193): Illuminate\\Support\\Facades\\Facade::resolveFacadeInstance('blade.compiler')
#9 C:\\Users\\dell\\Documents\\Github\\saudiex\\vendor\\laravel\\framework\\src\\Illuminate\\Support\\Facades\\Facade.php(332): Illuminate\\Support\\Facades\\Facade::getFacadeRoot()
#10 C:\\Users\\dell\\Documents\\Github\\saudiex\\app\\Providers\\AppServiceProvider.php(62): Illuminate\\Support\\Facades\\Facade::__callStatic('withoutDoubleEn...', Array)
#11 C:\\Users\\dell\\Documents\\Github\\saudiex\\vendor\\laravel\\framework\\src\\Illuminate\\Foundation\\Application.php(712): App\\Providers\\AppServiceProvider->register()
#12 C:\\Users\\dell\\Documents\\Github\\saudiex\\vendor\\laravel\\framework\\src\\Illuminate\\Foundation\\ProviderRepository.php(75): Illuminate\\Foundation\\Application->register(Object(App\\Providers\\AppServiceProvider))
#13 C:\\Users\\dell\\Documents\\Github\\saudiex\\vendor\\laravel\\framework\\src\\Illuminate\\Foundation\\Application.php(689): Illuminate\\Foundation\\ProviderRepository->load(Array)
#14 C:\\Users\\dell\\Documents\\Github\\saudiex\\vendor\\laravel\\framework\\src\\Illuminate\\Foundation\\Bootstrap\\RegisterProviders.php(17): Illuminate\\Foundation\\Application->registerConfiguredProviders()
#15 C:\\Users\\dell\\Documents\\Github\\saudiex\\vendor\\laravel\\framework\\src\\Illuminate\\Foundation\\Application.php(265): Illuminate\\Foundation\\Bootstrap\\RegisterProviders->bootstrap(Object(Illuminate\\Foundation\\Application))
#16 C:\\Users\\dell\\Documents\\Github\\saudiex\\vendor\\laravel\\framework\\src\\Illuminate\\Foundation\\Console\\Kernel.php(383): Illuminate\\Foundation\\Application->bootstrapWith(Array)
#17 C:\\Users\\dell\\Documents\\Github\\saudiex\\vendor\\laravel\\framework\\src\\Illuminate\\Foundation\\Console\\Kernel.php(153): Illuminate\\Foundation\\Console\\Kernel->bootstrap()
#18 Command line code(1): Illuminate\\Foundation\\Console\\Kernel->handle(Object(Symfony\\Component\\Console\\Input\\ArgvInput), Object(Symfony\\Component\\Console\\Output\\ConsoleOutput))
#19 {main}
"} 
[2025-10-24 11:27:48] local.ERROR: Please provide a valid cache path. {"exception":"[object] (InvalidArgumentException(code: 0): Please provide a valid cache path. at C:\\Users\\dell\\Documents\\Github\\saudiex\\vendor\\laravel\\framework\\src\\Illuminate\\View\\Compilers\\Compiler.php:66)
[stacktrace]
#0 C:\\Users\\dell\\Documents\\Github\\saudiex\\vendor\\laravel\\framework\\src\\Illuminate\\View\\ViewServiceProvider.php(96): Illuminate\\View\\Compilers\\Compiler->__construct(Object(Illuminate\\Filesystem\\Filesystem), false, '', true, 'php')
#1 C:\\Users\\dell\\Documents\\Github\\saudiex\\vendor\\laravel\\framework\\src\\Illuminate\\Container\\Container.php(885): Illuminate\\View\\ViewServiceProvider->Illuminate\\View\\{closure}(Object(Illuminate\\Foundation\\Application), Array)
#2 C:\\Users\\dell\\Documents\\Github\\saudiex\\vendor\\laravel\\framework\\src\\Illuminate\\Container\\Container.php(770): Illuminate\\Container\\Container->build(Object(Closure))
#3 C:\\Users\\dell\\Documents\\Github\\saudiex\\vendor\\laravel\\framework\\src\\Illuminate\\Foundation\\Application.php(881): Illuminate\\Container\\Container->resolve('blade.compiler', Array, true)
#4 C:\\Users\\dell\\Documents\\Github\\saudiex\\vendor\\laravel\\framework\\src\\Illuminate\\Container\\Container.php(706): Illuminate\\Foundation\\Application->resolve('blade.compiler', Array)
#5 C:\\Users\\dell\\Documents\\Github\\saudiex\\vendor\\laravel\\framework\\src\\Illuminate\\Foundation\\Application.php(866): Illuminate\\Container\\Container->make('blade.compiler', Array)
#6 C:\\Users\\dell\\Documents\\Github\\saudiex\\vendor\\laravel\\framework\\src\\Illuminate\\Container\\Container.php(1431): Illuminate\\Foundation\\Application->make('blade.compiler')
#7 C:\\Users\\dell\\Documents\\Github\\saudiex\\vendor\\laravel\\framework\\src\\Illuminate\\Support\\Facades\\Facade.php(222): Illuminate\\Container\\Container->offsetGet('blade.compiler')
#8 C:\\Users\\dell\\Documents\\Github\\saudiex\\vendor\\laravel\\framework\\src\\Illuminate\\Support\\Facades\\Facade.php(193): Illuminate\\Support\\Facades\\Facade::resolveFacadeInstance('blade.compiler')
#9 C:\\Users\\dell\\Documents\\Github\\saudiex\\vendor\\laravel\\framework\\src\\Illuminate\\Support\\Facades\\Facade.php(332): Illuminate\\Support\\Facades\\Facade::getFacadeRoot()
#10 C:\\Users\\dell\\Documents\\Github\\saudiex\\app\\Providers\\AppServiceProvider.php(62): Illuminate\\Support\\Facades\\Facade::__callStatic('withoutDoubleEn...', Array)
#11 C:\\Users\\dell\\Documents\\Github\\saudiex\\vendor\\laravel\\framework\\src\\Illuminate\\Foundation\\Application.php(712): App\\Providers\\AppServiceProvider->register()
#12 C:\\Users\\dell\\Documents\\Github\\saudiex\\vendor\\laravel\\framework\\src\\Illuminate\\Foundation\\ProviderRepository.php(75): Illuminate\\Foundation\\Application->register(Object(App\\Providers\\AppServiceProvider))
#13 C:\\Users\\dell\\Documents\\Github\\saudiex\\vendor\\laravel\\framework\\src\\Illuminate\\Foundation\\Application.php(689): Illuminate\\Foundation\\ProviderRepository->load(Array)
#14 C:\\Users\\dell\\Documents\\Github\\saudiex\\vendor\\laravel\\framework\\src\\Illuminate\\Foundation\\Bootstrap\\RegisterProviders.php(17): Illuminate\\Foundation\\Application->registerConfiguredProviders()
#15 C:\\Users\\dell\\Documents\\Github\\saudiex\\vendor\\laravel\\framework\\src\\Illuminate\\Foundation\\Application.php(265): Illuminate\\Foundation\\Bootstrap\\RegisterProviders->bootstrap(Object(Illuminate\\Foundation\\Application))
#16 C:\\Users\\dell\\Documents\\Github\\saudiex\\vendor\\laravel\\framework\\src\\Illuminate\\Foundation\\Console\\Kernel.php(383): Illuminate\\Foundation\\Application->bootstrapWith(Array)
#17 C:\\Users\\dell\\Documents\\Github\\saudiex\\vendor\\laravel\\framework\\src\\Illuminate\\Foundation\\Console\\Kernel.php(153): Illuminate\\Foundation\\Console\\Kernel->bootstrap()
#18 Command line code(1): Illuminate\\Foundation\\Console\\Kernel->handle(Object(Symfony\\Component\\Console\\Input\\ArgvInput), Object(Symfony\\Component\\Console\\Output\\ConsoleOutput))
#19 {main}
"} 
[2025-10-24 11:28:19] local.ERROR: Please provide a valid cache path. {"exception":"[object] (InvalidArgumentException(code: 0): Please provide a valid cache path. at C:\\Users\\dell\\Documents\\Github\\saudiex\\vendor\\laravel\\framework\\src\\Illuminate\\View\\Compilers\\Compiler.php:66)
[stacktrace]
#0 C:\\Users\\dell\\Documents\\Github\\saudiex\\vendor\\laravel\\framework\\src\\Illuminate\\View\\ViewServiceProvider.php(96): Illuminate\\View\\Compilers\\Compiler->__construct(Object(Illuminate\\Filesystem\\Filesystem), false, '', true, 'php')
#1 C:\\Users\\dell\\Documents\\Github\\saudiex\\vendor\\laravel\\framework\\src\\Illuminate\\Container\\Container.php(885): Illuminate\\View\\ViewServiceProvider->Illuminate\\View\\{closure}(Object(Illuminate\\Foundation\\Application), Array)
#2 C:\\Users\\dell\\Documents\\Github\\saudiex\\vendor\\laravel\\framework\\src\\Illuminate\\Container\\Container.php(770): Illuminate\\Container\\Container->build(Object(Closure))
#3 C:\\Users\\dell\\Documents\\Github\\saudiex\\vendor\\laravel\\framework\\src\\Illuminate\\Foundation\\Application.php(881): Illuminate\\Container\\Container->resolve('blade.compiler', Array, true)
#4 C:\\Users\\dell\\Documents\\Github\\saudiex\\vendor\\laravel\\framework\\src\\Illuminate\\Container\\Container.php(706): Illuminate\\Foundation\\Application->resolve('blade.compiler', Array)
#5 C:\\Users\\dell\\Documents\\Github\\saudiex\\vendor\\laravel\\framework\\src\\Illuminate\\Foundation\\Application.php(866): Illuminate\\Container\\Container->make('blade.compiler', Array)
#6 C:\\Users\\dell\\Documents\\Github\\saudiex\\vendor\\laravel\\framework\\src\\Illuminate\\Container\\Container.php(1431): Illuminate\\Foundation\\Application->make('blade.compiler')
#7 C:\\Users\\dell\\Documents\\Github\\saudiex\\vendor\\laravel\\framework\\src\\Illuminate\\Support\\Facades\\Facade.php(222): Illuminate\\Container\\Container->offsetGet('blade.compiler')
#8 C:\\Users\\dell\\Documents\\Github\\saudiex\\vendor\\laravel\\framework\\src\\Illuminate\\Support\\Facades\\Facade.php(193): Illuminate\\Support\\Facades\\Facade::resolveFacadeInstance('blade.compiler')
#9 C:\\Users\\dell\\Documents\\Github\\saudiex\\vendor\\laravel\\framework\\src\\Illuminate\\Support\\Facades\\Facade.php(332): Illuminate\\Support\\Facades\\Facade::getFacadeRoot()
#10 C:\\Users\\dell\\Documents\\Github\\saudiex\\app\\Providers\\AppServiceProvider.php(62): Illuminate\\Support\\Facades\\Facade::__callStatic('withoutDoubleEn...', Array)
#11 C:\\Users\\dell\\Documents\\Github\\saudiex\\vendor\\laravel\\framework\\src\\Illuminate\\Foundation\\Application.php(712): App\\Providers\\AppServiceProvider->register()
#12 C:\\Users\\dell\\Documents\\Github\\saudiex\\vendor\\laravel\\framework\\src\\Illuminate\\Foundation\\ProviderRepository.php(75): Illuminate\\Foundation\\Application->register(Object(App\\Providers\\AppServiceProvider))
#13 C:\\Users\\dell\\Documents\\Github\\saudiex\\vendor\\laravel\\framework\\src\\Illuminate\\Foundation\\Application.php(689): Illuminate\\Foundation\\ProviderRepository->load(Array)
#14 C:\\Users\\dell\\Documents\\Github\\saudiex\\vendor\\laravel\\framework\\src\\Illuminate\\Foundation\\Bootstrap\\RegisterProviders.php(17): Illuminate\\Foundation\\Application->registerConfiguredProviders()
#15 C:\\Users\\dell\\Documents\\Github\\saudiex\\vendor\\laravel\\framework\\src\\Illuminate\\Foundation\\Application.php(265): Illuminate\\Foundation\\Bootstrap\\RegisterProviders->bootstrap(Object(Illuminate\\Foundation\\Application))
#16 C:\\Users\\dell\\Documents\\Github\\saudiex\\vendor\\laravel\\framework\\src\\Illuminate\\Foundation\\Console\\Kernel.php(383): Illuminate\\Foundation\\Application->bootstrapWith(Array)
#17 C:\\Users\\dell\\Documents\\Github\\saudiex\\vendor\\laravel\\framework\\src\\Illuminate\\Foundation\\Console\\Kernel.php(153): Illuminate\\Foundation\\Console\\Kernel->bootstrap()
#18 Command line code(1): Illuminate\\Foundation\\Console\\Kernel->handle(Object(Symfony\\Component\\Console\\Input\\ArgvInput), Object(Symfony\\Component\\Console\\Output\\ConsoleOutput))
#19 {main}
"} 
[2025-10-24 11:28:48] local.ERROR: Please provide a valid cache path. {"exception":"[object] (InvalidArgumentException(code: 0): Please provide a valid cache path. at C:\\Users\\dell\\Documents\\Github\\saudiex\\vendor\\laravel\\framework\\src\\Illuminate\\View\\Compilers\\Compiler.php:66)
[stacktrace]
#0 C:\\Users\\dell\\Documents\\Github\\saudiex\\vendor\\laravel\\framework\\src\\Illuminate\\View\\ViewServiceProvider.php(96): Illuminate\\View\\Compilers\\Compiler->__construct(Object(Illuminate\\Filesystem\\Filesystem), false, '', true, 'php')
#1 C:\\Users\\dell\\Documents\\Github\\saudiex\\vendor\\laravel\\framework\\src\\Illuminate\\Container\\Container.php(885): Illuminate\\View\\ViewServiceProvider->Illuminate\\View\\{closure}(Object(Illuminate\\Foundation\\Application), Array)
#2 C:\\Users\\dell\\Documents\\Github\\saudiex\\vendor\\laravel\\framework\\src\\Illuminate\\Container\\Container.php(770): Illuminate\\Container\\Container->build(Object(Closure))
#3 C:\\Users\\dell\\Documents\\Github\\saudiex\\vendor\\laravel\\framework\\src\\Illuminate\\Foundation\\Application.php(881): Illuminate\\Container\\Container->resolve('blade.compiler', Array, true)
#4 C:\\Users\\dell\\Documents\\Github\\saudiex\\vendor\\laravel\\framework\\src\\Illuminate\\Container\\Container.php(706): Illuminate\\Foundation\\Application->resolve('blade.compiler', Array)
#5 C:\\Users\\dell\\Documents\\Github\\saudiex\\vendor\\laravel\\framework\\src\\Illuminate\\Foundation\\Application.php(866): Illuminate\\Container\\Container->make('blade.compiler', Array)
#6 C:\\Users\\dell\\Documents\\Github\\saudiex\\vendor\\laravel\\framework\\src\\Illuminate\\Container\\Container.php(1431): Illuminate\\Foundation\\Application->make('blade.compiler')
#7 C:\\Users\\dell\\Documents\\Github\\saudiex\\vendor\\laravel\\framework\\src\\Illuminate\\Support\\Facades\\Facade.php(222): Illuminate\\Container\\Container->offsetGet('blade.compiler')
#8 C:\\Users\\dell\\Documents\\Github\\saudiex\\vendor\\laravel\\framework\\src\\Illuminate\\Support\\Facades\\Facade.php(193): Illuminate\\Support\\Facades\\Facade::resolveFacadeInstance('blade.compiler')
#9 C:\\Users\\dell\\Documents\\Github\\saudiex\\vendor\\laravel\\framework\\src\\Illuminate\\Support\\Facades\\Facade.php(332): Illuminate\\Support\\Facades\\Facade::getFacadeRoot()
#10 C:\\Users\\dell\\Documents\\Github\\saudiex\\app\\Providers\\AppServiceProvider.php(62): Illuminate\\Support\\Facades\\Facade::__callStatic('withoutDoubleEn...', Array)
#11 C:\\Users\\dell\\Documents\\Github\\saudiex\\vendor\\laravel\\framework\\src\\Illuminate\\Foundation\\Application.php(712): App\\Providers\\AppServiceProvider->register()
#12 C:\\Users\\dell\\Documents\\Github\\saudiex\\vendor\\laravel\\framework\\src\\Illuminate\\Foundation\\ProviderRepository.php(75): Illuminate\\Foundation\\Application->register(Object(App\\Providers\\AppServiceProvider))
#13 C:\\Users\\dell\\Documents\\Github\\saudiex\\vendor\\laravel\\framework\\src\\Illuminate\\Foundation\\Application.php(689): Illuminate\\Foundation\\ProviderRepository->load(Array)
#14 C:\\Users\\dell\\Documents\\Github\\saudiex\\vendor\\laravel\\framework\\src\\Illuminate\\Foundation\\Bootstrap\\RegisterProviders.php(17): Illuminate\\Foundation\\Application->registerConfiguredProviders()
#15 C:\\Users\\dell\\Documents\\Github\\saudiex\\vendor\\laravel\\framework\\src\\Illuminate\\Foundation\\Application.php(265): Illuminate\\Foundation\\Bootstrap\\RegisterProviders->bootstrap(Object(Illuminate\\Foundation\\Application))
#16 C:\\Users\\dell\\Documents\\Github\\saudiex\\vendor\\laravel\\framework\\src\\Illuminate\\Foundation\\Console\\Kernel.php(383): Illuminate\\Foundation\\Application->bootstrapWith(Array)
#17 C:\\Users\\dell\\Documents\\Github\\saudiex\\vendor\\laravel\\framework\\src\\Illuminate\\Foundation\\Console\\Kernel.php(153): Illuminate\\Foundation\\Console\\Kernel->bootstrap()
#18 Command line code(1): Illuminate\\Foundation\\Console\\Kernel->handle(Object(Symfony\\Component\\Console\\Input\\ArgvInput), Object(Symfony\\Component\\Console\\Output\\ConsoleOutput))
#19 {main}
"} 
[2025-10-24 11:28:48] local.ERROR: Please provide a valid cache path. {"exception":"[object] (InvalidArgumentException(code: 0): Please provide a valid cache path. at C:\\Users\\dell\\Documents\\Github\\saudiex\\vendor\\laravel\\framework\\src\\Illuminate\\View\\Compilers\\Compiler.php:66)
[stacktrace]
#0 C:\\Users\\dell\\Documents\\Github\\saudiex\\vendor\\laravel\\framework\\src\\Illuminate\\View\\ViewServiceProvider.php(96): Illuminate\\View\\Compilers\\Compiler->__construct(Object(Illuminate\\Filesystem\\Filesystem), false, '', true, 'php')
#1 C:\\Users\\dell\\Documents\\Github\\saudiex\\vendor\\laravel\\framework\\src\\Illuminate\\Container\\Container.php(885): Illuminate\\View\\ViewServiceProvider->Illuminate\\View\\{closure}(Object(Illuminate\\Foundation\\Application), Array)
#2 C:\\Users\\dell\\Documents\\Github\\saudiex\\vendor\\laravel\\framework\\src\\Illuminate\\Container\\Container.php(770): Illuminate\\Container\\Container->build(Object(Closure))
#3 C:\\Users\\dell\\Documents\\Github\\saudiex\\vendor\\laravel\\framework\\src\\Illuminate\\Foundation\\Application.php(881): Illuminate\\Container\\Container->resolve('blade.compiler', Array, true)
#4 C:\\Users\\dell\\Documents\\Github\\saudiex\\vendor\\laravel\\framework\\src\\Illuminate\\Container\\Container.php(706): Illuminate\\Foundation\\Application->resolve('blade.compiler', Array)
#5 C:\\Users\\dell\\Documents\\Github\\saudiex\\vendor\\laravel\\framework\\src\\Illuminate\\Foundation\\Application.php(866): Illuminate\\Container\\Container->make('blade.compiler', Array)
#6 C:\\Users\\dell\\Documents\\Github\\saudiex\\vendor\\laravel\\framework\\src\\Illuminate\\Container\\Container.php(1431): Illuminate\\Foundation\\Application->make('blade.compiler')
#7 C:\\Users\\dell\\Documents\\Github\\saudiex\\vendor\\laravel\\framework\\src\\Illuminate\\Support\\Facades\\Facade.php(222): Illuminate\\Container\\Container->offsetGet('blade.compiler')
#8 C:\\Users\\dell\\Documents\\Github\\saudiex\\vendor\\laravel\\framework\\src\\Illuminate\\Support\\Facades\\Facade.php(193): Illuminate\\Support\\Facades\\Facade::resolveFacadeInstance('blade.compiler')
#9 C:\\Users\\dell\\Documents\\Github\\saudiex\\vendor\\laravel\\framework\\src\\Illuminate\\Support\\Facades\\Facade.php(332): Illuminate\\Support\\Facades\\Facade::getFacadeRoot()
#10 C:\\Users\\dell\\Documents\\Github\\saudiex\\app\\Providers\\AppServiceProvider.php(62): Illuminate\\Support\\Facades\\Facade::__callStatic('withoutDoubleEn...', Array)
#11 C:\\Users\\dell\\Documents\\Github\\saudiex\\vendor\\laravel\\framework\\src\\Illuminate\\Foundation\\Application.php(712): App\\Providers\\AppServiceProvider->register()
#12 C:\\Users\\dell\\Documents\\Github\\saudiex\\vendor\\laravel\\framework\\src\\Illuminate\\Foundation\\ProviderRepository.php(75): Illuminate\\Foundation\\Application->register(Object(App\\Providers\\AppServiceProvider))
#13 C:\\Users\\dell\\Documents\\Github\\saudiex\\vendor\\laravel\\framework\\src\\Illuminate\\Foundation\\Application.php(689): Illuminate\\Foundation\\ProviderRepository->load(Array)
#14 C:\\Users\\dell\\Documents\\Github\\saudiex\\vendor\\laravel\\framework\\src\\Illuminate\\Foundation\\Bootstrap\\RegisterProviders.php(17): Illuminate\\Foundation\\Application->registerConfiguredProviders()
#15 C:\\Users\\dell\\Documents\\Github\\saudiex\\vendor\\laravel\\framework\\src\\Illuminate\\Foundation\\Application.php(265): Illuminate\\Foundation\\Bootstrap\\RegisterProviders->bootstrap(Object(Illuminate\\Foundation\\Application))
#16 C:\\Users\\dell\\Documents\\Github\\saudiex\\vendor\\laravel\\framework\\src\\Illuminate\\Foundation\\Console\\Kernel.php(383): Illuminate\\Foundation\\Application->bootstrapWith(Array)
#17 C:\\Users\\dell\\Documents\\Github\\saudiex\\vendor\\laravel\\framework\\src\\Illuminate\\Foundation\\Console\\Kernel.php(153): Illuminate\\Foundation\\Console\\Kernel->bootstrap()
#18 Command line code(1): Illuminate\\Foundation\\Console\\Kernel->handle(Object(Symfony\\Component\\Console\\Input\\ArgvInput), Object(Symfony\\Component\\Console\\Output\\ConsoleOutput))
#19 {main}
"} 
[2025-10-24 11:29:48] local.ERROR: Please provide a valid cache path. {"exception":"[object] (InvalidArgumentException(code: 0): Please provide a valid cache path. at C:\\Users\\dell\\Documents\\Github\\saudiex\\vendor\\laravel\\framework\\src\\Illuminate\\View\\Compilers\\Compiler.php:66)
[stacktrace]
#0 C:\\Users\\dell\\Documents\\Github\\saudiex\\vendor\\laravel\\framework\\src\\Illuminate\\View\\ViewServiceProvider.php(96): Illuminate\\View\\Compilers\\Compiler->__construct(Object(Illuminate\\Filesystem\\Filesystem), false, '', true, 'php')
#1 C:\\Users\\dell\\Documents\\Github\\saudiex\\vendor\\laravel\\framework\\src\\Illuminate\\Container\\Container.php(885): Illuminate\\View\\ViewServiceProvider->Illuminate\\View\\{closure}(Object(Illuminate\\Foundation\\Application), Array)
#2 C:\\Users\\dell\\Documents\\Github\\saudiex\\vendor\\laravel\\framework\\src\\Illuminate\\Container\\Container.php(770): Illuminate\\Container\\Container->build(Object(Closure))
#3 C:\\Users\\dell\\Documents\\Github\\saudiex\\vendor\\laravel\\framework\\src\\Illuminate\\Foundation\\Application.php(881): Illuminate\\Container\\Container->resolve('blade.compiler', Array, true)
#4 C:\\Users\\dell\\Documents\\Github\\saudiex\\vendor\\laravel\\framework\\src\\Illuminate\\Container\\Container.php(706): Illuminate\\Foundation\\Application->resolve('blade.compiler', Array)
#5 C:\\Users\\dell\\Documents\\Github\\saudiex\\vendor\\laravel\\framework\\src\\Illuminate\\Foundation\\Application.php(866): Illuminate\\Container\\Container->make('blade.compiler', Array)
#6 C:\\Users\\dell\\Documents\\Github\\saudiex\\vendor\\laravel\\framework\\src\\Illuminate\\Container\\Container.php(1431): Illuminate\\Foundation\\Application->make('blade.compiler')
#7 C:\\Users\\dell\\Documents\\Github\\saudiex\\vendor\\laravel\\framework\\src\\Illuminate\\Support\\Facades\\Facade.php(222): Illuminate\\Container\\Container->offsetGet('blade.compiler')
#8 C:\\Users\\dell\\Documents\\Github\\saudiex\\vendor\\laravel\\framework\\src\\Illuminate\\Support\\Facades\\Facade.php(193): Illuminate\\Support\\Facades\\Facade::resolveFacadeInstance('blade.compiler')
#9 C:\\Users\\dell\\Documents\\Github\\saudiex\\vendor\\laravel\\framework\\src\\Illuminate\\Support\\Facades\\Facade.php(332): Illuminate\\Support\\Facades\\Facade::getFacadeRoot()
#10 C:\\Users\\dell\\Documents\\Github\\saudiex\\app\\Providers\\AppServiceProvider.php(62): Illuminate\\Support\\Facades\\Facade::__callStatic('withoutDoubleEn...', Array)
#11 C:\\Users\\dell\\Documents\\Github\\saudiex\\vendor\\laravel\\framework\\src\\Illuminate\\Foundation\\Application.php(712): App\\Providers\\AppServiceProvider->register()
#12 C:\\Users\\dell\\Documents\\Github\\saudiex\\vendor\\laravel\\framework\\src\\Illuminate\\Foundation\\ProviderRepository.php(75): Illuminate\\Foundation\\Application->register(Object(App\\Providers\\AppServiceProvider))
#13 C:\\Users\\dell\\Documents\\Github\\saudiex\\vendor\\laravel\\framework\\src\\Illuminate\\Foundation\\Application.php(689): Illuminate\\Foundation\\ProviderRepository->load(Array)
#14 C:\\Users\\dell\\Documents\\Github\\saudiex\\vendor\\laravel\\framework\\src\\Illuminate\\Foundation\\Bootstrap\\RegisterProviders.php(17): Illuminate\\Foundation\\Application->registerConfiguredProviders()
#15 C:\\Users\\dell\\Documents\\Github\\saudiex\\vendor\\laravel\\framework\\src\\Illuminate\\Foundation\\Application.php(265): Illuminate\\Foundation\\Bootstrap\\RegisterProviders->bootstrap(Object(Illuminate\\Foundation\\Application))
#16 C:\\Users\\dell\\Documents\\Github\\saudiex\\vendor\\laravel\\framework\\src\\Illuminate\\Foundation\\Console\\Kernel.php(383): Illuminate\\Foundation\\Application->bootstrapWith(Array)
#17 C:\\Users\\dell\\Documents\\Github\\saudiex\\vendor\\laravel\\framework\\src\\Illuminate\\Foundation\\Console\\Kernel.php(153): Illuminate\\Foundation\\Console\\Kernel->bootstrap()
#18 Command line code(1): Illuminate\\Foundation\\Console\\Kernel->handle(Object(Symfony\\Component\\Console\\Input\\ArgvInput), Object(Symfony\\Component\\Console\\Output\\ConsoleOutput))
#19 {main}
"} 
[2025-10-24 11:29:48] local.ERROR: Please provide a valid cache path. {"exception":"[object] (InvalidArgumentException(code: 0): Please provide a valid cache path. at C:\\Users\\dell\\Documents\\Github\\saudiex\\vendor\\laravel\\framework\\src\\Illuminate\\View\\Compilers\\Compiler.php:66)
[stacktrace]
#0 C:\\Users\\dell\\Documents\\Github\\saudiex\\vendor\\laravel\\framework\\src\\Illuminate\\View\\ViewServiceProvider.php(96): Illuminate\\View\\Compilers\\Compiler->__construct(Object(Illuminate\\Filesystem\\Filesystem), false, '', true, 'php')
#1 C:\\Users\\dell\\Documents\\Github\\saudiex\\vendor\\laravel\\framework\\src\\Illuminate\\Container\\Container.php(885): Illuminate\\View\\ViewServiceProvider->Illuminate\\View\\{closure}(Object(Illuminate\\Foundation\\Application), Array)
#2 C:\\Users\\dell\\Documents\\Github\\saudiex\\vendor\\laravel\\framework\\src\\Illuminate\\Container\\Container.php(770): Illuminate\\Container\\Container->build(Object(Closure))
#3 C:\\Users\\dell\\Documents\\Github\\saudiex\\vendor\\laravel\\framework\\src\\Illuminate\\Foundation\\Application.php(881): Illuminate\\Container\\Container->resolve('blade.compiler', Array, true)
#4 C:\\Users\\dell\\Documents\\Github\\saudiex\\vendor\\laravel\\framework\\src\\Illuminate\\Container\\Container.php(706): Illuminate\\Foundation\\Application->resolve('blade.compiler', Array)
#5 C:\\Users\\dell\\Documents\\Github\\saudiex\\vendor\\laravel\\framework\\src\\Illuminate\\Foundation\\Application.php(866): Illuminate\\Container\\Container->make('blade.compiler', Array)
#6 C:\\Users\\dell\\Documents\\Github\\saudiex\\vendor\\laravel\\framework\\src\\Illuminate\\Container\\Container.php(1431): Illuminate\\Foundation\\Application->make('blade.compiler')
#7 C:\\Users\\dell\\Documents\\Github\\saudiex\\vendor\\laravel\\framework\\src\\Illuminate\\Support\\Facades\\Facade.php(222): Illuminate\\Container\\Container->offsetGet('blade.compiler')
#8 C:\\Users\\dell\\Documents\\Github\\saudiex\\vendor\\laravel\\framework\\src\\Illuminate\\Support\\Facades\\Facade.php(193): Illuminate\\Support\\Facades\\Facade::resolveFacadeInstance('blade.compiler')
#9 C:\\Users\\dell\\Documents\\Github\\saudiex\\vendor\\laravel\\framework\\src\\Illuminate\\Support\\Facades\\Facade.php(332): Illuminate\\Support\\Facades\\Facade::getFacadeRoot()
#10 C:\\Users\\dell\\Documents\\Github\\saudiex\\app\\Providers\\AppServiceProvider.php(62): Illuminate\\Support\\Facades\\Facade::__callStatic('withoutDoubleEn...', Array)
#11 C:\\Users\\dell\\Documents\\Github\\saudiex\\vendor\\laravel\\framework\\src\\Illuminate\\Foundation\\Application.php(712): App\\Providers\\AppServiceProvider->register()
#12 C:\\Users\\dell\\Documents\\Github\\saudiex\\vendor\\laravel\\framework\\src\\Illuminate\\Foundation\\ProviderRepository.php(75): Illuminate\\Foundation\\Application->register(Object(App\\Providers\\AppServiceProvider))
#13 C:\\Users\\dell\\Documents\\Github\\saudiex\\vendor\\laravel\\framework\\src\\Illuminate\\Foundation\\Application.php(689): Illuminate\\Foundation\\ProviderRepository->load(Array)
#14 C:\\Users\\dell\\Documents\\Github\\saudiex\\vendor\\laravel\\framework\\src\\Illuminate\\Foundation\\Bootstrap\\RegisterProviders.php(17): Illuminate\\Foundation\\Application->registerConfiguredProviders()
#15 C:\\Users\\dell\\Documents\\Github\\saudiex\\vendor\\laravel\\framework\\src\\Illuminate\\Foundation\\Application.php(265): Illuminate\\Foundation\\Bootstrap\\RegisterProviders->bootstrap(Object(Illuminate\\Foundation\\Application))
#16 C:\\Users\\dell\\Documents\\Github\\saudiex\\vendor\\laravel\\framework\\src\\Illuminate\\Foundation\\Console\\Kernel.php(383): Illuminate\\Foundation\\Application->bootstrapWith(Array)
#17 C:\\Users\\dell\\Documents\\Github\\saudiex\\vendor\\laravel\\framework\\src\\Illuminate\\Foundation\\Console\\Kernel.php(153): Illuminate\\Foundation\\Console\\Kernel->bootstrap()
#18 Command line code(1): Illuminate\\Foundation\\Console\\Kernel->handle(Object(Symfony\\Component\\Console\\Input\\ArgvInput), Object(Symfony\\Component\\Console\\Output\\ConsoleOutput))
#19 {main}
"} 
[2025-10-24 11:30:48] local.ERROR: Please provide a valid cache path. {"exception":"[object] (InvalidArgumentException(code: 0): Please provide a valid cache path. at C:\\Users\\dell\\Documents\\Github\\saudiex\\vendor\\laravel\\framework\\src\\Illuminate\\View\\Compilers\\Compiler.php:66)
[stacktrace]
#0 C:\\Users\\dell\\Documents\\Github\\saudiex\\vendor\\laravel\\framework\\src\\Illuminate\\View\\ViewServiceProvider.php(96): Illuminate\\View\\Compilers\\Compiler->__construct(Object(Illuminate\\Filesystem\\Filesystem), false, '', true, 'php')
#1 C:\\Users\\dell\\Documents\\Github\\saudiex\\vendor\\laravel\\framework\\src\\Illuminate\\Container\\Container.php(885): Illuminate\\View\\ViewServiceProvider->Illuminate\\View\\{closure}(Object(Illuminate\\Foundation\\Application), Array)
#2 C:\\Users\\dell\\Documents\\Github\\saudiex\\vendor\\laravel\\framework\\src\\Illuminate\\Container\\Container.php(770): Illuminate\\Container\\Container->build(Object(Closure))
#3 C:\\Users\\dell\\Documents\\Github\\saudiex\\vendor\\laravel\\framework\\src\\Illuminate\\Foundation\\Application.php(881): Illuminate\\Container\\Container->resolve('blade.compiler', Array, true)
#4 C:\\Users\\dell\\Documents\\Github\\saudiex\\vendor\\laravel\\framework\\src\\Illuminate\\Container\\Container.php(706): Illuminate\\Foundation\\Application->resolve('blade.compiler', Array)
#5 C:\\Users\\dell\\Documents\\Github\\saudiex\\vendor\\laravel\\framework\\src\\Illuminate\\Foundation\\Application.php(866): Illuminate\\Container\\Container->make('blade.compiler', Array)
#6 C:\\Users\\dell\\Documents\\Github\\saudiex\\vendor\\laravel\\framework\\src\\Illuminate\\Container\\Container.php(1431): Illuminate\\Foundation\\Application->make('blade.compiler')
#7 C:\\Users\\dell\\Documents\\Github\\saudiex\\vendor\\laravel\\framework\\src\\Illuminate\\Support\\Facades\\Facade.php(222): Illuminate\\Container\\Container->offsetGet('blade.compiler')
#8 C:\\Users\\dell\\Documents\\Github\\saudiex\\vendor\\laravel\\framework\\src\\Illuminate\\Support\\Facades\\Facade.php(193): Illuminate\\Support\\Facades\\Facade::resolveFacadeInstance('blade.compiler')
#9 C:\\Users\\dell\\Documents\\Github\\saudiex\\vendor\\laravel\\framework\\src\\Illuminate\\Support\\Facades\\Facade.php(332): Illuminate\\Support\\Facades\\Facade::getFacadeRoot()
#10 C:\\Users\\dell\\Documents\\Github\\saudiex\\app\\Providers\\AppServiceProvider.php(62): Illuminate\\Support\\Facades\\Facade::__callStatic('withoutDoubleEn...', Array)
#11 C:\\Users\\dell\\Documents\\Github\\saudiex\\vendor\\laravel\\framework\\src\\Illuminate\\Foundation\\Application.php(712): App\\Providers\\AppServiceProvider->register()
#12 C:\\Users\\dell\\Documents\\Github\\saudiex\\vendor\\laravel\\framework\\src\\Illuminate\\Foundation\\ProviderRepository.php(75): Illuminate\\Foundation\\Application->register(Object(App\\Providers\\AppServiceProvider))
#13 C:\\Users\\dell\\Documents\\Github\\saudiex\\vendor\\laravel\\framework\\src\\Illuminate\\Foundation\\Application.php(689): Illuminate\\Foundation\\ProviderRepository->load(Array)
#14 C:\\Users\\dell\\Documents\\Github\\saudiex\\vendor\\laravel\\framework\\src\\Illuminate\\Foundation\\Bootstrap\\RegisterProviders.php(17): Illuminate\\Foundation\\Application->registerConfiguredProviders()
#15 C:\\Users\\dell\\Documents\\Github\\saudiex\\vendor\\laravel\\framework\\src\\Illuminate\\Foundation\\Application.php(265): Illuminate\\Foundation\\Bootstrap\\RegisterProviders->bootstrap(Object(Illuminate\\Foundation\\Application))
#16 C:\\Users\\dell\\Documents\\Github\\saudiex\\vendor\\laravel\\framework\\src\\Illuminate\\Foundation\\Console\\Kernel.php(383): Illuminate\\Foundation\\Application->bootstrapWith(Array)
#17 C:\\Users\\dell\\Documents\\Github\\saudiex\\vendor\\laravel\\framework\\src\\Illuminate\\Foundation\\Console\\Kernel.php(153): Illuminate\\Foundation\\Console\\Kernel->bootstrap()
#18 Command line code(1): Illuminate\\Foundation\\Console\\Kernel->handle(Object(Symfony\\Component\\Console\\Input\\ArgvInput), Object(Symfony\\Component\\Console\\Output\\ConsoleOutput))
#19 {main}
"} 
[2025-10-24 11:30:48] local.ERROR: Please provide a valid cache path. {"exception":"[object] (InvalidArgumentException(code: 0): Please provide a valid cache path. at C:\\Users\\dell\\Documents\\Github\\saudiex\\vendor\\laravel\\framework\\src\\Illuminate\\View\\Compilers\\Compiler.php:66)
[stacktrace]
#0 C:\\Users\\dell\\Documents\\Github\\saudiex\\vendor\\laravel\\framework\\src\\Illuminate\\View\\ViewServiceProvider.php(96): Illuminate\\View\\Compilers\\Compiler->__construct(Object(Illuminate\\Filesystem\\Filesystem), false, '', true, 'php')
#1 C:\\Users\\dell\\Documents\\Github\\saudiex\\vendor\\laravel\\framework\\src\\Illuminate\\Container\\Container.php(885): Illuminate\\View\\ViewServiceProvider->Illuminate\\View\\{closure}(Object(Illuminate\\Foundation\\Application), Array)
#2 C:\\Users\\dell\\Documents\\Github\\saudiex\\vendor\\laravel\\framework\\src\\Illuminate\\Container\\Container.php(770): Illuminate\\Container\\Container->build(Object(Closure))
#3 C:\\Users\\dell\\Documents\\Github\\saudiex\\vendor\\laravel\\framework\\src\\Illuminate\\Foundation\\Application.php(881): Illuminate\\Container\\Container->resolve('blade.compiler', Array, true)
#4 C:\\Users\\dell\\Documents\\Github\\saudiex\\vendor\\laravel\\framework\\src\\Illuminate\\Container\\Container.php(706): Illuminate\\Foundation\\Application->resolve('blade.compiler', Array)
#5 C:\\Users\\dell\\Documents\\Github\\saudiex\\vendor\\laravel\\framework\\src\\Illuminate\\Foundation\\Application.php(866): Illuminate\\Container\\Container->make('blade.compiler', Array)
#6 C:\\Users\\dell\\Documents\\Github\\saudiex\\vendor\\laravel\\framework\\src\\Illuminate\\Container\\Container.php(1431): Illuminate\\Foundation\\Application->make('blade.compiler')
#7 C:\\Users\\dell\\Documents\\Github\\saudiex\\vendor\\laravel\\framework\\src\\Illuminate\\Support\\Facades\\Facade.php(222): Illuminate\\Container\\Container->offsetGet('blade.compiler')
#8 C:\\Users\\dell\\Documents\\Github\\saudiex\\vendor\\laravel\\framework\\src\\Illuminate\\Support\\Facades\\Facade.php(193): Illuminate\\Support\\Facades\\Facade::resolveFacadeInstance('blade.compiler')
#9 C:\\Users\\dell\\Documents\\Github\\saudiex\\vendor\\laravel\\framework\\src\\Illuminate\\Support\\Facades\\Facade.php(332): Illuminate\\Support\\Facades\\Facade::getFacadeRoot()
#10 C:\\Users\\dell\\Documents\\Github\\saudiex\\app\\Providers\\AppServiceProvider.php(62): Illuminate\\Support\\Facades\\Facade::__callStatic('withoutDoubleEn...', Array)
#11 C:\\Users\\dell\\Documents\\Github\\saudiex\\vendor\\laravel\\framework\\src\\Illuminate\\Foundation\\Application.php(712): App\\Providers\\AppServiceProvider->register()
#12 C:\\Users\\dell\\Documents\\Github\\saudiex\\vendor\\laravel\\framework\\src\\Illuminate\\Foundation\\ProviderRepository.php(75): Illuminate\\Foundation\\Application->register(Object(App\\Providers\\AppServiceProvider))
#13 C:\\Users\\dell\\Documents\\Github\\saudiex\\vendor\\laravel\\framework\\src\\Illuminate\\Foundation\\Application.php(689): Illuminate\\Foundation\\ProviderRepository->load(Array)
#14 C:\\Users\\dell\\Documents\\Github\\saudiex\\vendor\\laravel\\framework\\src\\Illuminate\\Foundation\\Bootstrap\\RegisterProviders.php(17): Illuminate\\Foundation\\Application->registerConfiguredProviders()
#15 C:\\Users\\dell\\Documents\\Github\\saudiex\\vendor\\laravel\\framework\\src\\Illuminate\\Foundation\\Application.php(265): Illuminate\\Foundation\\Bootstrap\\RegisterProviders->bootstrap(Object(Illuminate\\Foundation\\Application))
#16 C:\\Users\\dell\\Documents\\Github\\saudiex\\vendor\\laravel\\framework\\src\\Illuminate\\Foundation\\Console\\Kernel.php(383): Illuminate\\Foundation\\Application->bootstrapWith(Array)
#17 C:\\Users\\dell\\Documents\\Github\\saudiex\\vendor\\laravel\\framework\\src\\Illuminate\\Foundation\\Console\\Kernel.php(153): Illuminate\\Foundation\\Console\\Kernel->bootstrap()
#18 Command line code(1): Illuminate\\Foundation\\Console\\Kernel->handle(Object(Symfony\\Component\\Console\\Input\\ArgvInput), Object(Symfony\\Component\\Console\\Output\\ConsoleOutput))
#19 {main}
"} 
[2025-10-24 11:31:48] local.ERROR: Please provide a valid cache path. {"exception":"[object] (InvalidArgumentException(code: 0): Please provide a valid cache path. at C:\\Users\\dell\\Documents\\Github\\saudiex\\vendor\\laravel\\framework\\src\\Illuminate\\View\\Compilers\\Compiler.php:66)
[stacktrace]
#0 C:\\Users\\dell\\Documents\\Github\\saudiex\\vendor\\laravel\\framework\\src\\Illuminate\\View\\ViewServiceProvider.php(96): Illuminate\\View\\Compilers\\Compiler->__construct(Object(Illuminate\\Filesystem\\Filesystem), false, '', true, 'php')
#1 C:\\Users\\dell\\Documents\\Github\\saudiex\\vendor\\laravel\\framework\\src\\Illuminate\\Container\\Container.php(885): Illuminate\\View\\ViewServiceProvider->Illuminate\\View\\{closure}(Object(Illuminate\\Foundation\\Application), Array)
#2 C:\\Users\\dell\\Documents\\Github\\saudiex\\vendor\\laravel\\framework\\src\\Illuminate\\Container\\Container.php(770): Illuminate\\Container\\Container->build(Object(Closure))
#3 C:\\Users\\dell\\Documents\\Github\\saudiex\\vendor\\laravel\\framework\\src\\Illuminate\\Foundation\\Application.php(881): Illuminate\\Container\\Container->resolve('blade.compiler', Array, true)
#4 C:\\Users\\dell\\Documents\\Github\\saudiex\\vendor\\laravel\\framework\\src\\Illuminate\\Container\\Container.php(706): Illuminate\\Foundation\\Application->resolve('blade.compiler', Array)
#5 C:\\Users\\dell\\Documents\\Github\\saudiex\\vendor\\laravel\\framework\\src\\Illuminate\\Foundation\\Application.php(866): Illuminate\\Container\\Container->make('blade.compiler', Array)
#6 C:\\Users\\dell\\Documents\\Github\\saudiex\\vendor\\laravel\\framework\\src\\Illuminate\\Container\\Container.php(1431): Illuminate\\Foundation\\Application->make('blade.compiler')
#7 C:\\Users\\dell\\Documents\\Github\\saudiex\\vendor\\laravel\\framework\\src\\Illuminate\\Support\\Facades\\Facade.php(222): Illuminate\\Container\\Container->offsetGet('blade.compiler')
#8 C:\\Users\\dell\\Documents\\Github\\saudiex\\vendor\\laravel\\framework\\src\\Illuminate\\Support\\Facades\\Facade.php(193): Illuminate\\Support\\Facades\\Facade::resolveFacadeInstance('blade.compiler')
#9 C:\\Users\\dell\\Documents\\Github\\saudiex\\vendor\\laravel\\framework\\src\\Illuminate\\Support\\Facades\\Facade.php(332): Illuminate\\Support\\Facades\\Facade::getFacadeRoot()
#10 C:\\Users\\dell\\Documents\\Github\\saudiex\\app\\Providers\\AppServiceProvider.php(62): Illuminate\\Support\\Facades\\Facade::__callStatic('withoutDoubleEn...', Array)
#11 C:\\Users\\dell\\Documents\\Github\\saudiex\\vendor\\laravel\\framework\\src\\Illuminate\\Foundation\\Application.php(712): App\\Providers\\AppServiceProvider->register()
#12 C:\\Users\\dell\\Documents\\Github\\saudiex\\vendor\\laravel\\framework\\src\\Illuminate\\Foundation\\ProviderRepository.php(75): Illuminate\\Foundation\\Application->register(Object(App\\Providers\\AppServiceProvider))
#13 C:\\Users\\dell\\Documents\\Github\\saudiex\\vendor\\laravel\\framework\\src\\Illuminate\\Foundation\\Application.php(689): Illuminate\\Foundation\\ProviderRepository->load(Array)
#14 C:\\Users\\dell\\Documents\\Github\\saudiex\\vendor\\laravel\\framework\\src\\Illuminate\\Foundation\\Bootstrap\\RegisterProviders.php(17): Illuminate\\Foundation\\Application->registerConfiguredProviders()
#15 C:\\Users\\dell\\Documents\\Github\\saudiex\\vendor\\laravel\\framework\\src\\Illuminate\\Foundation\\Application.php(265): Illuminate\\Foundation\\Bootstrap\\RegisterProviders->bootstrap(Object(Illuminate\\Foundation\\Application))
#16 C:\\Users\\dell\\Documents\\Github\\saudiex\\vendor\\laravel\\framework\\src\\Illuminate\\Foundation\\Console\\Kernel.php(383): Illuminate\\Foundation\\Application->bootstrapWith(Array)
#17 C:\\Users\\dell\\Documents\\Github\\saudiex\\vendor\\laravel\\framework\\src\\Illuminate\\Foundation\\Console\\Kernel.php(153): Illuminate\\Foundation\\Console\\Kernel->bootstrap()
#18 Command line code(1): Illuminate\\Foundation\\Console\\Kernel->handle(Object(Symfony\\Component\\Console\\Input\\ArgvInput), Object(Symfony\\Component\\Console\\Output\\ConsoleOutput))
#19 {main}
"} 
[2025-10-24 11:31:48] local.ERROR: Please provide a valid cache path. {"exception":"[object] (InvalidArgumentException(code: 0): Please provide a valid cache path. at C:\\Users\\dell\\Documents\\Github\\saudiex\\vendor\\laravel\\framework\\src\\Illuminate\\View\\Compilers\\Compiler.php:66)
[stacktrace]
#0 C:\\Users\\dell\\Documents\\Github\\saudiex\\vendor\\laravel\\framework\\src\\Illuminate\\View\\ViewServiceProvider.php(96): Illuminate\\View\\Compilers\\Compiler->__construct(Object(Illuminate\\Filesystem\\Filesystem), false, '', true, 'php')
#1 C:\\Users\\dell\\Documents\\Github\\saudiex\\vendor\\laravel\\framework\\src\\Illuminate\\Container\\Container.php(885): Illuminate\\View\\ViewServiceProvider->Illuminate\\View\\{closure}(Object(Illuminate\\Foundation\\Application), Array)
#2 C:\\Users\\dell\\Documents\\Github\\saudiex\\vendor\\laravel\\framework\\src\\Illuminate\\Container\\Container.php(770): Illuminate\\Container\\Container->build(Object(Closure))
#3 C:\\Users\\dell\\Documents\\Github\\saudiex\\vendor\\laravel\\framework\\src\\Illuminate\\Foundation\\Application.php(881): Illuminate\\Container\\Container->resolve('blade.compiler', Array, true)
#4 C:\\Users\\dell\\Documents\\Github\\saudiex\\vendor\\laravel\\framework\\src\\Illuminate\\Container\\Container.php(706): Illuminate\\Foundation\\Application->resolve('blade.compiler', Array)
#5 C:\\Users\\dell\\Documents\\Github\\saudiex\\vendor\\laravel\\framework\\src\\Illuminate\\Foundation\\Application.php(866): Illuminate\\Container\\Container->make('blade.compiler', Array)
#6 C:\\Users\\dell\\Documents\\Github\\saudiex\\vendor\\laravel\\framework\\src\\Illuminate\\Container\\Container.php(1431): Illuminate\\Foundation\\Application->make('blade.compiler')
#7 C:\\Users\\dell\\Documents\\Github\\saudiex\\vendor\\laravel\\framework\\src\\Illuminate\\Support\\Facades\\Facade.php(222): Illuminate\\Container\\Container->offsetGet('blade.compiler')
#8 C:\\Users\\dell\\Documents\\Github\\saudiex\\vendor\\laravel\\framework\\src\\Illuminate\\Support\\Facades\\Facade.php(193): Illuminate\\Support\\Facades\\Facade::resolveFacadeInstance('blade.compiler')
#9 C:\\Users\\dell\\Documents\\Github\\saudiex\\vendor\\laravel\\framework\\src\\Illuminate\\Support\\Facades\\Facade.php(332): Illuminate\\Support\\Facades\\Facade::getFacadeRoot()
#10 C:\\Users\\dell\\Documents\\Github\\saudiex\\app\\Providers\\AppServiceProvider.php(62): Illuminate\\Support\\Facades\\Facade::__callStatic('withoutDoubleEn...', Array)
#11 C:\\Users\\dell\\Documents\\Github\\saudiex\\vendor\\laravel\\framework\\src\\Illuminate\\Foundation\\Application.php(712): App\\Providers\\AppServiceProvider->register()
#12 C:\\Users\\dell\\Documents\\Github\\saudiex\\vendor\\laravel\\framework\\src\\Illuminate\\Foundation\\ProviderRepository.php(75): Illuminate\\Foundation\\Application->register(Object(App\\Providers\\AppServiceProvider))
#13 C:\\Users\\dell\\Documents\\Github\\saudiex\\vendor\\laravel\\framework\\src\\Illuminate\\Foundation\\Application.php(689): Illuminate\\Foundation\\ProviderRepository->load(Array)
#14 C:\\Users\\dell\\Documents\\Github\\saudiex\\vendor\\laravel\\framework\\src\\Illuminate\\Foundation\\Bootstrap\\RegisterProviders.php(17): Illuminate\\Foundation\\Application->registerConfiguredProviders()
#15 C:\\Users\\dell\\Documents\\Github\\saudiex\\vendor\\laravel\\framework\\src\\Illuminate\\Foundation\\Application.php(265): Illuminate\\Foundation\\Bootstrap\\RegisterProviders->bootstrap(Object(Illuminate\\Foundation\\Application))
#16 C:\\Users\\dell\\Documents\\Github\\saudiex\\vendor\\laravel\\framework\\src\\Illuminate\\Foundation\\Console\\Kernel.php(383): Illuminate\\Foundation\\Application->bootstrapWith(Array)
#17 C:\\Users\\dell\\Documents\\Github\\saudiex\\vendor\\laravel\\framework\\src\\Illuminate\\Foundation\\Console\\Kernel.php(153): Illuminate\\Foundation\\Console\\Kernel->bootstrap()
#18 Command line code(1): Illuminate\\Foundation\\Console\\Kernel->handle(Object(Symfony\\Component\\Console\\Input\\ArgvInput), Object(Symfony\\Component\\Console\\Output\\ConsoleOutput))
#19 {main}
"} 
[2025-10-24 11:32:48] local.ERROR: Please provide a valid cache path. {"exception":"[object] (InvalidArgumentException(code: 0): Please provide a valid cache path. at C:\\Users\\dell\\Documents\\Github\\saudiex\\vendor\\laravel\\framework\\src\\Illuminate\\View\\Compilers\\Compiler.php:66)
[stacktrace]
#0 C:\\Users\\dell\\Documents\\Github\\saudiex\\vendor\\laravel\\framework\\src\\Illuminate\\View\\ViewServiceProvider.php(96): Illuminate\\View\\Compilers\\Compiler->__construct(Object(Illuminate\\Filesystem\\Filesystem), false, '', true, 'php')
#1 C:\\Users\\dell\\Documents\\Github\\saudiex\\vendor\\laravel\\framework\\src\\Illuminate\\Container\\Container.php(885): Illuminate\\View\\ViewServiceProvider->Illuminate\\View\\{closure}(Object(Illuminate\\Foundation\\Application), Array)
#2 C:\\Users\\dell\\Documents\\Github\\saudiex\\vendor\\laravel\\framework\\src\\Illuminate\\Container\\Container.php(770): Illuminate\\Container\\Container->build(Object(Closure))
#3 C:\\Users\\dell\\Documents\\Github\\saudiex\\vendor\\laravel\\framework\\src\\Illuminate\\Foundation\\Application.php(881): Illuminate\\Container\\Container->resolve('blade.compiler', Array, true)
#4 C:\\Users\\dell\\Documents\\Github\\saudiex\\vendor\\laravel\\framework\\src\\Illuminate\\Container\\Container.php(706): Illuminate\\Foundation\\Application->resolve('blade.compiler', Array)
#5 C:\\Users\\dell\\Documents\\Github\\saudiex\\vendor\\laravel\\framework\\src\\Illuminate\\Foundation\\Application.php(866): Illuminate\\Container\\Container->make('blade.compiler', Array)
#6 C:\\Users\\dell\\Documents\\Github\\saudiex\\vendor\\laravel\\framework\\src\\Illuminate\\Container\\Container.php(1431): Illuminate\\Foundation\\Application->make('blade.compiler')
#7 C:\\Users\\dell\\Documents\\Github\\saudiex\\vendor\\laravel\\framework\\src\\Illuminate\\Support\\Facades\\Facade.php(222): Illuminate\\Container\\Container->offsetGet('blade.compiler')
#8 C:\\Users\\dell\\Documents\\Github\\saudiex\\vendor\\laravel\\framework\\src\\Illuminate\\Support\\Facades\\Facade.php(193): Illuminate\\Support\\Facades\\Facade::resolveFacadeInstance('blade.compiler')
#9 C:\\Users\\dell\\Documents\\Github\\saudiex\\vendor\\laravel\\framework\\src\\Illuminate\\Support\\Facades\\Facade.php(332): Illuminate\\Support\\Facades\\Facade::getFacadeRoot()
#10 C:\\Users\\dell\\Documents\\Github\\saudiex\\app\\Providers\\AppServiceProvider.php(62): Illuminate\\Support\\Facades\\Facade::__callStatic('withoutDoubleEn...', Array)
#11 C:\\Users\\dell\\Documents\\Github\\saudiex\\vendor\\laravel\\framework\\src\\Illuminate\\Foundation\\Application.php(712): App\\Providers\\AppServiceProvider->register()
#12 C:\\Users\\dell\\Documents\\Github\\saudiex\\vendor\\laravel\\framework\\src\\Illuminate\\Foundation\\ProviderRepository.php(75): Illuminate\\Foundation\\Application->register(Object(App\\Providers\\AppServiceProvider))
#13 C:\\Users\\dell\\Documents\\Github\\saudiex\\vendor\\laravel\\framework\\src\\Illuminate\\Foundation\\Application.php(689): Illuminate\\Foundation\\ProviderRepository->load(Array)
#14 C:\\Users\\dell\\Documents\\Github\\saudiex\\vendor\\laravel\\framework\\src\\Illuminate\\Foundation\\Bootstrap\\RegisterProviders.php(17): Illuminate\\Foundation\\Application->registerConfiguredProviders()
#15 C:\\Users\\dell\\Documents\\Github\\saudiex\\vendor\\laravel\\framework\\src\\Illuminate\\Foundation\\Application.php(265): Illuminate\\Foundation\\Bootstrap\\RegisterProviders->bootstrap(Object(Illuminate\\Foundation\\Application))
#16 C:\\Users\\dell\\Documents\\Github\\saudiex\\vendor\\laravel\\framework\\src\\Illuminate\\Foundation\\Console\\Kernel.php(383): Illuminate\\Foundation\\Application->bootstrapWith(Array)
#17 C:\\Users\\dell\\Documents\\Github\\saudiex\\vendor\\laravel\\framework\\src\\Illuminate\\Foundation\\Console\\Kernel.php(153): Illuminate\\Foundation\\Console\\Kernel->bootstrap()
#18 Command line code(1): Illuminate\\Foundation\\Console\\Kernel->handle(Object(Symfony\\Component\\Console\\Input\\ArgvInput), Object(Symfony\\Component\\Console\\Output\\ConsoleOutput))
#19 {main}
"} 
[2025-10-24 11:32:48] local.ERROR: Please provide a valid cache path. {"exception":"[object] (InvalidArgumentException(code: 0): Please provide a valid cache path. at C:\\Users\\dell\\Documents\\Github\\saudiex\\vendor\\laravel\\framework\\src\\Illuminate\\View\\Compilers\\Compiler.php:66)
[stacktrace]
#0 C:\\Users\\dell\\Documents\\Github\\saudiex\\vendor\\laravel\\framework\\src\\Illuminate\\View\\ViewServiceProvider.php(96): Illuminate\\View\\Compilers\\Compiler->__construct(Object(Illuminate\\Filesystem\\Filesystem), false, '', true, 'php')
#1 C:\\Users\\dell\\Documents\\Github\\saudiex\\vendor\\laravel\\framework\\src\\Illuminate\\Container\\Container.php(885): Illuminate\\View\\ViewServiceProvider->Illuminate\\View\\{closure}(Object(Illuminate\\Foundation\\Application), Array)
#2 C:\\Users\\dell\\Documents\\Github\\saudiex\\vendor\\laravel\\framework\\src\\Illuminate\\Container\\Container.php(770): Illuminate\\Container\\Container->build(Object(Closure))
#3 C:\\Users\\dell\\Documents\\Github\\saudiex\\vendor\\laravel\\framework\\src\\Illuminate\\Foundation\\Application.php(881): Illuminate\\Container\\Container->resolve('blade.compiler', Array, true)
#4 C:\\Users\\dell\\Documents\\Github\\saudiex\\vendor\\laravel\\framework\\src\\Illuminate\\Container\\Container.php(706): Illuminate\\Foundation\\Application->resolve('blade.compiler', Array)
#5 C:\\Users\\dell\\Documents\\Github\\saudiex\\vendor\\laravel\\framework\\src\\Illuminate\\Foundation\\Application.php(866): Illuminate\\Container\\Container->make('blade.compiler', Array)
#6 C:\\Users\\dell\\Documents\\Github\\saudiex\\vendor\\laravel\\framework\\src\\Illuminate\\Container\\Container.php(1431): Illuminate\\Foundation\\Application->make('blade.compiler')
#7 C:\\Users\\dell\\Documents\\Github\\saudiex\\vendor\\laravel\\framework\\src\\Illuminate\\Support\\Facades\\Facade.php(222): Illuminate\\Container\\Container->offsetGet('blade.compiler')
#8 C:\\Users\\dell\\Documents\\Github\\saudiex\\vendor\\laravel\\framework\\src\\Illuminate\\Support\\Facades\\Facade.php(193): Illuminate\\Support\\Facades\\Facade::resolveFacadeInstance('blade.compiler')
#9 C:\\Users\\dell\\Documents\\Github\\saudiex\\vendor\\laravel\\framework\\src\\Illuminate\\Support\\Facades\\Facade.php(332): Illuminate\\Support\\Facades\\Facade::getFacadeRoot()
#10 C:\\Users\\dell\\Documents\\Github\\saudiex\\app\\Providers\\AppServiceProvider.php(62): Illuminate\\Support\\Facades\\Facade::__callStatic('withoutDoubleEn...', Array)
#11 C:\\Users\\dell\\Documents\\Github\\saudiex\\vendor\\laravel\\framework\\src\\Illuminate\\Foundation\\Application.php(712): App\\Providers\\AppServiceProvider->register()
#12 C:\\Users\\dell\\Documents\\Github\\saudiex\\vendor\\laravel\\framework\\src\\Illuminate\\Foundation\\ProviderRepository.php(75): Illuminate\\Foundation\\Application->register(Object(App\\Providers\\AppServiceProvider))
#13 C:\\Users\\dell\\Documents\\Github\\saudiex\\vendor\\laravel\\framework\\src\\Illuminate\\Foundation\\Application.php(689): Illuminate\\Foundation\\ProviderRepository->load(Array)
#14 C:\\Users\\dell\\Documents\\Github\\saudiex\\vendor\\laravel\\framework\\src\\Illuminate\\Foundation\\Bootstrap\\RegisterProviders.php(17): Illuminate\\Foundation\\Application->registerConfiguredProviders()
#15 C:\\Users\\dell\\Documents\\Github\\saudiex\\vendor\\laravel\\framework\\src\\Illuminate\\Foundation\\Application.php(265): Illuminate\\Foundation\\Bootstrap\\RegisterProviders->bootstrap(Object(Illuminate\\Foundation\\Application))
#16 C:\\Users\\dell\\Documents\\Github\\saudiex\\vendor\\laravel\\framework\\src\\Illuminate\\Foundation\\Console\\Kernel.php(383): Illuminate\\Foundation\\Application->bootstrapWith(Array)
#17 C:\\Users\\dell\\Documents\\Github\\saudiex\\vendor\\laravel\\framework\\src\\Illuminate\\Foundation\\Console\\Kernel.php(153): Illuminate\\Foundation\\Console\\Kernel->bootstrap()
#18 Command line code(1): Illuminate\\Foundation\\Console\\Kernel->handle(Object(Symfony\\Component\\Console\\Input\\ArgvInput), Object(Symfony\\Component\\Console\\Output\\ConsoleOutput))
#19 {main}
"} 
[2025-10-24 11:33:48] local.ERROR: Please provide a valid cache path. {"exception":"[object] (InvalidArgumentException(code: 0): Please provide a valid cache path. at C:\\Users\\dell\\Documents\\Github\\saudiex\\vendor\\laravel\\framework\\src\\Illuminate\\View\\Compilers\\Compiler.php:66)
[stacktrace]
#0 C:\\Users\\dell\\Documents\\Github\\saudiex\\vendor\\laravel\\framework\\src\\Illuminate\\View\\ViewServiceProvider.php(96): Illuminate\\View\\Compilers\\Compiler->__construct(Object(Illuminate\\Filesystem\\Filesystem), false, '', true, 'php')
#1 C:\\Users\\dell\\Documents\\Github\\saudiex\\vendor\\laravel\\framework\\src\\Illuminate\\Container\\Container.php(885): Illuminate\\View\\ViewServiceProvider->Illuminate\\View\\{closure}(Object(Illuminate\\Foundation\\Application), Array)
#2 C:\\Users\\dell\\Documents\\Github\\saudiex\\vendor\\laravel\\framework\\src\\Illuminate\\Container\\Container.php(770): Illuminate\\Container\\Container->build(Object(Closure))
#3 C:\\Users\\dell\\Documents\\Github\\saudiex\\vendor\\laravel\\framework\\src\\Illuminate\\Foundation\\Application.php(881): Illuminate\\Container\\Container->resolve('blade.compiler', Array, true)
#4 C:\\Users\\dell\\Documents\\Github\\saudiex\\vendor\\laravel\\framework\\src\\Illuminate\\Container\\Container.php(706): Illuminate\\Foundation\\Application->resolve('blade.compiler', Array)
#5 C:\\Users\\dell\\Documents\\Github\\saudiex\\vendor\\laravel\\framework\\src\\Illuminate\\Foundation\\Application.php(866): Illuminate\\Container\\Container->make('blade.compiler', Array)
#6 C:\\Users\\dell\\Documents\\Github\\saudiex\\vendor\\laravel\\framework\\src\\Illuminate\\Container\\Container.php(1431): Illuminate\\Foundation\\Application->make('blade.compiler')
#7 C:\\Users\\dell\\Documents\\Github\\saudiex\\vendor\\laravel\\framework\\src\\Illuminate\\Support\\Facades\\Facade.php(222): Illuminate\\Container\\Container->offsetGet('blade.compiler')
#8 C:\\Users\\dell\\Documents\\Github\\saudiex\\vendor\\laravel\\framework\\src\\Illuminate\\Support\\Facades\\Facade.php(193): Illuminate\\Support\\Facades\\Facade::resolveFacadeInstance('blade.compiler')
#9 C:\\Users\\dell\\Documents\\Github\\saudiex\\vendor\\laravel\\framework\\src\\Illuminate\\Support\\Facades\\Facade.php(332): Illuminate\\Support\\Facades\\Facade::getFacadeRoot()
#10 C:\\Users\\dell\\Documents\\Github\\saudiex\\app\\Providers\\AppServiceProvider.php(62): Illuminate\\Support\\Facades\\Facade::__callStatic('withoutDoubleEn...', Array)
#11 C:\\Users\\dell\\Documents\\Github\\saudiex\\vendor\\laravel\\framework\\src\\Illuminate\\Foundation\\Application.php(712): App\\Providers\\AppServiceProvider->register()
#12 C:\\Users\\dell\\Documents\\Github\\saudiex\\vendor\\laravel\\framework\\src\\Illuminate\\Foundation\\ProviderRepository.php(75): Illuminate\\Foundation\\Application->register(Object(App\\Providers\\AppServiceProvider))
#13 C:\\Users\\dell\\Documents\\Github\\saudiex\\vendor\\laravel\\framework\\src\\Illuminate\\Foundation\\Application.php(689): Illuminate\\Foundation\\ProviderRepository->load(Array)
#14 C:\\Users\\dell\\Documents\\Github\\saudiex\\vendor\\laravel\\framework\\src\\Illuminate\\Foundation\\Bootstrap\\RegisterProviders.php(17): Illuminate\\Foundation\\Application->registerConfiguredProviders()
#15 C:\\Users\\dell\\Documents\\Github\\saudiex\\vendor\\laravel\\framework\\src\\Illuminate\\Foundation\\Application.php(265): Illuminate\\Foundation\\Bootstrap\\RegisterProviders->bootstrap(Object(Illuminate\\Foundation\\Application))
#16 C:\\Users\\dell\\Documents\\Github\\saudiex\\vendor\\laravel\\framework\\src\\Illuminate\\Foundation\\Console\\Kernel.php(383): Illuminate\\Foundation\\Application->bootstrapWith(Array)
#17 C:\\Users\\dell\\Documents\\Github\\saudiex\\vendor\\laravel\\framework\\src\\Illuminate\\Foundation\\Console\\Kernel.php(153): Illuminate\\Foundation\\Console\\Kernel->bootstrap()
#18 Command line code(1): Illuminate\\Foundation\\Console\\Kernel->handle(Object(Symfony\\Component\\Console\\Input\\ArgvInput), Object(Symfony\\Component\\Console\\Output\\ConsoleOutput))
#19 {main}
"} 
[2025-10-24 11:33:48] local.ERROR: Please provide a valid cache path. {"exception":"[object] (InvalidArgumentException(code: 0): Please provide a valid cache path. at C:\\Users\\dell\\Documents\\Github\\saudiex\\vendor\\laravel\\framework\\src\\Illuminate\\View\\Compilers\\Compiler.php:66)
[stacktrace]
#0 C:\\Users\\dell\\Documents\\Github\\saudiex\\vendor\\laravel\\framework\\src\\Illuminate\\View\\ViewServiceProvider.php(96): Illuminate\\View\\Compilers\\Compiler->__construct(Object(Illuminate\\Filesystem\\Filesystem), false, '', true, 'php')
#1 C:\\Users\\dell\\Documents\\Github\\saudiex\\vendor\\laravel\\framework\\src\\Illuminate\\Container\\Container.php(885): Illuminate\\View\\ViewServiceProvider->Illuminate\\View\\{closure}(Object(Illuminate\\Foundation\\Application), Array)
#2 C:\\Users\\dell\\Documents\\Github\\saudiex\\vendor\\laravel\\framework\\src\\Illuminate\\Container\\Container.php(770): Illuminate\\Container\\Container->build(Object(Closure))
#3 C:\\Users\\dell\\Documents\\Github\\saudiex\\vendor\\laravel\\framework\\src\\Illuminate\\Foundation\\Application.php(881): Illuminate\\Container\\Container->resolve('blade.compiler', Array, true)
#4 C:\\Users\\dell\\Documents\\Github\\saudiex\\vendor\\laravel\\framework\\src\\Illuminate\\Container\\Container.php(706): Illuminate\\Foundation\\Application->resolve('blade.compiler', Array)
#5 C:\\Users\\dell\\Documents\\Github\\saudiex\\vendor\\laravel\\framework\\src\\Illuminate\\Foundation\\Application.php(866): Illuminate\\Container\\Container->make('blade.compiler', Array)
#6 C:\\Users\\dell\\Documents\\Github\\saudiex\\vendor\\laravel\\framework\\src\\Illuminate\\Container\\Container.php(1431): Illuminate\\Foundation\\Application->make('blade.compiler')
#7 C:\\Users\\dell\\Documents\\Github\\saudiex\\vendor\\laravel\\framework\\src\\Illuminate\\Support\\Facades\\Facade.php(222): Illuminate\\Container\\Container->offsetGet('blade.compiler')
#8 C:\\Users\\dell\\Documents\\Github\\saudiex\\vendor\\laravel\\framework\\src\\Illuminate\\Support\\Facades\\Facade.php(193): Illuminate\\Support\\Facades\\Facade::resolveFacadeInstance('blade.compiler')
#9 C:\\Users\\dell\\Documents\\Github\\saudiex\\vendor\\laravel\\framework\\src\\Illuminate\\Support\\Facades\\Facade.php(332): Illuminate\\Support\\Facades\\Facade::getFacadeRoot()
#10 C:\\Users\\dell\\Documents\\Github\\saudiex\\app\\Providers\\AppServiceProvider.php(62): Illuminate\\Support\\Facades\\Facade::__callStatic('withoutDoubleEn...', Array)
#11 C:\\Users\\dell\\Documents\\Github\\saudiex\\vendor\\laravel\\framework\\src\\Illuminate\\Foundation\\Application.php(712): App\\Providers\\AppServiceProvider->register()
#12 C:\\Users\\dell\\Documents\\Github\\saudiex\\vendor\\laravel\\framework\\src\\Illuminate\\Foundation\\ProviderRepository.php(75): Illuminate\\Foundation\\Application->register(Object(App\\Providers\\AppServiceProvider))
#13 C:\\Users\\dell\\Documents\\Github\\saudiex\\vendor\\laravel\\framework\\src\\Illuminate\\Foundation\\Application.php(689): Illuminate\\Foundation\\ProviderRepository->load(Array)
#14 C:\\Users\\dell\\Documents\\Github\\saudiex\\vendor\\laravel\\framework\\src\\Illuminate\\Foundation\\Bootstrap\\RegisterProviders.php(17): Illuminate\\Foundation\\Application->registerConfiguredProviders()
#15 C:\\Users\\dell\\Documents\\Github\\saudiex\\vendor\\laravel\\framework\\src\\Illuminate\\Foundation\\Application.php(265): Illuminate\\Foundation\\Bootstrap\\RegisterProviders->bootstrap(Object(Illuminate\\Foundation\\Application))
#16 C:\\Users\\dell\\Documents\\Github\\saudiex\\vendor\\laravel\\framework\\src\\Illuminate\\Foundation\\Console\\Kernel.php(383): Illuminate\\Foundation\\Application->bootstrapWith(Array)
#17 C:\\Users\\dell\\Documents\\Github\\saudiex\\vendor\\laravel\\framework\\src\\Illuminate\\Foundation\\Console\\Kernel.php(153): Illuminate\\Foundation\\Console\\Kernel->bootstrap()
#18 Command line code(1): Illuminate\\Foundation\\Console\\Kernel->handle(Object(Symfony\\Component\\Console\\Input\\ArgvInput), Object(Symfony\\Component\\Console\\Output\\ConsoleOutput))
#19 {main}
"} 
[2025-10-24 11:34:48] local.ERROR: Please provide a valid cache path. {"exception":"[object] (InvalidArgumentException(code: 0): Please provide a valid cache path. at C:\\Users\\dell\\Documents\\Github\\saudiex\\vendor\\laravel\\framework\\src\\Illuminate\\View\\Compilers\\Compiler.php:66)
[stacktrace]
#0 C:\\Users\\dell\\Documents\\Github\\saudiex\\vendor\\laravel\\framework\\src\\Illuminate\\View\\ViewServiceProvider.php(96): Illuminate\\View\\Compilers\\Compiler->__construct(Object(Illuminate\\Filesystem\\Filesystem), false, '', true, 'php')
#1 C:\\Users\\dell\\Documents\\Github\\saudiex\\vendor\\laravel\\framework\\src\\Illuminate\\Container\\Container.php(885): Illuminate\\View\\ViewServiceProvider->Illuminate\\View\\{closure}(Object(Illuminate\\Foundation\\Application), Array)
#2 C:\\Users\\dell\\Documents\\Github\\saudiex\\vendor\\laravel\\framework\\src\\Illuminate\\Container\\Container.php(770): Illuminate\\Container\\Container->build(Object(Closure))
#3 C:\\Users\\dell\\Documents\\Github\\saudiex\\vendor\\laravel\\framework\\src\\Illuminate\\Foundation\\Application.php(881): Illuminate\\Container\\Container->resolve('blade.compiler', Array, true)
#4 C:\\Users\\dell\\Documents\\Github\\saudiex\\vendor\\laravel\\framework\\src\\Illuminate\\Container\\Container.php(706): Illuminate\\Foundation\\Application->resolve('blade.compiler', Array)
#5 C:\\Users\\dell\\Documents\\Github\\saudiex\\vendor\\laravel\\framework\\src\\Illuminate\\Foundation\\Application.php(866): Illuminate\\Container\\Container->make('blade.compiler', Array)
#6 C:\\Users\\dell\\Documents\\Github\\saudiex\\vendor\\laravel\\framework\\src\\Illuminate\\Container\\Container.php(1431): Illuminate\\Foundation\\Application->make('blade.compiler')
#7 C:\\Users\\dell\\Documents\\Github\\saudiex\\vendor\\laravel\\framework\\src\\Illuminate\\Support\\Facades\\Facade.php(222): Illuminate\\Container\\Container->offsetGet('blade.compiler')
#8 C:\\Users\\dell\\Documents\\Github\\saudiex\\vendor\\laravel\\framework\\src\\Illuminate\\Support\\Facades\\Facade.php(193): Illuminate\\Support\\Facades\\Facade::resolveFacadeInstance('blade.compiler')
#9 C:\\Users\\dell\\Documents\\Github\\saudiex\\vendor\\laravel\\framework\\src\\Illuminate\\Support\\Facades\\Facade.php(332): Illuminate\\Support\\Facades\\Facade::getFacadeRoot()
#10 C:\\Users\\dell\\Documents\\Github\\saudiex\\app\\Providers\\AppServiceProvider.php(62): Illuminate\\Support\\Facades\\Facade::__callStatic('withoutDoubleEn...', Array)
#11 C:\\Users\\dell\\Documents\\Github\\saudiex\\vendor\\laravel\\framework\\src\\Illuminate\\Foundation\\Application.php(712): App\\Providers\\AppServiceProvider->register()
#12 C:\\Users\\dell\\Documents\\Github\\saudiex\\vendor\\laravel\\framework\\src\\Illuminate\\Foundation\\ProviderRepository.php(75): Illuminate\\Foundation\\Application->register(Object(App\\Providers\\AppServiceProvider))
#13 C:\\Users\\dell\\Documents\\Github\\saudiex\\vendor\\laravel\\framework\\src\\Illuminate\\Foundation\\Application.php(689): Illuminate\\Foundation\\ProviderRepository->load(Array)
#14 C:\\Users\\dell\\Documents\\Github\\saudiex\\vendor\\laravel\\framework\\src\\Illuminate\\Foundation\\Bootstrap\\RegisterProviders.php(17): Illuminate\\Foundation\\Application->registerConfiguredProviders()
#15 C:\\Users\\dell\\Documents\\Github\\saudiex\\vendor\\laravel\\framework\\src\\Illuminate\\Foundation\\Application.php(265): Illuminate\\Foundation\\Bootstrap\\RegisterProviders->bootstrap(Object(Illuminate\\Foundation\\Application))
#16 C:\\Users\\dell\\Documents\\Github\\saudiex\\vendor\\laravel\\framework\\src\\Illuminate\\Foundation\\Console\\Kernel.php(383): Illuminate\\Foundation\\Application->bootstrapWith(Array)
#17 C:\\Users\\dell\\Documents\\Github\\saudiex\\vendor\\laravel\\framework\\src\\Illuminate\\Foundation\\Console\\Kernel.php(153): Illuminate\\Foundation\\Console\\Kernel->bootstrap()
#18 Command line code(1): Illuminate\\Foundation\\Console\\Kernel->handle(Object(Symfony\\Component\\Console\\Input\\ArgvInput), Object(Symfony\\Component\\Console\\Output\\ConsoleOutput))
#19 {main}
"} 
[2025-10-24 11:34:48] local.ERROR: Please provide a valid cache path. {"exception":"[object] (InvalidArgumentException(code: 0): Please provide a valid cache path. at C:\\Users\\dell\\Documents\\Github\\saudiex\\vendor\\laravel\\framework\\src\\Illuminate\\View\\Compilers\\Compiler.php:66)
[stacktrace]
#0 C:\\Users\\dell\\Documents\\Github\\saudiex\\vendor\\laravel\\framework\\src\\Illuminate\\View\\ViewServiceProvider.php(96): Illuminate\\View\\Compilers\\Compiler->__construct(Object(Illuminate\\Filesystem\\Filesystem), false, '', true, 'php')
#1 C:\\Users\\dell\\Documents\\Github\\saudiex\\vendor\\laravel\\framework\\src\\Illuminate\\Container\\Container.php(885): Illuminate\\View\\ViewServiceProvider->Illuminate\\View\\{closure}(Object(Illuminate\\Foundation\\Application), Array)
#2 C:\\Users\\dell\\Documents\\Github\\saudiex\\vendor\\laravel\\framework\\src\\Illuminate\\Container\\Container.php(770): Illuminate\\Container\\Container->build(Object(Closure))
#3 C:\\Users\\dell\\Documents\\Github\\saudiex\\vendor\\laravel\\framework\\src\\Illuminate\\Foundation\\Application.php(881): Illuminate\\Container\\Container->resolve('blade.compiler', Array, true)
#4 C:\\Users\\dell\\Documents\\Github\\saudiex\\vendor\\laravel\\framework\\src\\Illuminate\\Container\\Container.php(706): Illuminate\\Foundation\\Application->resolve('blade.compiler', Array)
#5 C:\\Users\\dell\\Documents\\Github\\saudiex\\vendor\\laravel\\framework\\src\\Illuminate\\Foundation\\Application.php(866): Illuminate\\Container\\Container->make('blade.compiler', Array)
#6 C:\\Users\\dell\\Documents\\Github\\saudiex\\vendor\\laravel\\framework\\src\\Illuminate\\Container\\Container.php(1431): Illuminate\\Foundation\\Application->make('blade.compiler')
#7 C:\\Users\\dell\\Documents\\Github\\saudiex\\vendor\\laravel\\framework\\src\\Illuminate\\Support\\Facades\\Facade.php(222): Illuminate\\Container\\Container->offsetGet('blade.compiler')
#8 C:\\Users\\dell\\Documents\\Github\\saudiex\\vendor\\laravel\\framework\\src\\Illuminate\\Support\\Facades\\Facade.php(193): Illuminate\\Support\\Facades\\Facade::resolveFacadeInstance('blade.compiler')
#9 C:\\Users\\dell\\Documents\\Github\\saudiex\\vendor\\laravel\\framework\\src\\Illuminate\\Support\\Facades\\Facade.php(332): Illuminate\\Support\\Facades\\Facade::getFacadeRoot()
#10 C:\\Users\\dell\\Documents\\Github\\saudiex\\app\\Providers\\AppServiceProvider.php(62): Illuminate\\Support\\Facades\\Facade::__callStatic('withoutDoubleEn...', Array)
#11 C:\\Users\\dell\\Documents\\Github\\saudiex\\vendor\\laravel\\framework\\src\\Illuminate\\Foundation\\Application.php(712): App\\Providers\\AppServiceProvider->register()
#12 C:\\Users\\dell\\Documents\\Github\\saudiex\\vendor\\laravel\\framework\\src\\Illuminate\\Foundation\\ProviderRepository.php(75): Illuminate\\Foundation\\Application->register(Object(App\\Providers\\AppServiceProvider))
#13 C:\\Users\\dell\\Documents\\Github\\saudiex\\vendor\\laravel\\framework\\src\\Illuminate\\Foundation\\Application.php(689): Illuminate\\Foundation\\ProviderRepository->load(Array)
#14 C:\\Users\\dell\\Documents\\Github\\saudiex\\vendor\\laravel\\framework\\src\\Illuminate\\Foundation\\Bootstrap\\RegisterProviders.php(17): Illuminate\\Foundation\\Application->registerConfiguredProviders()
#15 C:\\Users\\dell\\Documents\\Github\\saudiex\\vendor\\laravel\\framework\\src\\Illuminate\\Foundation\\Application.php(265): Illuminate\\Foundation\\Bootstrap\\RegisterProviders->bootstrap(Object(Illuminate\\Foundation\\Application))
#16 C:\\Users\\dell\\Documents\\Github\\saudiex\\vendor\\laravel\\framework\\src\\Illuminate\\Foundation\\Console\\Kernel.php(383): Illuminate\\Foundation\\Application->bootstrapWith(Array)
#17 C:\\Users\\dell\\Documents\\Github\\saudiex\\vendor\\laravel\\framework\\src\\Illuminate\\Foundation\\Console\\Kernel.php(153): Illuminate\\Foundation\\Console\\Kernel->bootstrap()
#18 Command line code(1): Illuminate\\Foundation\\Console\\Kernel->handle(Object(Symfony\\Component\\Console\\Input\\ArgvInput), Object(Symfony\\Component\\Console\\Output\\ConsoleOutput))
#19 {main}
"} 
[2025-10-24 11:35:48] local.ERROR: Please provide a valid cache path. {"exception":"[object] (InvalidArgumentException(code: 0): Please provide a valid cache path. at C:\\Users\\dell\\Documents\\Github\\saudiex\\vendor\\laravel\\framework\\src\\Illuminate\\View\\Compilers\\Compiler.php:66)
[stacktrace]
#0 C:\\Users\\dell\\Documents\\Github\\saudiex\\vendor\\laravel\\framework\\src\\Illuminate\\View\\ViewServiceProvider.php(96): Illuminate\\View\\Compilers\\Compiler->__construct(Object(Illuminate\\Filesystem\\Filesystem), false, '', true, 'php')
#1 C:\\Users\\dell\\Documents\\Github\\saudiex\\vendor\\laravel\\framework\\src\\Illuminate\\Container\\Container.php(885): Illuminate\\View\\ViewServiceProvider->Illuminate\\View\\{closure}(Object(Illuminate\\Foundation\\Application), Array)
#2 C:\\Users\\dell\\Documents\\Github\\saudiex\\vendor\\laravel\\framework\\src\\Illuminate\\Container\\Container.php(770): Illuminate\\Container\\Container->build(Object(Closure))
#3 C:\\Users\\dell\\Documents\\Github\\saudiex\\vendor\\laravel\\framework\\src\\Illuminate\\Foundation\\Application.php(881): Illuminate\\Container\\Container->resolve('blade.compiler', Array, true)
#4 C:\\Users\\dell\\Documents\\Github\\saudiex\\vendor\\laravel\\framework\\src\\Illuminate\\Container\\Container.php(706): Illuminate\\Foundation\\Application->resolve('blade.compiler', Array)
#5 C:\\Users\\dell\\Documents\\Github\\saudiex\\vendor\\laravel\\framework\\src\\Illuminate\\Foundation\\Application.php(866): Illuminate\\Container\\Container->make('blade.compiler', Array)
#6 C:\\Users\\dell\\Documents\\Github\\saudiex\\vendor\\laravel\\framework\\src\\Illuminate\\Container\\Container.php(1431): Illuminate\\Foundation\\Application->make('blade.compiler')
#7 C:\\Users\\dell\\Documents\\Github\\saudiex\\vendor\\laravel\\framework\\src\\Illuminate\\Support\\Facades\\Facade.php(222): Illuminate\\Container\\Container->offsetGet('blade.compiler')
#8 C:\\Users\\dell\\Documents\\Github\\saudiex\\vendor\\laravel\\framework\\src\\Illuminate\\Support\\Facades\\Facade.php(193): Illuminate\\Support\\Facades\\Facade::resolveFacadeInstance('blade.compiler')
#9 C:\\Users\\dell\\Documents\\Github\\saudiex\\vendor\\laravel\\framework\\src\\Illuminate\\Support\\Facades\\Facade.php(332): Illuminate\\Support\\Facades\\Facade::getFacadeRoot()
#10 C:\\Users\\dell\\Documents\\Github\\saudiex\\app\\Providers\\AppServiceProvider.php(62): Illuminate\\Support\\Facades\\Facade::__callStatic('withoutDoubleEn...', Array)
#11 C:\\Users\\dell\\Documents\\Github\\saudiex\\vendor\\laravel\\framework\\src\\Illuminate\\Foundation\\Application.php(712): App\\Providers\\AppServiceProvider->register()
#12 C:\\Users\\dell\\Documents\\Github\\saudiex\\vendor\\laravel\\framework\\src\\Illuminate\\Foundation\\ProviderRepository.php(75): Illuminate\\Foundation\\Application->register(Object(App\\Providers\\AppServiceProvider))
#13 C:\\Users\\dell\\Documents\\Github\\saudiex\\vendor\\laravel\\framework\\src\\Illuminate\\Foundation\\Application.php(689): Illuminate\\Foundation\\ProviderRepository->load(Array)
#14 C:\\Users\\dell\\Documents\\Github\\saudiex\\vendor\\laravel\\framework\\src\\Illuminate\\Foundation\\Bootstrap\\RegisterProviders.php(17): Illuminate\\Foundation\\Application->registerConfiguredProviders()
#15 C:\\Users\\dell\\Documents\\Github\\saudiex\\vendor\\laravel\\framework\\src\\Illuminate\\Foundation\\Application.php(265): Illuminate\\Foundation\\Bootstrap\\RegisterProviders->bootstrap(Object(Illuminate\\Foundation\\Application))
#16 C:\\Users\\dell\\Documents\\Github\\saudiex\\vendor\\laravel\\framework\\src\\Illuminate\\Foundation\\Console\\Kernel.php(383): Illuminate\\Foundation\\Application->bootstrapWith(Array)
#17 C:\\Users\\dell\\Documents\\Github\\saudiex\\vendor\\laravel\\framework\\src\\Illuminate\\Foundation\\Console\\Kernel.php(153): Illuminate\\Foundation\\Console\\Kernel->bootstrap()
#18 Command line code(1): Illuminate\\Foundation\\Console\\Kernel->handle(Object(Symfony\\Component\\Console\\Input\\ArgvInput), Object(Symfony\\Component\\Console\\Output\\ConsoleOutput))
#19 {main}
"} 
[2025-10-24 11:35:48] local.ERROR: Please provide a valid cache path. {"exception":"[object] (InvalidArgumentException(code: 0): Please provide a valid cache path. at C:\\Users\\dell\\Documents\\Github\\saudiex\\vendor\\laravel\\framework\\src\\Illuminate\\View\\Compilers\\Compiler.php:66)
[stacktrace]
#0 C:\\Users\\dell\\Documents\\Github\\saudiex\\vendor\\laravel\\framework\\src\\Illuminate\\View\\ViewServiceProvider.php(96): Illuminate\\View\\Compilers\\Compiler->__construct(Object(Illuminate\\Filesystem\\Filesystem), false, '', true, 'php')
#1 C:\\Users\\dell\\Documents\\Github\\saudiex\\vendor\\laravel\\framework\\src\\Illuminate\\Container\\Container.php(885): Illuminate\\View\\ViewServiceProvider->Illuminate\\View\\{closure}(Object(Illuminate\\Foundation\\Application), Array)
#2 C:\\Users\\dell\\Documents\\Github\\saudiex\\vendor\\laravel\\framework\\src\\Illuminate\\Container\\Container.php(770): Illuminate\\Container\\Container->build(Object(Closure))
#3 C:\\Users\\dell\\Documents\\Github\\saudiex\\vendor\\laravel\\framework\\src\\Illuminate\\Foundation\\Application.php(881): Illuminate\\Container\\Container->resolve('blade.compiler', Array, true)
#4 C:\\Users\\dell\\Documents\\Github\\saudiex\\vendor\\laravel\\framework\\src\\Illuminate\\Container\\Container.php(706): Illuminate\\Foundation\\Application->resolve('blade.compiler', Array)
#5 C:\\Users\\dell\\Documents\\Github\\saudiex\\vendor\\laravel\\framework\\src\\Illuminate\\Foundation\\Application.php(866): Illuminate\\Container\\Container->make('blade.compiler', Array)
#6 C:\\Users\\dell\\Documents\\Github\\saudiex\\vendor\\laravel\\framework\\src\\Illuminate\\Container\\Container.php(1431): Illuminate\\Foundation\\Application->make('blade.compiler')
#7 C:\\Users\\dell\\Documents\\Github\\saudiex\\vendor\\laravel\\framework\\src\\Illuminate\\Support\\Facades\\Facade.php(222): Illuminate\\Container\\Container->offsetGet('blade.compiler')
#8 C:\\Users\\dell\\Documents\\Github\\saudiex\\vendor\\laravel\\framework\\src\\Illuminate\\Support\\Facades\\Facade.php(193): Illuminate\\Support\\Facades\\Facade::resolveFacadeInstance('blade.compiler')
#9 C:\\Users\\dell\\Documents\\Github\\saudiex\\vendor\\laravel\\framework\\src\\Illuminate\\Support\\Facades\\Facade.php(332): Illuminate\\Support\\Facades\\Facade::getFacadeRoot()
#10 C:\\Users\\dell\\Documents\\Github\\saudiex\\app\\Providers\\AppServiceProvider.php(62): Illuminate\\Support\\Facades\\Facade::__callStatic('withoutDoubleEn...', Array)
#11 C:\\Users\\dell\\Documents\\Github\\saudiex\\vendor\\laravel\\framework\\src\\Illuminate\\Foundation\\Application.php(712): App\\Providers\\AppServiceProvider->register()
#12 C:\\Users\\dell\\Documents\\Github\\saudiex\\vendor\\laravel\\framework\\src\\Illuminate\\Foundation\\ProviderRepository.php(75): Illuminate\\Foundation\\Application->register(Object(App\\Providers\\AppServiceProvider))
#13 C:\\Users\\dell\\Documents\\Github\\saudiex\\vendor\\laravel\\framework\\src\\Illuminate\\Foundation\\Application.php(689): Illuminate\\Foundation\\ProviderRepository->load(Array)
#14 C:\\Users\\dell\\Documents\\Github\\saudiex\\vendor\\laravel\\framework\\src\\Illuminate\\Foundation\\Bootstrap\\RegisterProviders.php(17): Illuminate\\Foundation\\Application->registerConfiguredProviders()
#15 C:\\Users\\dell\\Documents\\Github\\saudiex\\vendor\\laravel\\framework\\src\\Illuminate\\Foundation\\Application.php(265): Illuminate\\Foundation\\Bootstrap\\RegisterProviders->bootstrap(Object(Illuminate\\Foundation\\Application))
#16 C:\\Users\\dell\\Documents\\Github\\saudiex\\vendor\\laravel\\framework\\src\\Illuminate\\Foundation\\Console\\Kernel.php(383): Illuminate\\Foundation\\Application->bootstrapWith(Array)
#17 C:\\Users\\dell\\Documents\\Github\\saudiex\\vendor\\laravel\\framework\\src\\Illuminate\\Foundation\\Console\\Kernel.php(153): Illuminate\\Foundation\\Console\\Kernel->bootstrap()
#18 Command line code(1): Illuminate\\Foundation\\Console\\Kernel->handle(Object(Symfony\\Component\\Console\\Input\\ArgvInput), Object(Symfony\\Component\\Console\\Output\\ConsoleOutput))
#19 {main}
"} 
[2025-10-24 11:36:48] local.ERROR: Please provide a valid cache path. {"exception":"[object] (InvalidArgumentException(code: 0): Please provide a valid cache path. at C:\\Users\\dell\\Documents\\Github\\saudiex\\vendor\\laravel\\framework\\src\\Illuminate\\View\\Compilers\\Compiler.php:66)
[stacktrace]
#0 C:\\Users\\dell\\Documents\\Github\\saudiex\\vendor\\laravel\\framework\\src\\Illuminate\\View\\ViewServiceProvider.php(96): Illuminate\\View\\Compilers\\Compiler->__construct(Object(Illuminate\\Filesystem\\Filesystem), false, '', true, 'php')
#1 C:\\Users\\dell\\Documents\\Github\\saudiex\\vendor\\laravel\\framework\\src\\Illuminate\\Container\\Container.php(885): Illuminate\\View\\ViewServiceProvider->Illuminate\\View\\{closure}(Object(Illuminate\\Foundation\\Application), Array)
#2 C:\\Users\\dell\\Documents\\Github\\saudiex\\vendor\\laravel\\framework\\src\\Illuminate\\Container\\Container.php(770): Illuminate\\Container\\Container->build(Object(Closure))
#3 C:\\Users\\dell\\Documents\\Github\\saudiex\\vendor\\laravel\\framework\\src\\Illuminate\\Foundation\\Application.php(881): Illuminate\\Container\\Container->resolve('blade.compiler', Array, true)
#4 C:\\Users\\dell\\Documents\\Github\\saudiex\\vendor\\laravel\\framework\\src\\Illuminate\\Container\\Container.php(706): Illuminate\\Foundation\\Application->resolve('blade.compiler', Array)
#5 C:\\Users\\dell\\Documents\\Github\\saudiex\\vendor\\laravel\\framework\\src\\Illuminate\\Foundation\\Application.php(866): Illuminate\\Container\\Container->make('blade.compiler', Array)
#6 C:\\Users\\dell\\Documents\\Github\\saudiex\\vendor\\laravel\\framework\\src\\Illuminate\\Container\\Container.php(1431): Illuminate\\Foundation\\Application->make('blade.compiler')
#7 C:\\Users\\dell\\Documents\\Github\\saudiex\\vendor\\laravel\\framework\\src\\Illuminate\\Support\\Facades\\Facade.php(222): Illuminate\\Container\\Container->offsetGet('blade.compiler')
#8 C:\\Users\\dell\\Documents\\Github\\saudiex\\vendor\\laravel\\framework\\src\\Illuminate\\Support\\Facades\\Facade.php(193): Illuminate\\Support\\Facades\\Facade::resolveFacadeInstance('blade.compiler')
#9 C:\\Users\\dell\\Documents\\Github\\saudiex\\vendor\\laravel\\framework\\src\\Illuminate\\Support\\Facades\\Facade.php(332): Illuminate\\Support\\Facades\\Facade::getFacadeRoot()
#10 C:\\Users\\dell\\Documents\\Github\\saudiex\\app\\Providers\\AppServiceProvider.php(62): Illuminate\\Support\\Facades\\Facade::__callStatic('withoutDoubleEn...', Array)
#11 C:\\Users\\dell\\Documents\\Github\\saudiex\\vendor\\laravel\\framework\\src\\Illuminate\\Foundation\\Application.php(712): App\\Providers\\AppServiceProvider->register()
#12 C:\\Users\\dell\\Documents\\Github\\saudiex\\vendor\\laravel\\framework\\src\\Illuminate\\Foundation\\ProviderRepository.php(75): Illuminate\\Foundation\\Application->register(Object(App\\Providers\\AppServiceProvider))
#13 C:\\Users\\dell\\Documents\\Github\\saudiex\\vendor\\laravel\\framework\\src\\Illuminate\\Foundation\\Application.php(689): Illuminate\\Foundation\\ProviderRepository->load(Array)
#14 C:\\Users\\dell\\Documents\\Github\\saudiex\\vendor\\laravel\\framework\\src\\Illuminate\\Foundation\\Bootstrap\\RegisterProviders.php(17): Illuminate\\Foundation\\Application->registerConfiguredProviders()
#15 C:\\Users\\dell\\Documents\\Github\\saudiex\\vendor\\laravel\\framework\\src\\Illuminate\\Foundation\\Application.php(265): Illuminate\\Foundation\\Bootstrap\\RegisterProviders->bootstrap(Object(Illuminate\\Foundation\\Application))
#16 C:\\Users\\dell\\Documents\\Github\\saudiex\\vendor\\laravel\\framework\\src\\Illuminate\\Foundation\\Console\\Kernel.php(383): Illuminate\\Foundation\\Application->bootstrapWith(Array)
#17 C:\\Users\\dell\\Documents\\Github\\saudiex\\vendor\\laravel\\framework\\src\\Illuminate\\Foundation\\Console\\Kernel.php(153): Illuminate\\Foundation\\Console\\Kernel->bootstrap()
#18 Command line code(1): Illuminate\\Foundation\\Console\\Kernel->handle(Object(Symfony\\Component\\Console\\Input\\ArgvInput), Object(Symfony\\Component\\Console\\Output\\ConsoleOutput))
#19 {main}
"} 
[2025-10-24 11:36:48] local.ERROR: Please provide a valid cache path. {"exception":"[object] (InvalidArgumentException(code: 0): Please provide a valid cache path. at C:\\Users\\dell\\Documents\\Github\\saudiex\\vendor\\laravel\\framework\\src\\Illuminate\\View\\Compilers\\Compiler.php:66)
[stacktrace]
#0 C:\\Users\\dell\\Documents\\Github\\saudiex\\vendor\\laravel\\framework\\src\\Illuminate\\View\\ViewServiceProvider.php(96): Illuminate\\View\\Compilers\\Compiler->__construct(Object(Illuminate\\Filesystem\\Filesystem), false, '', true, 'php')
#1 C:\\Users\\dell\\Documents\\Github\\saudiex\\vendor\\laravel\\framework\\src\\Illuminate\\Container\\Container.php(885): Illuminate\\View\\ViewServiceProvider->Illuminate\\View\\{closure}(Object(Illuminate\\Foundation\\Application), Array)
#2 C:\\Users\\dell\\Documents\\Github\\saudiex\\vendor\\laravel\\framework\\src\\Illuminate\\Container\\Container.php(770): Illuminate\\Container\\Container->build(Object(Closure))
#3 C:\\Users\\dell\\Documents\\Github\\saudiex\\vendor\\laravel\\framework\\src\\Illuminate\\Foundation\\Application.php(881): Illuminate\\Container\\Container->resolve('blade.compiler', Array, true)
#4 C:\\Users\\dell\\Documents\\Github\\saudiex\\vendor\\laravel\\framework\\src\\Illuminate\\Container\\Container.php(706): Illuminate\\Foundation\\Application->resolve('blade.compiler', Array)
#5 C:\\Users\\dell\\Documents\\Github\\saudiex\\vendor\\laravel\\framework\\src\\Illuminate\\Foundation\\Application.php(866): Illuminate\\Container\\Container->make('blade.compiler', Array)
#6 C:\\Users\\dell\\Documents\\Github\\saudiex\\vendor\\laravel\\framework\\src\\Illuminate\\Container\\Container.php(1431): Illuminate\\Foundation\\Application->make('blade.compiler')
#7 C:\\Users\\dell\\Documents\\Github\\saudiex\\vendor\\laravel\\framework\\src\\Illuminate\\Support\\Facades\\Facade.php(222): Illuminate\\Container\\Container->offsetGet('blade.compiler')
#8 C:\\Users\\dell\\Documents\\Github\\saudiex\\vendor\\laravel\\framework\\src\\Illuminate\\Support\\Facades\\Facade.php(193): Illuminate\\Support\\Facades\\Facade::resolveFacadeInstance('blade.compiler')
#9 C:\\Users\\dell\\Documents\\Github\\saudiex\\vendor\\laravel\\framework\\src\\Illuminate\\Support\\Facades\\Facade.php(332): Illuminate\\Support\\Facades\\Facade::getFacadeRoot()
#10 C:\\Users\\dell\\Documents\\Github\\saudiex\\app\\Providers\\AppServiceProvider.php(62): Illuminate\\Support\\Facades\\Facade::__callStatic('withoutDoubleEn...', Array)
#11 C:\\Users\\dell\\Documents\\Github\\saudiex\\vendor\\laravel\\framework\\src\\Illuminate\\Foundation\\Application.php(712): App\\Providers\\AppServiceProvider->register()
#12 C:\\Users\\dell\\Documents\\Github\\saudiex\\vendor\\laravel\\framework\\src\\Illuminate\\Foundation\\ProviderRepository.php(75): Illuminate\\Foundation\\Application->register(Object(App\\Providers\\AppServiceProvider))
#13 C:\\Users\\dell\\Documents\\Github\\saudiex\\vendor\\laravel\\framework\\src\\Illuminate\\Foundation\\Application.php(689): Illuminate\\Foundation\\ProviderRepository->load(Array)
#14 C:\\Users\\dell\\Documents\\Github\\saudiex\\vendor\\laravel\\framework\\src\\Illuminate\\Foundation\\Bootstrap\\RegisterProviders.php(17): Illuminate\\Foundation\\Application->registerConfiguredProviders()
#15 C:\\Users\\dell\\Documents\\Github\\saudiex\\vendor\\laravel\\framework\\src\\Illuminate\\Foundation\\Application.php(265): Illuminate\\Foundation\\Bootstrap\\RegisterProviders->bootstrap(Object(Illuminate\\Foundation\\Application))
#16 C:\\Users\\dell\\Documents\\Github\\saudiex\\vendor\\laravel\\framework\\src\\Illuminate\\Foundation\\Console\\Kernel.php(383): Illuminate\\Foundation\\Application->bootstrapWith(Array)
#17 C:\\Users\\dell\\Documents\\Github\\saudiex\\vendor\\laravel\\framework\\src\\Illuminate\\Foundation\\Console\\Kernel.php(153): Illuminate\\Foundation\\Console\\Kernel->bootstrap()
#18 Command line code(1): Illuminate\\Foundation\\Console\\Kernel->handle(Object(Symfony\\Component\\Console\\Input\\ArgvInput), Object(Symfony\\Component\\Console\\Output\\ConsoleOutput))
#19 {main}
"} 
[2025-10-24 11:37:48] local.ERROR: Please provide a valid cache path. {"exception":"[object] (InvalidArgumentException(code: 0): Please provide a valid cache path. at C:\\Users\\dell\\Documents\\Github\\saudiex\\vendor\\laravel\\framework\\src\\Illuminate\\View\\Compilers\\Compiler.php:66)
[stacktrace]
#0 C:\\Users\\dell\\Documents\\Github\\saudiex\\vendor\\laravel\\framework\\src\\Illuminate\\View\\ViewServiceProvider.php(96): Illuminate\\View\\Compilers\\Compiler->__construct(Object(Illuminate\\Filesystem\\Filesystem), false, '', true, 'php')
#1 C:\\Users\\dell\\Documents\\Github\\saudiex\\vendor\\laravel\\framework\\src\\Illuminate\\Container\\Container.php(885): Illuminate\\View\\ViewServiceProvider->Illuminate\\View\\{closure}(Object(Illuminate\\Foundation\\Application), Array)
#2 C:\\Users\\dell\\Documents\\Github\\saudiex\\vendor\\laravel\\framework\\src\\Illuminate\\Container\\Container.php(770): Illuminate\\Container\\Container->build(Object(Closure))
#3 C:\\Users\\dell\\Documents\\Github\\saudiex\\vendor\\laravel\\framework\\src\\Illuminate\\Foundation\\Application.php(881): Illuminate\\Container\\Container->resolve('blade.compiler', Array, true)
#4 C:\\Users\\dell\\Documents\\Github\\saudiex\\vendor\\laravel\\framework\\src\\Illuminate\\Container\\Container.php(706): Illuminate\\Foundation\\Application->resolve('blade.compiler', Array)
#5 C:\\Users\\dell\\Documents\\Github\\saudiex\\vendor\\laravel\\framework\\src\\Illuminate\\Foundation\\Application.php(866): Illuminate\\Container\\Container->make('blade.compiler', Array)
#6 C:\\Users\\dell\\Documents\\Github\\saudiex\\vendor\\laravel\\framework\\src\\Illuminate\\Container\\Container.php(1431): Illuminate\\Foundation\\Application->make('blade.compiler')
#7 C:\\Users\\dell\\Documents\\Github\\saudiex\\vendor\\laravel\\framework\\src\\Illuminate\\Support\\Facades\\Facade.php(222): Illuminate\\Container\\Container->offsetGet('blade.compiler')
#8 C:\\Users\\dell\\Documents\\Github\\saudiex\\vendor\\laravel\\framework\\src\\Illuminate\\Support\\Facades\\Facade.php(193): Illuminate\\Support\\Facades\\Facade::resolveFacadeInstance('blade.compiler')
#9 C:\\Users\\dell\\Documents\\Github\\saudiex\\vendor\\laravel\\framework\\src\\Illuminate\\Support\\Facades\\Facade.php(332): Illuminate\\Support\\Facades\\Facade::getFacadeRoot()
#10 C:\\Users\\dell\\Documents\\Github\\saudiex\\app\\Providers\\AppServiceProvider.php(62): Illuminate\\Support\\Facades\\Facade::__callStatic('withoutDoubleEn...', Array)
#11 C:\\Users\\dell\\Documents\\Github\\saudiex\\vendor\\laravel\\framework\\src\\Illuminate\\Foundation\\Application.php(712): App\\Providers\\AppServiceProvider->register()
#12 C:\\Users\\dell\\Documents\\Github\\saudiex\\vendor\\laravel\\framework\\src\\Illuminate\\Foundation\\ProviderRepository.php(75): Illuminate\\Foundation\\Application->register(Object(App\\Providers\\AppServiceProvider))
#13 C:\\Users\\dell\\Documents\\Github\\saudiex\\vendor\\laravel\\framework\\src\\Illuminate\\Foundation\\Application.php(689): Illuminate\\Foundation\\ProviderRepository->load(Array)
#14 C:\\Users\\dell\\Documents\\Github\\saudiex\\vendor\\laravel\\framework\\src\\Illuminate\\Foundation\\Bootstrap\\RegisterProviders.php(17): Illuminate\\Foundation\\Application->registerConfiguredProviders()
#15 C:\\Users\\dell\\Documents\\Github\\saudiex\\vendor\\laravel\\framework\\src\\Illuminate\\Foundation\\Application.php(265): Illuminate\\Foundation\\Bootstrap\\RegisterProviders->bootstrap(Object(Illuminate\\Foundation\\Application))
#16 C:\\Users\\dell\\Documents\\Github\\saudiex\\vendor\\laravel\\framework\\src\\Illuminate\\Foundation\\Console\\Kernel.php(383): Illuminate\\Foundation\\Application->bootstrapWith(Array)
#17 C:\\Users\\dell\\Documents\\Github\\saudiex\\vendor\\laravel\\framework\\src\\Illuminate\\Foundation\\Console\\Kernel.php(153): Illuminate\\Foundation\\Console\\Kernel->bootstrap()
#18 Command line code(1): Illuminate\\Foundation\\Console\\Kernel->handle(Object(Symfony\\Component\\Console\\Input\\ArgvInput), Object(Symfony\\Component\\Console\\Output\\ConsoleOutput))
#19 {main}
"} 
[2025-10-24 11:37:48] local.ERROR: Please provide a valid cache path. {"exception":"[object] (InvalidArgumentException(code: 0): Please provide a valid cache path. at C:\\Users\\dell\\Documents\\Github\\saudiex\\vendor\\laravel\\framework\\src\\Illuminate\\View\\Compilers\\Compiler.php:66)
[stacktrace]
#0 C:\\Users\\dell\\Documents\\Github\\saudiex\\vendor\\laravel\\framework\\src\\Illuminate\\View\\ViewServiceProvider.php(96): Illuminate\\View\\Compilers\\Compiler->__construct(Object(Illuminate\\Filesystem\\Filesystem), false, '', true, 'php')
#1 C:\\Users\\dell\\Documents\\Github\\saudiex\\vendor\\laravel\\framework\\src\\Illuminate\\Container\\Container.php(885): Illuminate\\View\\ViewServiceProvider->Illuminate\\View\\{closure}(Object(Illuminate\\Foundation\\Application), Array)
#2 C:\\Users\\dell\\Documents\\Github\\saudiex\\vendor\\laravel\\framework\\src\\Illuminate\\Container\\Container.php(770): Illuminate\\Container\\Container->build(Object(Closure))
#3 C:\\Users\\dell\\Documents\\Github\\saudiex\\vendor\\laravel\\framework\\src\\Illuminate\\Foundation\\Application.php(881): Illuminate\\Container\\Container->resolve('blade.compiler', Array, true)
#4 C:\\Users\\dell\\Documents\\Github\\saudiex\\vendor\\laravel\\framework\\src\\Illuminate\\Container\\Container.php(706): Illuminate\\Foundation\\Application->resolve('blade.compiler', Array)
#5 C:\\Users\\dell\\Documents\\Github\\saudiex\\vendor\\laravel\\framework\\src\\Illuminate\\Foundation\\Application.php(866): Illuminate\\Container\\Container->make('blade.compiler', Array)
#6 C:\\Users\\dell\\Documents\\Github\\saudiex\\vendor\\laravel\\framework\\src\\Illuminate\\Container\\Container.php(1431): Illuminate\\Foundation\\Application->make('blade.compiler')
#7 C:\\Users\\dell\\Documents\\Github\\saudiex\\vendor\\laravel\\framework\\src\\Illuminate\\Support\\Facades\\Facade.php(222): Illuminate\\Container\\Container->offsetGet('blade.compiler')
#8 C:\\Users\\dell\\Documents\\Github\\saudiex\\vendor\\laravel\\framework\\src\\Illuminate\\Support\\Facades\\Facade.php(193): Illuminate\\Support\\Facades\\Facade::resolveFacadeInstance('blade.compiler')
#9 C:\\Users\\dell\\Documents\\Github\\saudiex\\vendor\\laravel\\framework\\src\\Illuminate\\Support\\Facades\\Facade.php(332): Illuminate\\Support\\Facades\\Facade::getFacadeRoot()
#10 C:\\Users\\dell\\Documents\\Github\\saudiex\\app\\Providers\\AppServiceProvider.php(62): Illuminate\\Support\\Facades\\Facade::__callStatic('withoutDoubleEn...', Array)
#11 C:\\Users\\dell\\Documents\\Github\\saudiex\\vendor\\laravel\\framework\\src\\Illuminate\\Foundation\\Application.php(712): App\\Providers\\AppServiceProvider->register()
#12 C:\\Users\\dell\\Documents\\Github\\saudiex\\vendor\\laravel\\framework\\src\\Illuminate\\Foundation\\ProviderRepository.php(75): Illuminate\\Foundation\\Application->register(Object(App\\Providers\\AppServiceProvider))
#13 C:\\Users\\dell\\Documents\\Github\\saudiex\\vendor\\laravel\\framework\\src\\Illuminate\\Foundation\\Application.php(689): Illuminate\\Foundation\\ProviderRepository->load(Array)
#14 C:\\Users\\dell\\Documents\\Github\\saudiex\\vendor\\laravel\\framework\\src\\Illuminate\\Foundation\\Bootstrap\\RegisterProviders.php(17): Illuminate\\Foundation\\Application->registerConfiguredProviders()
#15 C:\\Users\\dell\\Documents\\Github\\saudiex\\vendor\\laravel\\framework\\src\\Illuminate\\Foundation\\Application.php(265): Illuminate\\Foundation\\Bootstrap\\RegisterProviders->bootstrap(Object(Illuminate\\Foundation\\Application))
#16 C:\\Users\\dell\\Documents\\Github\\saudiex\\vendor\\laravel\\framework\\src\\Illuminate\\Foundation\\Console\\Kernel.php(383): Illuminate\\Foundation\\Application->bootstrapWith(Array)
#17 C:\\Users\\dell\\Documents\\Github\\saudiex\\vendor\\laravel\\framework\\src\\Illuminate\\Foundation\\Console\\Kernel.php(153): Illuminate\\Foundation\\Console\\Kernel->bootstrap()
#18 Command line code(1): Illuminate\\Foundation\\Console\\Kernel->handle(Object(Symfony\\Component\\Console\\Input\\ArgvInput), Object(Symfony\\Component\\Console\\Output\\ConsoleOutput))
#19 {main}
"} 
[2025-10-24 11:38:19] local.ERROR: Please provide a valid cache path. {"exception":"[object] (InvalidArgumentException(code: 0): Please provide a valid cache path. at C:\\Users\\dell\\Documents\\Github\\saudiex\\vendor\\laravel\\framework\\src\\Illuminate\\View\\Compilers\\Compiler.php:66)
[stacktrace]
#0 C:\\Users\\dell\\Documents\\Github\\saudiex\\vendor\\laravel\\framework\\src\\Illuminate\\View\\ViewServiceProvider.php(96): Illuminate\\View\\Compilers\\Compiler->__construct(Object(Illuminate\\Filesystem\\Filesystem), false, '', true, 'php')
#1 C:\\Users\\dell\\Documents\\Github\\saudiex\\vendor\\laravel\\framework\\src\\Illuminate\\Container\\Container.php(885): Illuminate\\View\\ViewServiceProvider->Illuminate\\View\\{closure}(Object(Illuminate\\Foundation\\Application), Array)
#2 C:\\Users\\dell\\Documents\\Github\\saudiex\\vendor\\laravel\\framework\\src\\Illuminate\\Container\\Container.php(770): Illuminate\\Container\\Container->build(Object(Closure))
#3 C:\\Users\\dell\\Documents\\Github\\saudiex\\vendor\\laravel\\framework\\src\\Illuminate\\Foundation\\Application.php(881): Illuminate\\Container\\Container->resolve('blade.compiler', Array, true)
#4 C:\\Users\\dell\\Documents\\Github\\saudiex\\vendor\\laravel\\framework\\src\\Illuminate\\Container\\Container.php(706): Illuminate\\Foundation\\Application->resolve('blade.compiler', Array)
#5 C:\\Users\\dell\\Documents\\Github\\saudiex\\vendor\\laravel\\framework\\src\\Illuminate\\Foundation\\Application.php(866): Illuminate\\Container\\Container->make('blade.compiler', Array)
#6 C:\\Users\\dell\\Documents\\Github\\saudiex\\vendor\\laravel\\framework\\src\\Illuminate\\Container\\Container.php(1431): Illuminate\\Foundation\\Application->make('blade.compiler')
#7 C:\\Users\\dell\\Documents\\Github\\saudiex\\vendor\\laravel\\framework\\src\\Illuminate\\Support\\Facades\\Facade.php(222): Illuminate\\Container\\Container->offsetGet('blade.compiler')
#8 C:\\Users\\dell\\Documents\\Github\\saudiex\\vendor\\laravel\\framework\\src\\Illuminate\\Support\\Facades\\Facade.php(193): Illuminate\\Support\\Facades\\Facade::resolveFacadeInstance('blade.compiler')
#9 C:\\Users\\dell\\Documents\\Github\\saudiex\\vendor\\laravel\\framework\\src\\Illuminate\\Support\\Facades\\Facade.php(332): Illuminate\\Support\\Facades\\Facade::getFacadeRoot()
#10 C:\\Users\\dell\\Documents\\Github\\saudiex\\app\\Providers\\AppServiceProvider.php(62): Illuminate\\Support\\Facades\\Facade::__callStatic('withoutDoubleEn...', Array)
#11 C:\\Users\\dell\\Documents\\Github\\saudiex\\vendor\\laravel\\framework\\src\\Illuminate\\Foundation\\Application.php(712): App\\Providers\\AppServiceProvider->register()
#12 C:\\Users\\dell\\Documents\\Github\\saudiex\\vendor\\laravel\\framework\\src\\Illuminate\\Foundation\\ProviderRepository.php(75): Illuminate\\Foundation\\Application->register(Object(App\\Providers\\AppServiceProvider))
#13 C:\\Users\\dell\\Documents\\Github\\saudiex\\vendor\\laravel\\framework\\src\\Illuminate\\Foundation\\Application.php(689): Illuminate\\Foundation\\ProviderRepository->load(Array)
#14 C:\\Users\\dell\\Documents\\Github\\saudiex\\vendor\\laravel\\framework\\src\\Illuminate\\Foundation\\Bootstrap\\RegisterProviders.php(17): Illuminate\\Foundation\\Application->registerConfiguredProviders()
#15 C:\\Users\\dell\\Documents\\Github\\saudiex\\vendor\\laravel\\framework\\src\\Illuminate\\Foundation\\Application.php(265): Illuminate\\Foundation\\Bootstrap\\RegisterProviders->bootstrap(Object(Illuminate\\Foundation\\Application))
#16 C:\\Users\\dell\\Documents\\Github\\saudiex\\vendor\\laravel\\framework\\src\\Illuminate\\Foundation\\Console\\Kernel.php(383): Illuminate\\Foundation\\Application->bootstrapWith(Array)
#17 C:\\Users\\dell\\Documents\\Github\\saudiex\\vendor\\laravel\\framework\\src\\Illuminate\\Foundation\\Console\\Kernel.php(153): Illuminate\\Foundation\\Console\\Kernel->bootstrap()
#18 Command line code(1): Illuminate\\Foundation\\Console\\Kernel->handle(Object(Symfony\\Component\\Console\\Input\\ArgvInput), Object(Symfony\\Component\\Console\\Output\\ConsoleOutput))
#19 {main}
"} 
[2025-10-24 11:38:48] local.ERROR: Please provide a valid cache path. {"exception":"[object] (InvalidArgumentException(code: 0): Please provide a valid cache path. at C:\\Users\\dell\\Documents\\Github\\saudiex\\vendor\\laravel\\framework\\src\\Illuminate\\View\\Compilers\\Compiler.php:66)
[stacktrace]
#0 C:\\Users\\dell\\Documents\\Github\\saudiex\\vendor\\laravel\\framework\\src\\Illuminate\\View\\ViewServiceProvider.php(96): Illuminate\\View\\Compilers\\Compiler->__construct(Object(Illuminate\\Filesystem\\Filesystem), false, '', true, 'php')
#1 C:\\Users\\dell\\Documents\\Github\\saudiex\\vendor\\laravel\\framework\\src\\Illuminate\\Container\\Container.php(885): Illuminate\\View\\ViewServiceProvider->Illuminate\\View\\{closure}(Object(Illuminate\\Foundation\\Application), Array)
#2 C:\\Users\\dell\\Documents\\Github\\saudiex\\vendor\\laravel\\framework\\src\\Illuminate\\Container\\Container.php(770): Illuminate\\Container\\Container->build(Object(Closure))
#3 C:\\Users\\dell\\Documents\\Github\\saudiex\\vendor\\laravel\\framework\\src\\Illuminate\\Foundation\\Application.php(881): Illuminate\\Container\\Container->resolve('blade.compiler', Array, true)
#4 C:\\Users\\dell\\Documents\\Github\\saudiex\\vendor\\laravel\\framework\\src\\Illuminate\\Container\\Container.php(706): Illuminate\\Foundation\\Application->resolve('blade.compiler', Array)
#5 C:\\Users\\dell\\Documents\\Github\\saudiex\\vendor\\laravel\\framework\\src\\Illuminate\\Foundation\\Application.php(866): Illuminate\\Container\\Container->make('blade.compiler', Array)
#6 C:\\Users\\dell\\Documents\\Github\\saudiex\\vendor\\laravel\\framework\\src\\Illuminate\\Container\\Container.php(1431): Illuminate\\Foundation\\Application->make('blade.compiler')
#7 C:\\Users\\dell\\Documents\\Github\\saudiex\\vendor\\laravel\\framework\\src\\Illuminate\\Support\\Facades\\Facade.php(222): Illuminate\\Container\\Container->offsetGet('blade.compiler')
#8 C:\\Users\\dell\\Documents\\Github\\saudiex\\vendor\\laravel\\framework\\src\\Illuminate\\Support\\Facades\\Facade.php(193): Illuminate\\Support\\Facades\\Facade::resolveFacadeInstance('blade.compiler')
#9 C:\\Users\\dell\\Documents\\Github\\saudiex\\vendor\\laravel\\framework\\src\\Illuminate\\Support\\Facades\\Facade.php(332): Illuminate\\Support\\Facades\\Facade::getFacadeRoot()
#10 C:\\Users\\dell\\Documents\\Github\\saudiex\\app\\Providers\\AppServiceProvider.php(62): Illuminate\\Support\\Facades\\Facade::__callStatic('withoutDoubleEn...', Array)
#11 C:\\Users\\dell\\Documents\\Github\\saudiex\\vendor\\laravel\\framework\\src\\Illuminate\\Foundation\\Application.php(712): App\\Providers\\AppServiceProvider->register()
#12 C:\\Users\\dell\\Documents\\Github\\saudiex\\vendor\\laravel\\framework\\src\\Illuminate\\Foundation\\ProviderRepository.php(75): Illuminate\\Foundation\\Application->register(Object(App\\Providers\\AppServiceProvider))
#13 C:\\Users\\dell\\Documents\\Github\\saudiex\\vendor\\laravel\\framework\\src\\Illuminate\\Foundation\\Application.php(689): Illuminate\\Foundation\\ProviderRepository->load(Array)
#14 C:\\Users\\dell\\Documents\\Github\\saudiex\\vendor\\laravel\\framework\\src\\Illuminate\\Foundation\\Bootstrap\\RegisterProviders.php(17): Illuminate\\Foundation\\Application->registerConfiguredProviders()
#15 C:\\Users\\dell\\Documents\\Github\\saudiex\\vendor\\laravel\\framework\\src\\Illuminate\\Foundation\\Application.php(265): Illuminate\\Foundation\\Bootstrap\\RegisterProviders->bootstrap(Object(Illuminate\\Foundation\\Application))
#16 C:\\Users\\dell\\Documents\\Github\\saudiex\\vendor\\laravel\\framework\\src\\Illuminate\\Foundation\\Console\\Kernel.php(383): Illuminate\\Foundation\\Application->bootstrapWith(Array)
#17 C:\\Users\\dell\\Documents\\Github\\saudiex\\vendor\\laravel\\framework\\src\\Illuminate\\Foundation\\Console\\Kernel.php(153): Illuminate\\Foundation\\Console\\Kernel->bootstrap()
#18 Command line code(1): Illuminate\\Foundation\\Console\\Kernel->handle(Object(Symfony\\Component\\Console\\Input\\ArgvInput), Object(Symfony\\Component\\Console\\Output\\ConsoleOutput))
#19 {main}
"} 
[2025-10-24 11:38:48] local.ERROR: Please provide a valid cache path. {"exception":"[object] (InvalidArgumentException(code: 0): Please provide a valid cache path. at C:\\Users\\dell\\Documents\\Github\\saudiex\\vendor\\laravel\\framework\\src\\Illuminate\\View\\Compilers\\Compiler.php:66)
[stacktrace]
#0 C:\\Users\\dell\\Documents\\Github\\saudiex\\vendor\\laravel\\framework\\src\\Illuminate\\View\\ViewServiceProvider.php(96): Illuminate\\View\\Compilers\\Compiler->__construct(Object(Illuminate\\Filesystem\\Filesystem), false, '', true, 'php')
#1 C:\\Users\\dell\\Documents\\Github\\saudiex\\vendor\\laravel\\framework\\src\\Illuminate\\Container\\Container.php(885): Illuminate\\View\\ViewServiceProvider->Illuminate\\View\\{closure}(Object(Illuminate\\Foundation\\Application), Array)
#2 C:\\Users\\dell\\Documents\\Github\\saudiex\\vendor\\laravel\\framework\\src\\Illuminate\\Container\\Container.php(770): Illuminate\\Container\\Container->build(Object(Closure))
#3 C:\\Users\\dell\\Documents\\Github\\saudiex\\vendor\\laravel\\framework\\src\\Illuminate\\Foundation\\Application.php(881): Illuminate\\Container\\Container->resolve('blade.compiler', Array, true)
#4 C:\\Users\\dell\\Documents\\Github\\saudiex\\vendor\\laravel\\framework\\src\\Illuminate\\Container\\Container.php(706): Illuminate\\Foundation\\Application->resolve('blade.compiler', Array)
#5 C:\\Users\\dell\\Documents\\Github\\saudiex\\vendor\\laravel\\framework\\src\\Illuminate\\Foundation\\Application.php(866): Illuminate\\Container\\Container->make('blade.compiler', Array)
#6 C:\\Users\\dell\\Documents\\Github\\saudiex\\vendor\\laravel\\framework\\src\\Illuminate\\Container\\Container.php(1431): Illuminate\\Foundation\\Application->make('blade.compiler')
#7 C:\\Users\\dell\\Documents\\Github\\saudiex\\vendor\\laravel\\framework\\src\\Illuminate\\Support\\Facades\\Facade.php(222): Illuminate\\Container\\Container->offsetGet('blade.compiler')
#8 C:\\Users\\dell\\Documents\\Github\\saudiex\\vendor\\laravel\\framework\\src\\Illuminate\\Support\\Facades\\Facade.php(193): Illuminate\\Support\\Facades\\Facade::resolveFacadeInstance('blade.compiler')
#9 C:\\Users\\dell\\Documents\\Github\\saudiex\\vendor\\laravel\\framework\\src\\Illuminate\\Support\\Facades\\Facade.php(332): Illuminate\\Support\\Facades\\Facade::getFacadeRoot()
#10 C:\\Users\\dell\\Documents\\Github\\saudiex\\app\\Providers\\AppServiceProvider.php(62): Illuminate\\Support\\Facades\\Facade::__callStatic('withoutDoubleEn...', Array)
#11 C:\\Users\\dell\\Documents\\Github\\saudiex\\vendor\\laravel\\framework\\src\\Illuminate\\Foundation\\Application.php(712): App\\Providers\\AppServiceProvider->register()
#12 C:\\Users\\dell\\Documents\\Github\\saudiex\\vendor\\laravel\\framework\\src\\Illuminate\\Foundation\\ProviderRepository.php(75): Illuminate\\Foundation\\Application->register(Object(App\\Providers\\AppServiceProvider))
#13 C:\\Users\\dell\\Documents\\Github\\saudiex\\vendor\\laravel\\framework\\src\\Illuminate\\Foundation\\Application.php(689): Illuminate\\Foundation\\ProviderRepository->load(Array)
#14 C:\\Users\\dell\\Documents\\Github\\saudiex\\vendor\\laravel\\framework\\src\\Illuminate\\Foundation\\Bootstrap\\RegisterProviders.php(17): Illuminate\\Foundation\\Application->registerConfiguredProviders()
#15 C:\\Users\\dell\\Documents\\Github\\saudiex\\vendor\\laravel\\framework\\src\\Illuminate\\Foundation\\Application.php(265): Illuminate\\Foundation\\Bootstrap\\RegisterProviders->bootstrap(Object(Illuminate\\Foundation\\Application))
#16 C:\\Users\\dell\\Documents\\Github\\saudiex\\vendor\\laravel\\framework\\src\\Illuminate\\Foundation\\Console\\Kernel.php(383): Illuminate\\Foundation\\Application->bootstrapWith(Array)
#17 C:\\Users\\dell\\Documents\\Github\\saudiex\\vendor\\laravel\\framework\\src\\Illuminate\\Foundation\\Console\\Kernel.php(153): Illuminate\\Foundation\\Console\\Kernel->bootstrap()
#18 Command line code(1): Illuminate\\Foundation\\Console\\Kernel->handle(Object(Symfony\\Component\\Console\\Input\\ArgvInput), Object(Symfony\\Component\\Console\\Output\\ConsoleOutput))
#19 {main}
"} 
[2025-10-24 11:39:48] local.ERROR: Please provide a valid cache path. {"exception":"[object] (InvalidArgumentException(code: 0): Please provide a valid cache path. at C:\\Users\\dell\\Documents\\Github\\saudiex\\vendor\\laravel\\framework\\src\\Illuminate\\View\\Compilers\\Compiler.php:66)
[stacktrace]
#0 C:\\Users\\dell\\Documents\\Github\\saudiex\\vendor\\laravel\\framework\\src\\Illuminate\\View\\ViewServiceProvider.php(96): Illuminate\\View\\Compilers\\Compiler->__construct(Object(Illuminate\\Filesystem\\Filesystem), false, '', true, 'php')
#1 C:\\Users\\dell\\Documents\\Github\\saudiex\\vendor\\laravel\\framework\\src\\Illuminate\\Container\\Container.php(885): Illuminate\\View\\ViewServiceProvider->Illuminate\\View\\{closure}(Object(Illuminate\\Foundation\\Application), Array)
#2 C:\\Users\\dell\\Documents\\Github\\saudiex\\vendor\\laravel\\framework\\src\\Illuminate\\Container\\Container.php(770): Illuminate\\Container\\Container->build(Object(Closure))
#3 C:\\Users\\dell\\Documents\\Github\\saudiex\\vendor\\laravel\\framework\\src\\Illuminate\\Foundation\\Application.php(881): Illuminate\\Container\\Container->resolve('blade.compiler', Array, true)
#4 C:\\Users\\dell\\Documents\\Github\\saudiex\\vendor\\laravel\\framework\\src\\Illuminate\\Container\\Container.php(706): Illuminate\\Foundation\\Application->resolve('blade.compiler', Array)
#5 C:\\Users\\dell\\Documents\\Github\\saudiex\\vendor\\laravel\\framework\\src\\Illuminate\\Foundation\\Application.php(866): Illuminate\\Container\\Container->make('blade.compiler', Array)
#6 C:\\Users\\dell\\Documents\\Github\\saudiex\\vendor\\laravel\\framework\\src\\Illuminate\\Container\\Container.php(1431): Illuminate\\Foundation\\Application->make('blade.compiler')
#7 C:\\Users\\dell\\Documents\\Github\\saudiex\\vendor\\laravel\\framework\\src\\Illuminate\\Support\\Facades\\Facade.php(222): Illuminate\\Container\\Container->offsetGet('blade.compiler')
#8 C:\\Users\\dell\\Documents\\Github\\saudiex\\vendor\\laravel\\framework\\src\\Illuminate\\Support\\Facades\\Facade.php(193): Illuminate\\Support\\Facades\\Facade::resolveFacadeInstance('blade.compiler')
#9 C:\\Users\\dell\\Documents\\Github\\saudiex\\vendor\\laravel\\framework\\src\\Illuminate\\Support\\Facades\\Facade.php(332): Illuminate\\Support\\Facades\\Facade::getFacadeRoot()
#10 C:\\Users\\dell\\Documents\\Github\\saudiex\\app\\Providers\\AppServiceProvider.php(62): Illuminate\\Support\\Facades\\Facade::__callStatic('withoutDoubleEn...', Array)
#11 C:\\Users\\dell\\Documents\\Github\\saudiex\\vendor\\laravel\\framework\\src\\Illuminate\\Foundation\\Application.php(712): App\\Providers\\AppServiceProvider->register()
#12 C:\\Users\\dell\\Documents\\Github\\saudiex\\vendor\\laravel\\framework\\src\\Illuminate\\Foundation\\ProviderRepository.php(75): Illuminate\\Foundation\\Application->register(Object(App\\Providers\\AppServiceProvider))
#13 C:\\Users\\dell\\Documents\\Github\\saudiex\\vendor\\laravel\\framework\\src\\Illuminate\\Foundation\\Application.php(689): Illuminate\\Foundation\\ProviderRepository->load(Array)
#14 C:\\Users\\dell\\Documents\\Github\\saudiex\\vendor\\laravel\\framework\\src\\Illuminate\\Foundation\\Bootstrap\\RegisterProviders.php(17): Illuminate\\Foundation\\Application->registerConfiguredProviders()
#15 C:\\Users\\dell\\Documents\\Github\\saudiex\\vendor\\laravel\\framework\\src\\Illuminate\\Foundation\\Application.php(265): Illuminate\\Foundation\\Bootstrap\\RegisterProviders->bootstrap(Object(Illuminate\\Foundation\\Application))
#16 C:\\Users\\dell\\Documents\\Github\\saudiex\\vendor\\laravel\\framework\\src\\Illuminate\\Foundation\\Console\\Kernel.php(383): Illuminate\\Foundation\\Application->bootstrapWith(Array)
#17 C:\\Users\\dell\\Documents\\Github\\saudiex\\vendor\\laravel\\framework\\src\\Illuminate\\Foundation\\Console\\Kernel.php(153): Illuminate\\Foundation\\Console\\Kernel->bootstrap()
#18 Command line code(1): Illuminate\\Foundation\\Console\\Kernel->handle(Object(Symfony\\Component\\Console\\Input\\ArgvInput), Object(Symfony\\Component\\Console\\Output\\ConsoleOutput))
#19 {main}
"} 
[2025-10-24 11:39:48] local.ERROR: Please provide a valid cache path. {"exception":"[object] (InvalidArgumentException(code: 0): Please provide a valid cache path. at C:\\Users\\dell\\Documents\\Github\\saudiex\\vendor\\laravel\\framework\\src\\Illuminate\\View\\Compilers\\Compiler.php:66)
[stacktrace]
#0 C:\\Users\\dell\\Documents\\Github\\saudiex\\vendor\\laravel\\framework\\src\\Illuminate\\View\\ViewServiceProvider.php(96): Illuminate\\View\\Compilers\\Compiler->__construct(Object(Illuminate\\Filesystem\\Filesystem), false, '', true, 'php')
#1 C:\\Users\\dell\\Documents\\Github\\saudiex\\vendor\\laravel\\framework\\src\\Illuminate\\Container\\Container.php(885): Illuminate\\View\\ViewServiceProvider->Illuminate\\View\\{closure}(Object(Illuminate\\Foundation\\Application), Array)
#2 C:\\Users\\dell\\Documents\\Github\\saudiex\\vendor\\laravel\\framework\\src\\Illuminate\\Container\\Container.php(770): Illuminate\\Container\\Container->build(Object(Closure))
#3 C:\\Users\\dell\\Documents\\Github\\saudiex\\vendor\\laravel\\framework\\src\\Illuminate\\Foundation\\Application.php(881): Illuminate\\Container\\Container->resolve('blade.compiler', Array, true)
#4 C:\\Users\\dell\\Documents\\Github\\saudiex\\vendor\\laravel\\framework\\src\\Illuminate\\Container\\Container.php(706): Illuminate\\Foundation\\Application->resolve('blade.compiler', Array)
#5 C:\\Users\\dell\\Documents\\Github\\saudiex\\vendor\\laravel\\framework\\src\\Illuminate\\Foundation\\Application.php(866): Illuminate\\Container\\Container->make('blade.compiler', Array)
#6 C:\\Users\\dell\\Documents\\Github\\saudiex\\vendor\\laravel\\framework\\src\\Illuminate\\Container\\Container.php(1431): Illuminate\\Foundation\\Application->make('blade.compiler')
#7 C:\\Users\\dell\\Documents\\Github\\saudiex\\vendor\\laravel\\framework\\src\\Illuminate\\Support\\Facades\\Facade.php(222): Illuminate\\Container\\Container->offsetGet('blade.compiler')
#8 C:\\Users\\dell\\Documents\\Github\\saudiex\\vendor\\laravel\\framework\\src\\Illuminate\\Support\\Facades\\Facade.php(193): Illuminate\\Support\\Facades\\Facade::resolveFacadeInstance('blade.compiler')
#9 C:\\Users\\dell\\Documents\\Github\\saudiex\\vendor\\laravel\\framework\\src\\Illuminate\\Support\\Facades\\Facade.php(332): Illuminate\\Support\\Facades\\Facade::getFacadeRoot()
#10 C:\\Users\\dell\\Documents\\Github\\saudiex\\app\\Providers\\AppServiceProvider.php(62): Illuminate\\Support\\Facades\\Facade::__callStatic('withoutDoubleEn...', Array)
#11 C:\\Users\\dell\\Documents\\Github\\saudiex\\vendor\\laravel\\framework\\src\\Illuminate\\Foundation\\Application.php(712): App\\Providers\\AppServiceProvider->register()
#12 C:\\Users\\dell\\Documents\\Github\\saudiex\\vendor\\laravel\\framework\\src\\Illuminate\\Foundation\\ProviderRepository.php(75): Illuminate\\Foundation\\Application->register(Object(App\\Providers\\AppServiceProvider))
#13 C:\\Users\\dell\\Documents\\Github\\saudiex\\vendor\\laravel\\framework\\src\\Illuminate\\Foundation\\Application.php(689): Illuminate\\Foundation\\ProviderRepository->load(Array)
#14 C:\\Users\\dell\\Documents\\Github\\saudiex\\vendor\\laravel\\framework\\src\\Illuminate\\Foundation\\Bootstrap\\RegisterProviders.php(17): Illuminate\\Foundation\\Application->registerConfiguredProviders()
#15 C:\\Users\\dell\\Documents\\Github\\saudiex\\vendor\\laravel\\framework\\src\\Illuminate\\Foundation\\Application.php(265): Illuminate\\Foundation\\Bootstrap\\RegisterProviders->bootstrap(Object(Illuminate\\Foundation\\Application))
#16 C:\\Users\\dell\\Documents\\Github\\saudiex\\vendor\\laravel\\framework\\src\\Illuminate\\Foundation\\Console\\Kernel.php(383): Illuminate\\Foundation\\Application->bootstrapWith(Array)
#17 C:\\Users\\dell\\Documents\\Github\\saudiex\\vendor\\laravel\\framework\\src\\Illuminate\\Foundation\\Console\\Kernel.php(153): Illuminate\\Foundation\\Console\\Kernel->bootstrap()
#18 Command line code(1): Illuminate\\Foundation\\Console\\Kernel->handle(Object(Symfony\\Component\\Console\\Input\\ArgvInput), Object(Symfony\\Component\\Console\\Output\\ConsoleOutput))
#19 {main}
"} 
[2025-10-24 11:40:48] local.ERROR: Please provide a valid cache path. {"exception":"[object] (InvalidArgumentException(code: 0): Please provide a valid cache path. at C:\\Users\\dell\\Documents\\Github\\saudiex\\vendor\\laravel\\framework\\src\\Illuminate\\View\\Compilers\\Compiler.php:66)
[stacktrace]
#0 C:\\Users\\dell\\Documents\\Github\\saudiex\\vendor\\laravel\\framework\\src\\Illuminate\\View\\ViewServiceProvider.php(96): Illuminate\\View\\Compilers\\Compiler->__construct(Object(Illuminate\\Filesystem\\Filesystem), false, '', true, 'php')
#1 C:\\Users\\dell\\Documents\\Github\\saudiex\\vendor\\laravel\\framework\\src\\Illuminate\\Container\\Container.php(885): Illuminate\\View\\ViewServiceProvider->Illuminate\\View\\{closure}(Object(Illuminate\\Foundation\\Application), Array)
#2 C:\\Users\\dell\\Documents\\Github\\saudiex\\vendor\\laravel\\framework\\src\\Illuminate\\Container\\Container.php(770): Illuminate\\Container\\Container->build(Object(Closure))
#3 C:\\Users\\dell\\Documents\\Github\\saudiex\\vendor\\laravel\\framework\\src\\Illuminate\\Foundation\\Application.php(881): Illuminate\\Container\\Container->resolve('blade.compiler', Array, true)
#4 C:\\Users\\dell\\Documents\\Github\\saudiex\\vendor\\laravel\\framework\\src\\Illuminate\\Container\\Container.php(706): Illuminate\\Foundation\\Application->resolve('blade.compiler', Array)
#5 C:\\Users\\dell\\Documents\\Github\\saudiex\\vendor\\laravel\\framework\\src\\Illuminate\\Foundation\\Application.php(866): Illuminate\\Container\\Container->make('blade.compiler', Array)
#6 C:\\Users\\dell\\Documents\\Github\\saudiex\\vendor\\laravel\\framework\\src\\Illuminate\\Container\\Container.php(1431): Illuminate\\Foundation\\Application->make('blade.compiler')
#7 C:\\Users\\dell\\Documents\\Github\\saudiex\\vendor\\laravel\\framework\\src\\Illuminate\\Support\\Facades\\Facade.php(222): Illuminate\\Container\\Container->offsetGet('blade.compiler')
#8 C:\\Users\\dell\\Documents\\Github\\saudiex\\vendor\\laravel\\framework\\src\\Illuminate\\Support\\Facades\\Facade.php(193): Illuminate\\Support\\Facades\\Facade::resolveFacadeInstance('blade.compiler')
#9 C:\\Users\\dell\\Documents\\Github\\saudiex\\vendor\\laravel\\framework\\src\\Illuminate\\Support\\Facades\\Facade.php(332): Illuminate\\Support\\Facades\\Facade::getFacadeRoot()
#10 C:\\Users\\dell\\Documents\\Github\\saudiex\\app\\Providers\\AppServiceProvider.php(62): Illuminate\\Support\\Facades\\Facade::__callStatic('withoutDoubleEn...', Array)
#11 C:\\Users\\dell\\Documents\\Github\\saudiex\\vendor\\laravel\\framework\\src\\Illuminate\\Foundation\\Application.php(712): App\\Providers\\AppServiceProvider->register()
#12 C:\\Users\\dell\\Documents\\Github\\saudiex\\vendor\\laravel\\framework\\src\\Illuminate\\Foundation\\ProviderRepository.php(75): Illuminate\\Foundation\\Application->register(Object(App\\Providers\\AppServiceProvider))
#13 C:\\Users\\dell\\Documents\\Github\\saudiex\\vendor\\laravel\\framework\\src\\Illuminate\\Foundation\\Application.php(689): Illuminate\\Foundation\\ProviderRepository->load(Array)
#14 C:\\Users\\dell\\Documents\\Github\\saudiex\\vendor\\laravel\\framework\\src\\Illuminate\\Foundation\\Bootstrap\\RegisterProviders.php(17): Illuminate\\Foundation\\Application->registerConfiguredProviders()
#15 C:\\Users\\dell\\Documents\\Github\\saudiex\\vendor\\laravel\\framework\\src\\Illuminate\\Foundation\\Application.php(265): Illuminate\\Foundation\\Bootstrap\\RegisterProviders->bootstrap(Object(Illuminate\\Foundation\\Application))
#16 C:\\Users\\dell\\Documents\\Github\\saudiex\\vendor\\laravel\\framework\\src\\Illuminate\\Foundation\\Console\\Kernel.php(383): Illuminate\\Foundation\\Application->bootstrapWith(Array)
#17 C:\\Users\\dell\\Documents\\Github\\saudiex\\vendor\\laravel\\framework\\src\\Illuminate\\Foundation\\Console\\Kernel.php(153): Illuminate\\Foundation\\Console\\Kernel->bootstrap()
#18 Command line code(1): Illuminate\\Foundation\\Console\\Kernel->handle(Object(Symfony\\Component\\Console\\Input\\ArgvInput), Object(Symfony\\Component\\Console\\Output\\ConsoleOutput))
#19 {main}
"} 
[2025-10-24 11:40:48] local.ERROR: Please provide a valid cache path. {"exception":"[object] (InvalidArgumentException(code: 0): Please provide a valid cache path. at C:\\Users\\dell\\Documents\\Github\\saudiex\\vendor\\laravel\\framework\\src\\Illuminate\\View\\Compilers\\Compiler.php:66)
[stacktrace]
#0 C:\\Users\\dell\\Documents\\Github\\saudiex\\vendor\\laravel\\framework\\src\\Illuminate\\View\\ViewServiceProvider.php(96): Illuminate\\View\\Compilers\\Compiler->__construct(Object(Illuminate\\Filesystem\\Filesystem), false, '', true, 'php')
#1 C:\\Users\\dell\\Documents\\Github\\saudiex\\vendor\\laravel\\framework\\src\\Illuminate\\Container\\Container.php(885): Illuminate\\View\\ViewServiceProvider->Illuminate\\View\\{closure}(Object(Illuminate\\Foundation\\Application), Array)
#2 C:\\Users\\dell\\Documents\\Github\\saudiex\\vendor\\laravel\\framework\\src\\Illuminate\\Container\\Container.php(770): Illuminate\\Container\\Container->build(Object(Closure))
#3 C:\\Users\\dell\\Documents\\Github\\saudiex\\vendor\\laravel\\framework\\src\\Illuminate\\Foundation\\Application.php(881): Illuminate\\Container\\Container->resolve('blade.compiler', Array, true)
#4 C:\\Users\\dell\\Documents\\Github\\saudiex\\vendor\\laravel\\framework\\src\\Illuminate\\Container\\Container.php(706): Illuminate\\Foundation\\Application->resolve('blade.compiler', Array)
#5 C:\\Users\\dell\\Documents\\Github\\saudiex\\vendor\\laravel\\framework\\src\\Illuminate\\Foundation\\Application.php(866): Illuminate\\Container\\Container->make('blade.compiler', Array)
#6 C:\\Users\\dell\\Documents\\Github\\saudiex\\vendor\\laravel\\framework\\src\\Illuminate\\Container\\Container.php(1431): Illuminate\\Foundation\\Application->make('blade.compiler')
#7 C:\\Users\\dell\\Documents\\Github\\saudiex\\vendor\\laravel\\framework\\src\\Illuminate\\Support\\Facades\\Facade.php(222): Illuminate\\Container\\Container->offsetGet('blade.compiler')
#8 C:\\Users\\dell\\Documents\\Github\\saudiex\\vendor\\laravel\\framework\\src\\Illuminate\\Support\\Facades\\Facade.php(193): Illuminate\\Support\\Facades\\Facade::resolveFacadeInstance('blade.compiler')
#9 C:\\Users\\dell\\Documents\\Github\\saudiex\\vendor\\laravel\\framework\\src\\Illuminate\\Support\\Facades\\Facade.php(332): Illuminate\\Support\\Facades\\Facade::getFacadeRoot()
#10 C:\\Users\\dell\\Documents\\Github\\saudiex\\app\\Providers\\AppServiceProvider.php(62): Illuminate\\Support\\Facades\\Facade::__callStatic('withoutDoubleEn...', Array)
#11 C:\\Users\\dell\\Documents\\Github\\saudiex\\vendor\\laravel\\framework\\src\\Illuminate\\Foundation\\Application.php(712): App\\Providers\\AppServiceProvider->register()
#12 C:\\Users\\dell\\Documents\\Github\\saudiex\\vendor\\laravel\\framework\\src\\Illuminate\\Foundation\\ProviderRepository.php(75): Illuminate\\Foundation\\Application->register(Object(App\\Providers\\AppServiceProvider))
#13 C:\\Users\\dell\\Documents\\Github\\saudiex\\vendor\\laravel\\framework\\src\\Illuminate\\Foundation\\Application.php(689): Illuminate\\Foundation\\ProviderRepository->load(Array)
#14 C:\\Users\\dell\\Documents\\Github\\saudiex\\vendor\\laravel\\framework\\src\\Illuminate\\Foundation\\Bootstrap\\RegisterProviders.php(17): Illuminate\\Foundation\\Application->registerConfiguredProviders()
#15 C:\\Users\\dell\\Documents\\Github\\saudiex\\vendor\\laravel\\framework\\src\\Illuminate\\Foundation\\Application.php(265): Illuminate\\Foundation\\Bootstrap\\RegisterProviders->bootstrap(Object(Illuminate\\Foundation\\Application))
#16 C:\\Users\\dell\\Documents\\Github\\saudiex\\vendor\\laravel\\framework\\src\\Illuminate\\Foundation\\Console\\Kernel.php(383): Illuminate\\Foundation\\Application->bootstrapWith(Array)
#17 C:\\Users\\dell\\Documents\\Github\\saudiex\\vendor\\laravel\\framework\\src\\Illuminate\\Foundation\\Console\\Kernel.php(153): Illuminate\\Foundation\\Console\\Kernel->bootstrap()
#18 Command line code(1): Illuminate\\Foundation\\Console\\Kernel->handle(Object(Symfony\\Component\\Console\\Input\\ArgvInput), Object(Symfony\\Component\\Console\\Output\\ConsoleOutput))
#19 {main}
"} 
[2025-10-24 11:41:48] local.ERROR: Please provide a valid cache path. {"exception":"[object] (InvalidArgumentException(code: 0): Please provide a valid cache path. at C:\\Users\\dell\\Documents\\Github\\saudiex\\vendor\\laravel\\framework\\src\\Illuminate\\View\\Compilers\\Compiler.php:66)
[stacktrace]
#0 C:\\Users\\dell\\Documents\\Github\\saudiex\\vendor\\laravel\\framework\\src\\Illuminate\\View\\ViewServiceProvider.php(96): Illuminate\\View\\Compilers\\Compiler->__construct(Object(Illuminate\\Filesystem\\Filesystem), false, '', true, 'php')
#1 C:\\Users\\dell\\Documents\\Github\\saudiex\\vendor\\laravel\\framework\\src\\Illuminate\\Container\\Container.php(885): Illuminate\\View\\ViewServiceProvider->Illuminate\\View\\{closure}(Object(Illuminate\\Foundation\\Application), Array)
#2 C:\\Users\\dell\\Documents\\Github\\saudiex\\vendor\\laravel\\framework\\src\\Illuminate\\Container\\Container.php(770): Illuminate\\Container\\Container->build(Object(Closure))
#3 C:\\Users\\dell\\Documents\\Github\\saudiex\\vendor\\laravel\\framework\\src\\Illuminate\\Foundation\\Application.php(881): Illuminate\\Container\\Container->resolve('blade.compiler', Array, true)
#4 C:\\Users\\dell\\Documents\\Github\\saudiex\\vendor\\laravel\\framework\\src\\Illuminate\\Container\\Container.php(706): Illuminate\\Foundation\\Application->resolve('blade.compiler', Array)
#5 C:\\Users\\dell\\Documents\\Github\\saudiex\\vendor\\laravel\\framework\\src\\Illuminate\\Foundation\\Application.php(866): Illuminate\\Container\\Container->make('blade.compiler', Array)
#6 C:\\Users\\dell\\Documents\\Github\\saudiex\\vendor\\laravel\\framework\\src\\Illuminate\\Container\\Container.php(1431): Illuminate\\Foundation\\Application->make('blade.compiler')
#7 C:\\Users\\dell\\Documents\\Github\\saudiex\\vendor\\laravel\\framework\\src\\Illuminate\\Support\\Facades\\Facade.php(222): Illuminate\\Container\\Container->offsetGet('blade.compiler')
#8 C:\\Users\\dell\\Documents\\Github\\saudiex\\vendor\\laravel\\framework\\src\\Illuminate\\Support\\Facades\\Facade.php(193): Illuminate\\Support\\Facades\\Facade::resolveFacadeInstance('blade.compiler')
#9 C:\\Users\\dell\\Documents\\Github\\saudiex\\vendor\\laravel\\framework\\src\\Illuminate\\Support\\Facades\\Facade.php(332): Illuminate\\Support\\Facades\\Facade::getFacadeRoot()
#10 C:\\Users\\dell\\Documents\\Github\\saudiex\\app\\Providers\\AppServiceProvider.php(62): Illuminate\\Support\\Facades\\Facade::__callStatic('withoutDoubleEn...', Array)
#11 C:\\Users\\dell\\Documents\\Github\\saudiex\\vendor\\laravel\\framework\\src\\Illuminate\\Foundation\\Application.php(712): App\\Providers\\AppServiceProvider->register()
#12 C:\\Users\\dell\\Documents\\Github\\saudiex\\vendor\\laravel\\framework\\src\\Illuminate\\Foundation\\ProviderRepository.php(75): Illuminate\\Foundation\\Application->register(Object(App\\Providers\\AppServiceProvider))
#13 C:\\Users\\dell\\Documents\\Github\\saudiex\\vendor\\laravel\\framework\\src\\Illuminate\\Foundation\\Application.php(689): Illuminate\\Foundation\\ProviderRepository->load(Array)
#14 C:\\Users\\dell\\Documents\\Github\\saudiex\\vendor\\laravel\\framework\\src\\Illuminate\\Foundation\\Bootstrap\\RegisterProviders.php(17): Illuminate\\Foundation\\Application->registerConfiguredProviders()
#15 C:\\Users\\dell\\Documents\\Github\\saudiex\\vendor\\laravel\\framework\\src\\Illuminate\\Foundation\\Application.php(265): Illuminate\\Foundation\\Bootstrap\\RegisterProviders->bootstrap(Object(Illuminate\\Foundation\\Application))
#16 C:\\Users\\dell\\Documents\\Github\\saudiex\\vendor\\laravel\\framework\\src\\Illuminate\\Foundation\\Console\\Kernel.php(383): Illuminate\\Foundation\\Application->bootstrapWith(Array)
#17 C:\\Users\\dell\\Documents\\Github\\saudiex\\vendor\\laravel\\framework\\src\\Illuminate\\Foundation\\Console\\Kernel.php(153): Illuminate\\Foundation\\Console\\Kernel->bootstrap()
#18 Command line code(1): Illuminate\\Foundation\\Console\\Kernel->handle(Object(Symfony\\Component\\Console\\Input\\ArgvInput), Object(Symfony\\Component\\Console\\Output\\ConsoleOutput))
#19 {main}
"} 
[2025-10-24 11:41:48] local.ERROR: Please provide a valid cache path. {"exception":"[object] (InvalidArgumentException(code: 0): Please provide a valid cache path. at C:\\Users\\dell\\Documents\\Github\\saudiex\\vendor\\laravel\\framework\\src\\Illuminate\\View\\Compilers\\Compiler.php:66)
[stacktrace]
#0 C:\\Users\\dell\\Documents\\Github\\saudiex\\vendor\\laravel\\framework\\src\\Illuminate\\View\\ViewServiceProvider.php(96): Illuminate\\View\\Compilers\\Compiler->__construct(Object(Illuminate\\Filesystem\\Filesystem), false, '', true, 'php')
#1 C:\\Users\\dell\\Documents\\Github\\saudiex\\vendor\\laravel\\framework\\src\\Illuminate\\Container\\Container.php(885): Illuminate\\View\\ViewServiceProvider->Illuminate\\View\\{closure}(Object(Illuminate\\Foundation\\Application), Array)
#2 C:\\Users\\dell\\Documents\\Github\\saudiex\\vendor\\laravel\\framework\\src\\Illuminate\\Container\\Container.php(770): Illuminate\\Container\\Container->build(Object(Closure))
#3 C:\\Users\\dell\\Documents\\Github\\saudiex\\vendor\\laravel\\framework\\src\\Illuminate\\Foundation\\Application.php(881): Illuminate\\Container\\Container->resolve('blade.compiler', Array, true)
#4 C:\\Users\\dell\\Documents\\Github\\saudiex\\vendor\\laravel\\framework\\src\\Illuminate\\Container\\Container.php(706): Illuminate\\Foundation\\Application->resolve('blade.compiler', Array)
#5 C:\\Users\\dell\\Documents\\Github\\saudiex\\vendor\\laravel\\framework\\src\\Illuminate\\Foundation\\Application.php(866): Illuminate\\Container\\Container->make('blade.compiler', Array)
#6 C:\\Users\\dell\\Documents\\Github\\saudiex\\vendor\\laravel\\framework\\src\\Illuminate\\Container\\Container.php(1431): Illuminate\\Foundation\\Application->make('blade.compiler')
#7 C:\\Users\\dell\\Documents\\Github\\saudiex\\vendor\\laravel\\framework\\src\\Illuminate\\Support\\Facades\\Facade.php(222): Illuminate\\Container\\Container->offsetGet('blade.compiler')
#8 C:\\Users\\dell\\Documents\\Github\\saudiex\\vendor\\laravel\\framework\\src\\Illuminate\\Support\\Facades\\Facade.php(193): Illuminate\\Support\\Facades\\Facade::resolveFacadeInstance('blade.compiler')
#9 C:\\Users\\dell\\Documents\\Github\\saudiex\\vendor\\laravel\\framework\\src\\Illuminate\\Support\\Facades\\Facade.php(332): Illuminate\\Support\\Facades\\Facade::getFacadeRoot()
#10 C:\\Users\\dell\\Documents\\Github\\saudiex\\app\\Providers\\AppServiceProvider.php(62): Illuminate\\Support\\Facades\\Facade::__callStatic('withoutDoubleEn...', Array)
#11 C:\\Users\\dell\\Documents\\Github\\saudiex\\vendor\\laravel\\framework\\src\\Illuminate\\Foundation\\Application.php(712): App\\Providers\\AppServiceProvider->register()
#12 C:\\Users\\dell\\Documents\\Github\\saudiex\\vendor\\laravel\\framework\\src\\Illuminate\\Foundation\\ProviderRepository.php(75): Illuminate\\Foundation\\Application->register(Object(App\\Providers\\AppServiceProvider))
#13 C:\\Users\\dell\\Documents\\Github\\saudiex\\vendor\\laravel\\framework\\src\\Illuminate\\Foundation\\Application.php(689): Illuminate\\Foundation\\ProviderRepository->load(Array)
#14 C:\\Users\\dell\\Documents\\Github\\saudiex\\vendor\\laravel\\framework\\src\\Illuminate\\Foundation\\Bootstrap\\RegisterProviders.php(17): Illuminate\\Foundation\\Application->registerConfiguredProviders()
#15 C:\\Users\\dell\\Documents\\Github\\saudiex\\vendor\\laravel\\framework\\src\\Illuminate\\Foundation\\Application.php(265): Illuminate\\Foundation\\Bootstrap\\RegisterProviders->bootstrap(Object(Illuminate\\Foundation\\Application))
#16 C:\\Users\\dell\\Documents\\Github\\saudiex\\vendor\\laravel\\framework\\src\\Illuminate\\Foundation\\Console\\Kernel.php(383): Illuminate\\Foundation\\Application->bootstrapWith(Array)
#17 C:\\Users\\dell\\Documents\\Github\\saudiex\\vendor\\laravel\\framework\\src\\Illuminate\\Foundation\\Console\\Kernel.php(153): Illuminate\\Foundation\\Console\\Kernel->bootstrap()
#18 Command line code(1): Illuminate\\Foundation\\Console\\Kernel->handle(Object(Symfony\\Component\\Console\\Input\\ArgvInput), Object(Symfony\\Component\\Console\\Output\\ConsoleOutput))
#19 {main}
"} 
[2025-10-24 11:42:48] local.ERROR: Please provide a valid cache path. {"exception":"[object] (InvalidArgumentException(code: 0): Please provide a valid cache path. at C:\\Users\\dell\\Documents\\Github\\saudiex\\vendor\\laravel\\framework\\src\\Illuminate\\View\\Compilers\\Compiler.php:66)
[stacktrace]
#0 C:\\Users\\dell\\Documents\\Github\\saudiex\\vendor\\laravel\\framework\\src\\Illuminate\\View\\ViewServiceProvider.php(96): Illuminate\\View\\Compilers\\Compiler->__construct(Object(Illuminate\\Filesystem\\Filesystem), false, '', true, 'php')
#1 C:\\Users\\dell\\Documents\\Github\\saudiex\\vendor\\laravel\\framework\\src\\Illuminate\\Container\\Container.php(885): Illuminate\\View\\ViewServiceProvider->Illuminate\\View\\{closure}(Object(Illuminate\\Foundation\\Application), Array)
#2 C:\\Users\\dell\\Documents\\Github\\saudiex\\vendor\\laravel\\framework\\src\\Illuminate\\Container\\Container.php(770): Illuminate\\Container\\Container->build(Object(Closure))
#3 C:\\Users\\dell\\Documents\\Github\\saudiex\\vendor\\laravel\\framework\\src\\Illuminate\\Foundation\\Application.php(881): Illuminate\\Container\\Container->resolve('blade.compiler', Array, true)
#4 C:\\Users\\dell\\Documents\\Github\\saudiex\\vendor\\laravel\\framework\\src\\Illuminate\\Container\\Container.php(706): Illuminate\\Foundation\\Application->resolve('blade.compiler', Array)
#5 C:\\Users\\dell\\Documents\\Github\\saudiex\\vendor\\laravel\\framework\\src\\Illuminate\\Foundation\\Application.php(866): Illuminate\\Container\\Container->make('blade.compiler', Array)
#6 C:\\Users\\dell\\Documents\\Github\\saudiex\\vendor\\laravel\\framework\\src\\Illuminate\\Container\\Container.php(1431): Illuminate\\Foundation\\Application->make('blade.compiler')
#7 C:\\Users\\dell\\Documents\\Github\\saudiex\\vendor\\laravel\\framework\\src\\Illuminate\\Support\\Facades\\Facade.php(222): Illuminate\\Container\\Container->offsetGet('blade.compiler')
#8 C:\\Users\\dell\\Documents\\Github\\saudiex\\vendor\\laravel\\framework\\src\\Illuminate\\Support\\Facades\\Facade.php(193): Illuminate\\Support\\Facades\\Facade::resolveFacadeInstance('blade.compiler')
#9 C:\\Users\\dell\\Documents\\Github\\saudiex\\vendor\\laravel\\framework\\src\\Illuminate\\Support\\Facades\\Facade.php(332): Illuminate\\Support\\Facades\\Facade::getFacadeRoot()
#10 C:\\Users\\dell\\Documents\\Github\\saudiex\\app\\Providers\\AppServiceProvider.php(62): Illuminate\\Support\\Facades\\Facade::__callStatic('withoutDoubleEn...', Array)
#11 C:\\Users\\dell\\Documents\\Github\\saudiex\\vendor\\laravel\\framework\\src\\Illuminate\\Foundation\\Application.php(712): App\\Providers\\AppServiceProvider->register()
#12 C:\\Users\\dell\\Documents\\Github\\saudiex\\vendor\\laravel\\framework\\src\\Illuminate\\Foundation\\ProviderRepository.php(75): Illuminate\\Foundation\\Application->register(Object(App\\Providers\\AppServiceProvider))
#13 C:\\Users\\dell\\Documents\\Github\\saudiex\\vendor\\laravel\\framework\\src\\Illuminate\\Foundation\\Application.php(689): Illuminate\\Foundation\\ProviderRepository->load(Array)
#14 C:\\Users\\dell\\Documents\\Github\\saudiex\\vendor\\laravel\\framework\\src\\Illuminate\\Foundation\\Bootstrap\\RegisterProviders.php(17): Illuminate\\Foundation\\Application->registerConfiguredProviders()
#15 C:\\Users\\dell\\Documents\\Github\\saudiex\\vendor\\laravel\\framework\\src\\Illuminate\\Foundation\\Application.php(265): Illuminate\\Foundation\\Bootstrap\\RegisterProviders->bootstrap(Object(Illuminate\\Foundation\\Application))
#16 C:\\Users\\dell\\Documents\\Github\\saudiex\\vendor\\laravel\\framework\\src\\Illuminate\\Foundation\\Console\\Kernel.php(383): Illuminate\\Foundation\\Application->bootstrapWith(Array)
#17 C:\\Users\\dell\\Documents\\Github\\saudiex\\vendor\\laravel\\framework\\src\\Illuminate\\Foundation\\Console\\Kernel.php(153): Illuminate\\Foundation\\Console\\Kernel->bootstrap()
#18 Command line code(1): Illuminate\\Foundation\\Console\\Kernel->handle(Object(Symfony\\Component\\Console\\Input\\ArgvInput), Object(Symfony\\Component\\Console\\Output\\ConsoleOutput))
#19 {main}
"} 
[2025-10-24 11:42:48] local.ERROR: Please provide a valid cache path. {"exception":"[object] (InvalidArgumentException(code: 0): Please provide a valid cache path. at C:\\Users\\dell\\Documents\\Github\\saudiex\\vendor\\laravel\\framework\\src\\Illuminate\\View\\Compilers\\Compiler.php:66)
[stacktrace]
#0 C:\\Users\\dell\\Documents\\Github\\saudiex\\vendor\\laravel\\framework\\src\\Illuminate\\View\\ViewServiceProvider.php(96): Illuminate\\View\\Compilers\\Compiler->__construct(Object(Illuminate\\Filesystem\\Filesystem), false, '', true, 'php')
#1 C:\\Users\\dell\\Documents\\Github\\saudiex\\vendor\\laravel\\framework\\src\\Illuminate\\Container\\Container.php(885): Illuminate\\View\\ViewServiceProvider->Illuminate\\View\\{closure}(Object(Illuminate\\Foundation\\Application), Array)
#2 C:\\Users\\dell\\Documents\\Github\\saudiex\\vendor\\laravel\\framework\\src\\Illuminate\\Container\\Container.php(770): Illuminate\\Container\\Container->build(Object(Closure))
#3 C:\\Users\\dell\\Documents\\Github\\saudiex\\vendor\\laravel\\framework\\src\\Illuminate\\Foundation\\Application.php(881): Illuminate\\Container\\Container->resolve('blade.compiler', Array, true)
#4 C:\\Users\\dell\\Documents\\Github\\saudiex\\vendor\\laravel\\framework\\src\\Illuminate\\Container\\Container.php(706): Illuminate\\Foundation\\Application->resolve('blade.compiler', Array)
#5 C:\\Users\\dell\\Documents\\Github\\saudiex\\vendor\\laravel\\framework\\src\\Illuminate\\Foundation\\Application.php(866): Illuminate\\Container\\Container->make('blade.compiler', Array)
#6 C:\\Users\\dell\\Documents\\Github\\saudiex\\vendor\\laravel\\framework\\src\\Illuminate\\Container\\Container.php(1431): Illuminate\\Foundation\\Application->make('blade.compiler')
#7 C:\\Users\\dell\\Documents\\Github\\saudiex\\vendor\\laravel\\framework\\src\\Illuminate\\Support\\Facades\\Facade.php(222): Illuminate\\Container\\Container->offsetGet('blade.compiler')
#8 C:\\Users\\dell\\Documents\\Github\\saudiex\\vendor\\laravel\\framework\\src\\Illuminate\\Support\\Facades\\Facade.php(193): Illuminate\\Support\\Facades\\Facade::resolveFacadeInstance('blade.compiler')
#9 C:\\Users\\dell\\Documents\\Github\\saudiex\\vendor\\laravel\\framework\\src\\Illuminate\\Support\\Facades\\Facade.php(332): Illuminate\\Support\\Facades\\Facade::getFacadeRoot()
#10 C:\\Users\\dell\\Documents\\Github\\saudiex\\app\\Providers\\AppServiceProvider.php(62): Illuminate\\Support\\Facades\\Facade::__callStatic('withoutDoubleEn...', Array)
#11 C:\\Users\\dell\\Documents\\Github\\saudiex\\vendor\\laravel\\framework\\src\\Illuminate\\Foundation\\Application.php(712): App\\Providers\\AppServiceProvider->register()
#12 C:\\Users\\dell\\Documents\\Github\\saudiex\\vendor\\laravel\\framework\\src\\Illuminate\\Foundation\\ProviderRepository.php(75): Illuminate\\Foundation\\Application->register(Object(App\\Providers\\AppServiceProvider))
#13 C:\\Users\\dell\\Documents\\Github\\saudiex\\vendor\\laravel\\framework\\src\\Illuminate\\Foundation\\Application.php(689): Illuminate\\Foundation\\ProviderRepository->load(Array)
#14 C:\\Users\\dell\\Documents\\Github\\saudiex\\vendor\\laravel\\framework\\src\\Illuminate\\Foundation\\Bootstrap\\RegisterProviders.php(17): Illuminate\\Foundation\\Application->registerConfiguredProviders()
#15 C:\\Users\\dell\\Documents\\Github\\saudiex\\vendor\\laravel\\framework\\src\\Illuminate\\Foundation\\Application.php(265): Illuminate\\Foundation\\Bootstrap\\RegisterProviders->bootstrap(Object(Illuminate\\Foundation\\Application))
#16 C:\\Users\\dell\\Documents\\Github\\saudiex\\vendor\\laravel\\framework\\src\\Illuminate\\Foundation\\Console\\Kernel.php(383): Illuminate\\Foundation\\Application->bootstrapWith(Array)
#17 C:\\Users\\dell\\Documents\\Github\\saudiex\\vendor\\laravel\\framework\\src\\Illuminate\\Foundation\\Console\\Kernel.php(153): Illuminate\\Foundation\\Console\\Kernel->bootstrap()
#18 Command line code(1): Illuminate\\Foundation\\Console\\Kernel->handle(Object(Symfony\\Component\\Console\\Input\\ArgvInput), Object(Symfony\\Component\\Console\\Output\\ConsoleOutput))
#19 {main}
"} 
[2025-10-24 11:43:48] local.ERROR: Please provide a valid cache path. {"exception":"[object] (InvalidArgumentException(code: 0): Please provide a valid cache path. at C:\\Users\\dell\\Documents\\Github\\saudiex\\vendor\\laravel\\framework\\src\\Illuminate\\View\\Compilers\\Compiler.php:66)
[stacktrace]
#0 C:\\Users\\dell\\Documents\\Github\\saudiex\\vendor\\laravel\\framework\\src\\Illuminate\\View\\ViewServiceProvider.php(96): Illuminate\\View\\Compilers\\Compiler->__construct(Object(Illuminate\\Filesystem\\Filesystem), false, '', true, 'php')
#1 C:\\Users\\dell\\Documents\\Github\\saudiex\\vendor\\laravel\\framework\\src\\Illuminate\\Container\\Container.php(885): Illuminate\\View\\ViewServiceProvider->Illuminate\\View\\{closure}(Object(Illuminate\\Foundation\\Application), Array)
#2 C:\\Users\\dell\\Documents\\Github\\saudiex\\vendor\\laravel\\framework\\src\\Illuminate\\Container\\Container.php(770): Illuminate\\Container\\Container->build(Object(Closure))
#3 C:\\Users\\dell\\Documents\\Github\\saudiex\\vendor\\laravel\\framework\\src\\Illuminate\\Foundation\\Application.php(881): Illuminate\\Container\\Container->resolve('blade.compiler', Array, true)
#4 C:\\Users\\dell\\Documents\\Github\\saudiex\\vendor\\laravel\\framework\\src\\Illuminate\\Container\\Container.php(706): Illuminate\\Foundation\\Application->resolve('blade.compiler', Array)
#5 C:\\Users\\dell\\Documents\\Github\\saudiex\\vendor\\laravel\\framework\\src\\Illuminate\\Foundation\\Application.php(866): Illuminate\\Container\\Container->make('blade.compiler', Array)
#6 C:\\Users\\dell\\Documents\\Github\\saudiex\\vendor\\laravel\\framework\\src\\Illuminate\\Container\\Container.php(1431): Illuminate\\Foundation\\Application->make('blade.compiler')
#7 C:\\Users\\dell\\Documents\\Github\\saudiex\\vendor\\laravel\\framework\\src\\Illuminate\\Support\\Facades\\Facade.php(222): Illuminate\\Container\\Container->offsetGet('blade.compiler')
#8 C:\\Users\\dell\\Documents\\Github\\saudiex\\vendor\\laravel\\framework\\src\\Illuminate\\Support\\Facades\\Facade.php(193): Illuminate\\Support\\Facades\\Facade::resolveFacadeInstance('blade.compiler')
#9 C:\\Users\\dell\\Documents\\Github\\saudiex\\vendor\\laravel\\framework\\src\\Illuminate\\Support\\Facades\\Facade.php(332): Illuminate\\Support\\Facades\\Facade::getFacadeRoot()
#10 C:\\Users\\dell\\Documents\\Github\\saudiex\\app\\Providers\\AppServiceProvider.php(62): Illuminate\\Support\\Facades\\Facade::__callStatic('withoutDoubleEn...', Array)
#11 C:\\Users\\dell\\Documents\\Github\\saudiex\\vendor\\laravel\\framework\\src\\Illuminate\\Foundation\\Application.php(712): App\\Providers\\AppServiceProvider->register()
#12 C:\\Users\\dell\\Documents\\Github\\saudiex\\vendor\\laravel\\framework\\src\\Illuminate\\Foundation\\ProviderRepository.php(75): Illuminate\\Foundation\\Application->register(Object(App\\Providers\\AppServiceProvider))
#13 C:\\Users\\dell\\Documents\\Github\\saudiex\\vendor\\laravel\\framework\\src\\Illuminate\\Foundation\\Application.php(689): Illuminate\\Foundation\\ProviderRepository->load(Array)
#14 C:\\Users\\dell\\Documents\\Github\\saudiex\\vendor\\laravel\\framework\\src\\Illuminate\\Foundation\\Bootstrap\\RegisterProviders.php(17): Illuminate\\Foundation\\Application->registerConfiguredProviders()
#15 C:\\Users\\dell\\Documents\\Github\\saudiex\\vendor\\laravel\\framework\\src\\Illuminate\\Foundation\\Application.php(265): Illuminate\\Foundation\\Bootstrap\\RegisterProviders->bootstrap(Object(Illuminate\\Foundation\\Application))
#16 C:\\Users\\dell\\Documents\\Github\\saudiex\\vendor\\laravel\\framework\\src\\Illuminate\\Foundation\\Console\\Kernel.php(383): Illuminate\\Foundation\\Application->bootstrapWith(Array)
#17 C:\\Users\\dell\\Documents\\Github\\saudiex\\vendor\\laravel\\framework\\src\\Illuminate\\Foundation\\Console\\Kernel.php(153): Illuminate\\Foundation\\Console\\Kernel->bootstrap()
#18 Command line code(1): Illuminate\\Foundation\\Console\\Kernel->handle(Object(Symfony\\Component\\Console\\Input\\ArgvInput), Object(Symfony\\Component\\Console\\Output\\ConsoleOutput))
#19 {main}
"} 
[2025-10-24 11:43:48] local.ERROR: Please provide a valid cache path. {"exception":"[object] (InvalidArgumentException(code: 0): Please provide a valid cache path. at C:\\Users\\dell\\Documents\\Github\\saudiex\\vendor\\laravel\\framework\\src\\Illuminate\\View\\Compilers\\Compiler.php:66)
[stacktrace]
#0 C:\\Users\\dell\\Documents\\Github\\saudiex\\vendor\\laravel\\framework\\src\\Illuminate\\View\\ViewServiceProvider.php(96): Illuminate\\View\\Compilers\\Compiler->__construct(Object(Illuminate\\Filesystem\\Filesystem), false, '', true, 'php')
#1 C:\\Users\\dell\\Documents\\Github\\saudiex\\vendor\\laravel\\framework\\src\\Illuminate\\Container\\Container.php(885): Illuminate\\View\\ViewServiceProvider->Illuminate\\View\\{closure}(Object(Illuminate\\Foundation\\Application), Array)
#2 C:\\Users\\dell\\Documents\\Github\\saudiex\\vendor\\laravel\\framework\\src\\Illuminate\\Container\\Container.php(770): Illuminate\\Container\\Container->build(Object(Closure))
#3 C:\\Users\\dell\\Documents\\Github\\saudiex\\vendor\\laravel\\framework\\src\\Illuminate\\Foundation\\Application.php(881): Illuminate\\Container\\Container->resolve('blade.compiler', Array, true)
#4 C:\\Users\\dell\\Documents\\Github\\saudiex\\vendor\\laravel\\framework\\src\\Illuminate\\Container\\Container.php(706): Illuminate\\Foundation\\Application->resolve('blade.compiler', Array)
#5 C:\\Users\\dell\\Documents\\Github\\saudiex\\vendor\\laravel\\framework\\src\\Illuminate\\Foundation\\Application.php(866): Illuminate\\Container\\Container->make('blade.compiler', Array)
#6 C:\\Users\\dell\\Documents\\Github\\saudiex\\vendor\\laravel\\framework\\src\\Illuminate\\Container\\Container.php(1431): Illuminate\\Foundation\\Application->make('blade.compiler')
#7 C:\\Users\\dell\\Documents\\Github\\saudiex\\vendor\\laravel\\framework\\src\\Illuminate\\Support\\Facades\\Facade.php(222): Illuminate\\Container\\Container->offsetGet('blade.compiler')
#8 C:\\Users\\dell\\Documents\\Github\\saudiex\\vendor\\laravel\\framework\\src\\Illuminate\\Support\\Facades\\Facade.php(193): Illuminate\\Support\\Facades\\Facade::resolveFacadeInstance('blade.compiler')
#9 C:\\Users\\dell\\Documents\\Github\\saudiex\\vendor\\laravel\\framework\\src\\Illuminate\\Support\\Facades\\Facade.php(332): Illuminate\\Support\\Facades\\Facade::getFacadeRoot()
#10 C:\\Users\\dell\\Documents\\Github\\saudiex\\app\\Providers\\AppServiceProvider.php(62): Illuminate\\Support\\Facades\\Facade::__callStatic('withoutDoubleEn...', Array)
#11 C:\\Users\\dell\\Documents\\Github\\saudiex\\vendor\\laravel\\framework\\src\\Illuminate\\Foundation\\Application.php(712): App\\Providers\\AppServiceProvider->register()
#12 C:\\Users\\dell\\Documents\\Github\\saudiex\\vendor\\laravel\\framework\\src\\Illuminate\\Foundation\\ProviderRepository.php(75): Illuminate\\Foundation\\Application->register(Object(App\\Providers\\AppServiceProvider))
#13 C:\\Users\\dell\\Documents\\Github\\saudiex\\vendor\\laravel\\framework\\src\\Illuminate\\Foundation\\Application.php(689): Illuminate\\Foundation\\ProviderRepository->load(Array)
#14 C:\\Users\\dell\\Documents\\Github\\saudiex\\vendor\\laravel\\framework\\src\\Illuminate\\Foundation\\Bootstrap\\RegisterProviders.php(17): Illuminate\\Foundation\\Application->registerConfiguredProviders()
#15 C:\\Users\\dell\\Documents\\Github\\saudiex\\vendor\\laravel\\framework\\src\\Illuminate\\Foundation\\Application.php(265): Illuminate\\Foundation\\Bootstrap\\RegisterProviders->bootstrap(Object(Illuminate\\Foundation\\Application))
#16 C:\\Users\\dell\\Documents\\Github\\saudiex\\vendor\\laravel\\framework\\src\\Illuminate\\Foundation\\Console\\Kernel.php(383): Illuminate\\Foundation\\Application->bootstrapWith(Array)
#17 C:\\Users\\dell\\Documents\\Github\\saudiex\\vendor\\laravel\\framework\\src\\Illuminate\\Foundation\\Console\\Kernel.php(153): Illuminate\\Foundation\\Console\\Kernel->bootstrap()
#18 Command line code(1): Illuminate\\Foundation\\Console\\Kernel->handle(Object(Symfony\\Component\\Console\\Input\\ArgvInput), Object(Symfony\\Component\\Console\\Output\\ConsoleOutput))
#19 {main}
"} 
[2025-10-24 11:44:48] local.ERROR: Please provide a valid cache path. {"exception":"[object] (InvalidArgumentException(code: 0): Please provide a valid cache path. at C:\\Users\\dell\\Documents\\Github\\saudiex\\vendor\\laravel\\framework\\src\\Illuminate\\View\\Compilers\\Compiler.php:66)
[stacktrace]
#0 C:\\Users\\dell\\Documents\\Github\\saudiex\\vendor\\laravel\\framework\\src\\Illuminate\\View\\ViewServiceProvider.php(96): Illuminate\\View\\Compilers\\Compiler->__construct(Object(Illuminate\\Filesystem\\Filesystem), false, '', true, 'php')
#1 C:\\Users\\dell\\Documents\\Github\\saudiex\\vendor\\laravel\\framework\\src\\Illuminate\\Container\\Container.php(885): Illuminate\\View\\ViewServiceProvider->Illuminate\\View\\{closure}(Object(Illuminate\\Foundation\\Application), Array)
#2 C:\\Users\\dell\\Documents\\Github\\saudiex\\vendor\\laravel\\framework\\src\\Illuminate\\Container\\Container.php(770): Illuminate\\Container\\Container->build(Object(Closure))
#3 C:\\Users\\dell\\Documents\\Github\\saudiex\\vendor\\laravel\\framework\\src\\Illuminate\\Foundation\\Application.php(881): Illuminate\\Container\\Container->resolve('blade.compiler', Array, true)
#4 C:\\Users\\dell\\Documents\\Github\\saudiex\\vendor\\laravel\\framework\\src\\Illuminate\\Container\\Container.php(706): Illuminate\\Foundation\\Application->resolve('blade.compiler', Array)
#5 C:\\Users\\dell\\Documents\\Github\\saudiex\\vendor\\laravel\\framework\\src\\Illuminate\\Foundation\\Application.php(866): Illuminate\\Container\\Container->make('blade.compiler', Array)
#6 C:\\Users\\dell\\Documents\\Github\\saudiex\\vendor\\laravel\\framework\\src\\Illuminate\\Container\\Container.php(1431): Illuminate\\Foundation\\Application->make('blade.compiler')
#7 C:\\Users\\dell\\Documents\\Github\\saudiex\\vendor\\laravel\\framework\\src\\Illuminate\\Support\\Facades\\Facade.php(222): Illuminate\\Container\\Container->offsetGet('blade.compiler')
#8 C:\\Users\\dell\\Documents\\Github\\saudiex\\vendor\\laravel\\framework\\src\\Illuminate\\Support\\Facades\\Facade.php(193): Illuminate\\Support\\Facades\\Facade::resolveFacadeInstance('blade.compiler')
#9 C:\\Users\\dell\\Documents\\Github\\saudiex\\vendor\\laravel\\framework\\src\\Illuminate\\Support\\Facades\\Facade.php(332): Illuminate\\Support\\Facades\\Facade::getFacadeRoot()
#10 C:\\Users\\dell\\Documents\\Github\\saudiex\\app\\Providers\\AppServiceProvider.php(62): Illuminate\\Support\\Facades\\Facade::__callStatic('withoutDoubleEn...', Array)
#11 C:\\Users\\dell\\Documents\\Github\\saudiex\\vendor\\laravel\\framework\\src\\Illuminate\\Foundation\\Application.php(712): App\\Providers\\AppServiceProvider->register()
#12 C:\\Users\\dell\\Documents\\Github\\saudiex\\vendor\\laravel\\framework\\src\\Illuminate\\Foundation\\ProviderRepository.php(75): Illuminate\\Foundation\\Application->register(Object(App\\Providers\\AppServiceProvider))
#13 C:\\Users\\dell\\Documents\\Github\\saudiex\\vendor\\laravel\\framework\\src\\Illuminate\\Foundation\\Application.php(689): Illuminate\\Foundation\\ProviderRepository->load(Array)
#14 C:\\Users\\dell\\Documents\\Github\\saudiex\\vendor\\laravel\\framework\\src\\Illuminate\\Foundation\\Bootstrap\\RegisterProviders.php(17): Illuminate\\Foundation\\Application->registerConfiguredProviders()
#15 C:\\Users\\dell\\Documents\\Github\\saudiex\\vendor\\laravel\\framework\\src\\Illuminate\\Foundation\\Application.php(265): Illuminate\\Foundation\\Bootstrap\\RegisterProviders->bootstrap(Object(Illuminate\\Foundation\\Application))
#16 C:\\Users\\dell\\Documents\\Github\\saudiex\\vendor\\laravel\\framework\\src\\Illuminate\\Foundation\\Console\\Kernel.php(383): Illuminate\\Foundation\\Application->bootstrapWith(Array)
#17 C:\\Users\\dell\\Documents\\Github\\saudiex\\vendor\\laravel\\framework\\src\\Illuminate\\Foundation\\Console\\Kernel.php(153): Illuminate\\Foundation\\Console\\Kernel->bootstrap()
#18 Command line code(1): Illuminate\\Foundation\\Console\\Kernel->handle(Object(Symfony\\Component\\Console\\Input\\ArgvInput), Object(Symfony\\Component\\Console\\Output\\ConsoleOutput))
#19 {main}
"} 
[2025-10-24 11:44:48] local.ERROR: Please provide a valid cache path. {"exception":"[object] (InvalidArgumentException(code: 0): Please provide a valid cache path. at C:\\Users\\dell\\Documents\\Github\\saudiex\\vendor\\laravel\\framework\\src\\Illuminate\\View\\Compilers\\Compiler.php:66)
[stacktrace]
#0 C:\\Users\\dell\\Documents\\Github\\saudiex\\vendor\\laravel\\framework\\src\\Illuminate\\View\\ViewServiceProvider.php(96): Illuminate\\View\\Compilers\\Compiler->__construct(Object(Illuminate\\Filesystem\\Filesystem), false, '', true, 'php')
#1 C:\\Users\\dell\\Documents\\Github\\saudiex\\vendor\\laravel\\framework\\src\\Illuminate\\Container\\Container.php(885): Illuminate\\View\\ViewServiceProvider->Illuminate\\View\\{closure}(Object(Illuminate\\Foundation\\Application), Array)
#2 C:\\Users\\dell\\Documents\\Github\\saudiex\\vendor\\laravel\\framework\\src\\Illuminate\\Container\\Container.php(770): Illuminate\\Container\\Container->build(Object(Closure))
#3 C:\\Users\\dell\\Documents\\Github\\saudiex\\vendor\\laravel\\framework\\src\\Illuminate\\Foundation\\Application.php(881): Illuminate\\Container\\Container->resolve('blade.compiler', Array, true)
#4 C:\\Users\\dell\\Documents\\Github\\saudiex\\vendor\\laravel\\framework\\src\\Illuminate\\Container\\Container.php(706): Illuminate\\Foundation\\Application->resolve('blade.compiler', Array)
#5 C:\\Users\\dell\\Documents\\Github\\saudiex\\vendor\\laravel\\framework\\src\\Illuminate\\Foundation\\Application.php(866): Illuminate\\Container\\Container->make('blade.compiler', Array)
#6 C:\\Users\\dell\\Documents\\Github\\saudiex\\vendor\\laravel\\framework\\src\\Illuminate\\Container\\Container.php(1431): Illuminate\\Foundation\\Application->make('blade.compiler')
#7 C:\\Users\\dell\\Documents\\Github\\saudiex\\vendor\\laravel\\framework\\src\\Illuminate\\Support\\Facades\\Facade.php(222): Illuminate\\Container\\Container->offsetGet('blade.compiler')
#8 C:\\Users\\dell\\Documents\\Github\\saudiex\\vendor\\laravel\\framework\\src\\Illuminate\\Support\\Facades\\Facade.php(193): Illuminate\\Support\\Facades\\Facade::resolveFacadeInstance('blade.compiler')
#9 C:\\Users\\dell\\Documents\\Github\\saudiex\\vendor\\laravel\\framework\\src\\Illuminate\\Support\\Facades\\Facade.php(332): Illuminate\\Support\\Facades\\Facade::getFacadeRoot()
#10 C:\\Users\\dell\\Documents\\Github\\saudiex\\app\\Providers\\AppServiceProvider.php(62): Illuminate\\Support\\Facades\\Facade::__callStatic('withoutDoubleEn...', Array)
#11 C:\\Users\\dell\\Documents\\Github\\saudiex\\vendor\\laravel\\framework\\src\\Illuminate\\Foundation\\Application.php(712): App\\Providers\\AppServiceProvider->register()
#12 C:\\Users\\dell\\Documents\\Github\\saudiex\\vendor\\laravel\\framework\\src\\Illuminate\\Foundation\\ProviderRepository.php(75): Illuminate\\Foundation\\Application->register(Object(App\\Providers\\AppServiceProvider))
#13 C:\\Users\\dell\\Documents\\Github\\saudiex\\vendor\\laravel\\framework\\src\\Illuminate\\Foundation\\Application.php(689): Illuminate\\Foundation\\ProviderRepository->load(Array)
#14 C:\\Users\\dell\\Documents\\Github\\saudiex\\vendor\\laravel\\framework\\src\\Illuminate\\Foundation\\Bootstrap\\RegisterProviders.php(17): Illuminate\\Foundation\\Application->registerConfiguredProviders()
#15 C:\\Users\\dell\\Documents\\Github\\saudiex\\vendor\\laravel\\framework\\src\\Illuminate\\Foundation\\Application.php(265): Illuminate\\Foundation\\Bootstrap\\RegisterProviders->bootstrap(Object(Illuminate\\Foundation\\Application))
#16 C:\\Users\\dell\\Documents\\Github\\saudiex\\vendor\\laravel\\framework\\src\\Illuminate\\Foundation\\Console\\Kernel.php(383): Illuminate\\Foundation\\Application->bootstrapWith(Array)
#17 C:\\Users\\dell\\Documents\\Github\\saudiex\\vendor\\laravel\\framework\\src\\Illuminate\\Foundation\\Console\\Kernel.php(153): Illuminate\\Foundation\\Console\\Kernel->bootstrap()
#18 Command line code(1): Illuminate\\Foundation\\Console\\Kernel->handle(Object(Symfony\\Component\\Console\\Input\\ArgvInput), Object(Symfony\\Component\\Console\\Output\\ConsoleOutput))
#19 {main}
"} 
[2025-10-24 11:45:48] local.ERROR: Please provide a valid cache path. {"exception":"[object] (InvalidArgumentException(code: 0): Please provide a valid cache path. at C:\\Users\\dell\\Documents\\Github\\saudiex\\vendor\\laravel\\framework\\src\\Illuminate\\View\\Compilers\\Compiler.php:66)
[stacktrace]
#0 C:\\Users\\dell\\Documents\\Github\\saudiex\\vendor\\laravel\\framework\\src\\Illuminate\\View\\ViewServiceProvider.php(96): Illuminate\\View\\Compilers\\Compiler->__construct(Object(Illuminate\\Filesystem\\Filesystem), false, '', true, 'php')
#1 C:\\Users\\dell\\Documents\\Github\\saudiex\\vendor\\laravel\\framework\\src\\Illuminate\\Container\\Container.php(885): Illuminate\\View\\ViewServiceProvider->Illuminate\\View\\{closure}(Object(Illuminate\\Foundation\\Application), Array)
#2 C:\\Users\\dell\\Documents\\Github\\saudiex\\vendor\\laravel\\framework\\src\\Illuminate\\Container\\Container.php(770): Illuminate\\Container\\Container->build(Object(Closure))
#3 C:\\Users\\dell\\Documents\\Github\\saudiex\\vendor\\laravel\\framework\\src\\Illuminate\\Foundation\\Application.php(881): Illuminate\\Container\\Container->resolve('blade.compiler', Array, true)
#4 C:\\Users\\dell\\Documents\\Github\\saudiex\\vendor\\laravel\\framework\\src\\Illuminate\\Container\\Container.php(706): Illuminate\\Foundation\\Application->resolve('blade.compiler', Array)
#5 C:\\Users\\dell\\Documents\\Github\\saudiex\\vendor\\laravel\\framework\\src\\Illuminate\\Foundation\\Application.php(866): Illuminate\\Container\\Container->make('blade.compiler', Array)
#6 C:\\Users\\dell\\Documents\\Github\\saudiex\\vendor\\laravel\\framework\\src\\Illuminate\\Container\\Container.php(1431): Illuminate\\Foundation\\Application->make('blade.compiler')
#7 C:\\Users\\dell\\Documents\\Github\\saudiex\\vendor\\laravel\\framework\\src\\Illuminate\\Support\\Facades\\Facade.php(222): Illuminate\\Container\\Container->offsetGet('blade.compiler')
#8 C:\\Users\\dell\\Documents\\Github\\saudiex\\vendor\\laravel\\framework\\src\\Illuminate\\Support\\Facades\\Facade.php(193): Illuminate\\Support\\Facades\\Facade::resolveFacadeInstance('blade.compiler')
#9 C:\\Users\\dell\\Documents\\Github\\saudiex\\vendor\\laravel\\framework\\src\\Illuminate\\Support\\Facades\\Facade.php(332): Illuminate\\Support\\Facades\\Facade::getFacadeRoot()
#10 C:\\Users\\dell\\Documents\\Github\\saudiex\\app\\Providers\\AppServiceProvider.php(62): Illuminate\\Support\\Facades\\Facade::__callStatic('withoutDoubleEn...', Array)
#11 C:\\Users\\dell\\Documents\\Github\\saudiex\\vendor\\laravel\\framework\\src\\Illuminate\\Foundation\\Application.php(712): App\\Providers\\AppServiceProvider->register()
#12 C:\\Users\\dell\\Documents\\Github\\saudiex\\vendor\\laravel\\framework\\src\\Illuminate\\Foundation\\ProviderRepository.php(75): Illuminate\\Foundation\\Application->register(Object(App\\Providers\\AppServiceProvider))
#13 C:\\Users\\dell\\Documents\\Github\\saudiex\\vendor\\laravel\\framework\\src\\Illuminate\\Foundation\\Application.php(689): Illuminate\\Foundation\\ProviderRepository->load(Array)
#14 C:\\Users\\dell\\Documents\\Github\\saudiex\\vendor\\laravel\\framework\\src\\Illuminate\\Foundation\\Bootstrap\\RegisterProviders.php(17): Illuminate\\Foundation\\Application->registerConfiguredProviders()
#15 C:\\Users\\dell\\Documents\\Github\\saudiex\\vendor\\laravel\\framework\\src\\Illuminate\\Foundation\\Application.php(265): Illuminate\\Foundation\\Bootstrap\\RegisterProviders->bootstrap(Object(Illuminate\\Foundation\\Application))
#16 C:\\Users\\dell\\Documents\\Github\\saudiex\\vendor\\laravel\\framework\\src\\Illuminate\\Foundation\\Console\\Kernel.php(383): Illuminate\\Foundation\\Application->bootstrapWith(Array)
#17 C:\\Users\\dell\\Documents\\Github\\saudiex\\vendor\\laravel\\framework\\src\\Illuminate\\Foundation\\Console\\Kernel.php(153): Illuminate\\Foundation\\Console\\Kernel->bootstrap()
#18 Command line code(1): Illuminate\\Foundation\\Console\\Kernel->handle(Object(Symfony\\Component\\Console\\Input\\ArgvInput), Object(Symfony\\Component\\Console\\Output\\ConsoleOutput))
#19 {main}
"} 
[2025-10-24 11:45:48] local.ERROR: Please provide a valid cache path. {"exception":"[object] (InvalidArgumentException(code: 0): Please provide a valid cache path. at C:\\Users\\dell\\Documents\\Github\\saudiex\\vendor\\laravel\\framework\\src\\Illuminate\\View\\Compilers\\Compiler.php:66)
[stacktrace]
#0 C:\\Users\\dell\\Documents\\Github\\saudiex\\vendor\\laravel\\framework\\src\\Illuminate\\View\\ViewServiceProvider.php(96): Illuminate\\View\\Compilers\\Compiler->__construct(Object(Illuminate\\Filesystem\\Filesystem), false, '', true, 'php')
#1 C:\\Users\\dell\\Documents\\Github\\saudiex\\vendor\\laravel\\framework\\src\\Illuminate\\Container\\Container.php(885): Illuminate\\View\\ViewServiceProvider->Illuminate\\View\\{closure}(Object(Illuminate\\Foundation\\Application), Array)
#2 C:\\Users\\dell\\Documents\\Github\\saudiex\\vendor\\laravel\\framework\\src\\Illuminate\\Container\\Container.php(770): Illuminate\\Container\\Container->build(Object(Closure))
#3 C:\\Users\\dell\\Documents\\Github\\saudiex\\vendor\\laravel\\framework\\src\\Illuminate\\Foundation\\Application.php(881): Illuminate\\Container\\Container->resolve('blade.compiler', Array, true)
#4 C:\\Users\\dell\\Documents\\Github\\saudiex\\vendor\\laravel\\framework\\src\\Illuminate\\Container\\Container.php(706): Illuminate\\Foundation\\Application->resolve('blade.compiler', Array)
#5 C:\\Users\\dell\\Documents\\Github\\saudiex\\vendor\\laravel\\framework\\src\\Illuminate\\Foundation\\Application.php(866): Illuminate\\Container\\Container->make('blade.compiler', Array)
#6 C:\\Users\\dell\\Documents\\Github\\saudiex\\vendor\\laravel\\framework\\src\\Illuminate\\Container\\Container.php(1431): Illuminate\\Foundation\\Application->make('blade.compiler')
#7 C:\\Users\\dell\\Documents\\Github\\saudiex\\vendor\\laravel\\framework\\src\\Illuminate\\Support\\Facades\\Facade.php(222): Illuminate\\Container\\Container->offsetGet('blade.compiler')
#8 C:\\Users\\dell\\Documents\\Github\\saudiex\\vendor\\laravel\\framework\\src\\Illuminate\\Support\\Facades\\Facade.php(193): Illuminate\\Support\\Facades\\Facade::resolveFacadeInstance('blade.compiler')
#9 C:\\Users\\dell\\Documents\\Github\\saudiex\\vendor\\laravel\\framework\\src\\Illuminate\\Support\\Facades\\Facade.php(332): Illuminate\\Support\\Facades\\Facade::getFacadeRoot()
#10 C:\\Users\\dell\\Documents\\Github\\saudiex\\app\\Providers\\AppServiceProvider.php(62): Illuminate\\Support\\Facades\\Facade::__callStatic('withoutDoubleEn...', Array)
#11 C:\\Users\\dell\\Documents\\Github\\saudiex\\vendor\\laravel\\framework\\src\\Illuminate\\Foundation\\Application.php(712): App\\Providers\\AppServiceProvider->register()
#12 C:\\Users\\dell\\Documents\\Github\\saudiex\\vendor\\laravel\\framework\\src\\Illuminate\\Foundation\\ProviderRepository.php(75): Illuminate\\Foundation\\Application->register(Object(App\\Providers\\AppServiceProvider))
#13 C:\\Users\\dell\\Documents\\Github\\saudiex\\vendor\\laravel\\framework\\src\\Illuminate\\Foundation\\Application.php(689): Illuminate\\Foundation\\ProviderRepository->load(Array)
#14 C:\\Users\\dell\\Documents\\Github\\saudiex\\vendor\\laravel\\framework\\src\\Illuminate\\Foundation\\Bootstrap\\RegisterProviders.php(17): Illuminate\\Foundation\\Application->registerConfiguredProviders()
#15 C:\\Users\\dell\\Documents\\Github\\saudiex\\vendor\\laravel\\framework\\src\\Illuminate\\Foundation\\Application.php(265): Illuminate\\Foundation\\Bootstrap\\RegisterProviders->bootstrap(Object(Illuminate\\Foundation\\Application))
#16 C:\\Users\\dell\\Documents\\Github\\saudiex\\vendor\\laravel\\framework\\src\\Illuminate\\Foundation\\Console\\Kernel.php(383): Illuminate\\Foundation\\Application->bootstrapWith(Array)
#17 C:\\Users\\dell\\Documents\\Github\\saudiex\\vendor\\laravel\\framework\\src\\Illuminate\\Foundation\\Console\\Kernel.php(153): Illuminate\\Foundation\\Console\\Kernel->bootstrap()
#18 Command line code(1): Illuminate\\Foundation\\Console\\Kernel->handle(Object(Symfony\\Component\\Console\\Input\\ArgvInput), Object(Symfony\\Component\\Console\\Output\\ConsoleOutput))
#19 {main}
"} 
[2025-10-24 11:46:48] local.ERROR: Please provide a valid cache path. {"exception":"[object] (InvalidArgumentException(code: 0): Please provide a valid cache path. at C:\\Users\\dell\\Documents\\Github\\saudiex\\vendor\\laravel\\framework\\src\\Illuminate\\View\\Compilers\\Compiler.php:66)
[stacktrace]
#0 C:\\Users\\dell\\Documents\\Github\\saudiex\\vendor\\laravel\\framework\\src\\Illuminate\\View\\ViewServiceProvider.php(96): Illuminate\\View\\Compilers\\Compiler->__construct(Object(Illuminate\\Filesystem\\Filesystem), false, '', true, 'php')
#1 C:\\Users\\dell\\Documents\\Github\\saudiex\\vendor\\laravel\\framework\\src\\Illuminate\\Container\\Container.php(885): Illuminate\\View\\ViewServiceProvider->Illuminate\\View\\{closure}(Object(Illuminate\\Foundation\\Application), Array)
#2 C:\\Users\\dell\\Documents\\Github\\saudiex\\vendor\\laravel\\framework\\src\\Illuminate\\Container\\Container.php(770): Illuminate\\Container\\Container->build(Object(Closure))
#3 C:\\Users\\dell\\Documents\\Github\\saudiex\\vendor\\laravel\\framework\\src\\Illuminate\\Foundation\\Application.php(881): Illuminate\\Container\\Container->resolve('blade.compiler', Array, true)
#4 C:\\Users\\dell\\Documents\\Github\\saudiex\\vendor\\laravel\\framework\\src\\Illuminate\\Container\\Container.php(706): Illuminate\\Foundation\\Application->resolve('blade.compiler', Array)
#5 C:\\Users\\dell\\Documents\\Github\\saudiex\\vendor\\laravel\\framework\\src\\Illuminate\\Foundation\\Application.php(866): Illuminate\\Container\\Container->make('blade.compiler', Array)
#6 C:\\Users\\dell\\Documents\\Github\\saudiex\\vendor\\laravel\\framework\\src\\Illuminate\\Container\\Container.php(1431): Illuminate\\Foundation\\Application->make('blade.compiler')
#7 C:\\Users\\dell\\Documents\\Github\\saudiex\\vendor\\laravel\\framework\\src\\Illuminate\\Support\\Facades\\Facade.php(222): Illuminate\\Container\\Container->offsetGet('blade.compiler')
#8 C:\\Users\\dell\\Documents\\Github\\saudiex\\vendor\\laravel\\framework\\src\\Illuminate\\Support\\Facades\\Facade.php(193): Illuminate\\Support\\Facades\\Facade::resolveFacadeInstance('blade.compiler')
#9 C:\\Users\\dell\\Documents\\Github\\saudiex\\vendor\\laravel\\framework\\src\\Illuminate\\Support\\Facades\\Facade.php(332): Illuminate\\Support\\Facades\\Facade::getFacadeRoot()
#10 C:\\Users\\dell\\Documents\\Github\\saudiex\\app\\Providers\\AppServiceProvider.php(62): Illuminate\\Support\\Facades\\Facade::__callStatic('withoutDoubleEn...', Array)
#11 C:\\Users\\dell\\Documents\\Github\\saudiex\\vendor\\laravel\\framework\\src\\Illuminate\\Foundation\\Application.php(712): App\\Providers\\AppServiceProvider->register()
#12 C:\\Users\\dell\\Documents\\Github\\saudiex\\vendor\\laravel\\framework\\src\\Illuminate\\Foundation\\ProviderRepository.php(75): Illuminate\\Foundation\\Application->register(Object(App\\Providers\\AppServiceProvider))
#13 C:\\Users\\dell\\Documents\\Github\\saudiex\\vendor\\laravel\\framework\\src\\Illuminate\\Foundation\\Application.php(689): Illuminate\\Foundation\\ProviderRepository->load(Array)
#14 C:\\Users\\dell\\Documents\\Github\\saudiex\\vendor\\laravel\\framework\\src\\Illuminate\\Foundation\\Bootstrap\\RegisterProviders.php(17): Illuminate\\Foundation\\Application->registerConfiguredProviders()
#15 C:\\Users\\dell\\Documents\\Github\\saudiex\\vendor\\laravel\\framework\\src\\Illuminate\\Foundation\\Application.php(265): Illuminate\\Foundation\\Bootstrap\\RegisterProviders->bootstrap(Object(Illuminate\\Foundation\\Application))
#16 C:\\Users\\dell\\Documents\\Github\\saudiex\\vendor\\laravel\\framework\\src\\Illuminate\\Foundation\\Console\\Kernel.php(383): Illuminate\\Foundation\\Application->bootstrapWith(Array)
#17 C:\\Users\\dell\\Documents\\Github\\saudiex\\vendor\\laravel\\framework\\src\\Illuminate\\Foundation\\Console\\Kernel.php(153): Illuminate\\Foundation\\Console\\Kernel->bootstrap()
#18 Command line code(1): Illuminate\\Foundation\\Console\\Kernel->handle(Object(Symfony\\Component\\Console\\Input\\ArgvInput), Object(Symfony\\Component\\Console\\Output\\ConsoleOutput))
#19 {main}
"} 
[2025-10-24 11:46:48] local.ERROR: Please provide a valid cache path. {"exception":"[object] (InvalidArgumentException(code: 0): Please provide a valid cache path. at C:\\Users\\dell\\Documents\\Github\\saudiex\\vendor\\laravel\\framework\\src\\Illuminate\\View\\Compilers\\Compiler.php:66)
[stacktrace]
#0 C:\\Users\\dell\\Documents\\Github\\saudiex\\vendor\\laravel\\framework\\src\\Illuminate\\View\\ViewServiceProvider.php(96): Illuminate\\View\\Compilers\\Compiler->__construct(Object(Illuminate\\Filesystem\\Filesystem), false, '', true, 'php')
#1 C:\\Users\\dell\\Documents\\Github\\saudiex\\vendor\\laravel\\framework\\src\\Illuminate\\Container\\Container.php(885): Illuminate\\View\\ViewServiceProvider->Illuminate\\View\\{closure}(Object(Illuminate\\Foundation\\Application), Array)
#2 C:\\Users\\dell\\Documents\\Github\\saudiex\\vendor\\laravel\\framework\\src\\Illuminate\\Container\\Container.php(770): Illuminate\\Container\\Container->build(Object(Closure))
#3 C:\\Users\\dell\\Documents\\Github\\saudiex\\vendor\\laravel\\framework\\src\\Illuminate\\Foundation\\Application.php(881): Illuminate\\Container\\Container->resolve('blade.compiler', Array, true)
#4 C:\\Users\\dell\\Documents\\Github\\saudiex\\vendor\\laravel\\framework\\src\\Illuminate\\Container\\Container.php(706): Illuminate\\Foundation\\Application->resolve('blade.compiler', Array)
#5 C:\\Users\\dell\\Documents\\Github\\saudiex\\vendor\\laravel\\framework\\src\\Illuminate\\Foundation\\Application.php(866): Illuminate\\Container\\Container->make('blade.compiler', Array)
#6 C:\\Users\\dell\\Documents\\Github\\saudiex\\vendor\\laravel\\framework\\src\\Illuminate\\Container\\Container.php(1431): Illuminate\\Foundation\\Application->make('blade.compiler')
#7 C:\\Users\\dell\\Documents\\Github\\saudiex\\vendor\\laravel\\framework\\src\\Illuminate\\Support\\Facades\\Facade.php(222): Illuminate\\Container\\Container->offsetGet('blade.compiler')
#8 C:\\Users\\dell\\Documents\\Github\\saudiex\\vendor\\laravel\\framework\\src\\Illuminate\\Support\\Facades\\Facade.php(193): Illuminate\\Support\\Facades\\Facade::resolveFacadeInstance('blade.compiler')
#9 C:\\Users\\dell\\Documents\\Github\\saudiex\\vendor\\laravel\\framework\\src\\Illuminate\\Support\\Facades\\Facade.php(332): Illuminate\\Support\\Facades\\Facade::getFacadeRoot()
#10 C:\\Users\\dell\\Documents\\Github\\saudiex\\app\\Providers\\AppServiceProvider.php(62): Illuminate\\Support\\Facades\\Facade::__callStatic('withoutDoubleEn...', Array)
#11 C:\\Users\\dell\\Documents\\Github\\saudiex\\vendor\\laravel\\framework\\src\\Illuminate\\Foundation\\Application.php(712): App\\Providers\\AppServiceProvider->register()
#12 C:\\Users\\dell\\Documents\\Github\\saudiex\\vendor\\laravel\\framework\\src\\Illuminate\\Foundation\\ProviderRepository.php(75): Illuminate\\Foundation\\Application->register(Object(App\\Providers\\AppServiceProvider))
#13 C:\\Users\\dell\\Documents\\Github\\saudiex\\vendor\\laravel\\framework\\src\\Illuminate\\Foundation\\Application.php(689): Illuminate\\Foundation\\ProviderRepository->load(Array)
#14 C:\\Users\\dell\\Documents\\Github\\saudiex\\vendor\\laravel\\framework\\src\\Illuminate\\Foundation\\Bootstrap\\RegisterProviders.php(17): Illuminate\\Foundation\\Application->registerConfiguredProviders()
#15 C:\\Users\\dell\\Documents\\Github\\saudiex\\vendor\\laravel\\framework\\src\\Illuminate\\Foundation\\Application.php(265): Illuminate\\Foundation\\Bootstrap\\RegisterProviders->bootstrap(Object(Illuminate\\Foundation\\Application))
#16 C:\\Users\\dell\\Documents\\Github\\saudiex\\vendor\\laravel\\framework\\src\\Illuminate\\Foundation\\Console\\Kernel.php(383): Illuminate\\Foundation\\Application->bootstrapWith(Array)
#17 C:\\Users\\dell\\Documents\\Github\\saudiex\\vendor\\laravel\\framework\\src\\Illuminate\\Foundation\\Console\\Kernel.php(153): Illuminate\\Foundation\\Console\\Kernel->bootstrap()
#18 Command line code(1): Illuminate\\Foundation\\Console\\Kernel->handle(Object(Symfony\\Component\\Console\\Input\\ArgvInput), Object(Symfony\\Component\\Console\\Output\\ConsoleOutput))
#19 {main}
"} 
[2025-10-24 11:47:48] local.ERROR: Please provide a valid cache path. {"exception":"[object] (InvalidArgumentException(code: 0): Please provide a valid cache path. at C:\\Users\\dell\\Documents\\Github\\saudiex\\vendor\\laravel\\framework\\src\\Illuminate\\View\\Compilers\\Compiler.php:66)
[stacktrace]
#0 C:\\Users\\dell\\Documents\\Github\\saudiex\\vendor\\laravel\\framework\\src\\Illuminate\\View\\ViewServiceProvider.php(96): Illuminate\\View\\Compilers\\Compiler->__construct(Object(Illuminate\\Filesystem\\Filesystem), false, '', true, 'php')
#1 C:\\Users\\dell\\Documents\\Github\\saudiex\\vendor\\laravel\\framework\\src\\Illuminate\\Container\\Container.php(885): Illuminate\\View\\ViewServiceProvider->Illuminate\\View\\{closure}(Object(Illuminate\\Foundation\\Application), Array)
#2 C:\\Users\\dell\\Documents\\Github\\saudiex\\vendor\\laravel\\framework\\src\\Illuminate\\Container\\Container.php(770): Illuminate\\Container\\Container->build(Object(Closure))
#3 C:\\Users\\dell\\Documents\\Github\\saudiex\\vendor\\laravel\\framework\\src\\Illuminate\\Foundation\\Application.php(881): Illuminate\\Container\\Container->resolve('blade.compiler', Array, true)
#4 C:\\Users\\dell\\Documents\\Github\\saudiex\\vendor\\laravel\\framework\\src\\Illuminate\\Container\\Container.php(706): Illuminate\\Foundation\\Application->resolve('blade.compiler', Array)
#5 C:\\Users\\dell\\Documents\\Github\\saudiex\\vendor\\laravel\\framework\\src\\Illuminate\\Foundation\\Application.php(866): Illuminate\\Container\\Container->make('blade.compiler', Array)
#6 C:\\Users\\dell\\Documents\\Github\\saudiex\\vendor\\laravel\\framework\\src\\Illuminate\\Container\\Container.php(1431): Illuminate\\Foundation\\Application->make('blade.compiler')
#7 C:\\Users\\dell\\Documents\\Github\\saudiex\\vendor\\laravel\\framework\\src\\Illuminate\\Support\\Facades\\Facade.php(222): Illuminate\\Container\\Container->offsetGet('blade.compiler')
#8 C:\\Users\\dell\\Documents\\Github\\saudiex\\vendor\\laravel\\framework\\src\\Illuminate\\Support\\Facades\\Facade.php(193): Illuminate\\Support\\Facades\\Facade::resolveFacadeInstance('blade.compiler')
#9 C:\\Users\\dell\\Documents\\Github\\saudiex\\vendor\\laravel\\framework\\src\\Illuminate\\Support\\Facades\\Facade.php(332): Illuminate\\Support\\Facades\\Facade::getFacadeRoot()
#10 C:\\Users\\dell\\Documents\\Github\\saudiex\\app\\Providers\\AppServiceProvider.php(62): Illuminate\\Support\\Facades\\Facade::__callStatic('withoutDoubleEn...', Array)
#11 C:\\Users\\dell\\Documents\\Github\\saudiex\\vendor\\laravel\\framework\\src\\Illuminate\\Foundation\\Application.php(712): App\\Providers\\AppServiceProvider->register()
#12 C:\\Users\\dell\\Documents\\Github\\saudiex\\vendor\\laravel\\framework\\src\\Illuminate\\Foundation\\ProviderRepository.php(75): Illuminate\\Foundation\\Application->register(Object(App\\Providers\\AppServiceProvider))
#13 C:\\Users\\dell\\Documents\\Github\\saudiex\\vendor\\laravel\\framework\\src\\Illuminate\\Foundation\\Application.php(689): Illuminate\\Foundation\\ProviderRepository->load(Array)
#14 C:\\Users\\dell\\Documents\\Github\\saudiex\\vendor\\laravel\\framework\\src\\Illuminate\\Foundation\\Bootstrap\\RegisterProviders.php(17): Illuminate\\Foundation\\Application->registerConfiguredProviders()
#15 C:\\Users\\dell\\Documents\\Github\\saudiex\\vendor\\laravel\\framework\\src\\Illuminate\\Foundation\\Application.php(265): Illuminate\\Foundation\\Bootstrap\\RegisterProviders->bootstrap(Object(Illuminate\\Foundation\\Application))
#16 C:\\Users\\dell\\Documents\\Github\\saudiex\\vendor\\laravel\\framework\\src\\Illuminate\\Foundation\\Console\\Kernel.php(383): Illuminate\\Foundation\\Application->bootstrapWith(Array)
#17 C:\\Users\\dell\\Documents\\Github\\saudiex\\vendor\\laravel\\framework\\src\\Illuminate\\Foundation\\Console\\Kernel.php(153): Illuminate\\Foundation\\Console\\Kernel->bootstrap()
#18 Command line code(1): Illuminate\\Foundation\\Console\\Kernel->handle(Object(Symfony\\Component\\Console\\Input\\ArgvInput), Object(Symfony\\Component\\Console\\Output\\ConsoleOutput))
#19 {main}
"} 
[2025-10-24 11:47:48] local.ERROR: Please provide a valid cache path. {"exception":"[object] (InvalidArgumentException(code: 0): Please provide a valid cache path. at C:\\Users\\dell\\Documents\\Github\\saudiex\\vendor\\laravel\\framework\\src\\Illuminate\\View\\Compilers\\Compiler.php:66)
[stacktrace]
#0 C:\\Users\\dell\\Documents\\Github\\saudiex\\vendor\\laravel\\framework\\src\\Illuminate\\View\\ViewServiceProvider.php(96): Illuminate\\View\\Compilers\\Compiler->__construct(Object(Illuminate\\Filesystem\\Filesystem), false, '', true, 'php')
#1 C:\\Users\\dell\\Documents\\Github\\saudiex\\vendor\\laravel\\framework\\src\\Illuminate\\Container\\Container.php(885): Illuminate\\View\\ViewServiceProvider->Illuminate\\View\\{closure}(Object(Illuminate\\Foundation\\Application), Array)
#2 C:\\Users\\dell\\Documents\\Github\\saudiex\\vendor\\laravel\\framework\\src\\Illuminate\\Container\\Container.php(770): Illuminate\\Container\\Container->build(Object(Closure))
#3 C:\\Users\\dell\\Documents\\Github\\saudiex\\vendor\\laravel\\framework\\src\\Illuminate\\Foundation\\Application.php(881): Illuminate\\Container\\Container->resolve('blade.compiler', Array, true)
#4 C:\\Users\\dell\\Documents\\Github\\saudiex\\vendor\\laravel\\framework\\src\\Illuminate\\Container\\Container.php(706): Illuminate\\Foundation\\Application->resolve('blade.compiler', Array)
#5 C:\\Users\\dell\\Documents\\Github\\saudiex\\vendor\\laravel\\framework\\src\\Illuminate\\Foundation\\Application.php(866): Illuminate\\Container\\Container->make('blade.compiler', Array)
#6 C:\\Users\\dell\\Documents\\Github\\saudiex\\vendor\\laravel\\framework\\src\\Illuminate\\Container\\Container.php(1431): Illuminate\\Foundation\\Application->make('blade.compiler')
#7 C:\\Users\\dell\\Documents\\Github\\saudiex\\vendor\\laravel\\framework\\src\\Illuminate\\Support\\Facades\\Facade.php(222): Illuminate\\Container\\Container->offsetGet('blade.compiler')
#8 C:\\Users\\dell\\Documents\\Github\\saudiex\\vendor\\laravel\\framework\\src\\Illuminate\\Support\\Facades\\Facade.php(193): Illuminate\\Support\\Facades\\Facade::resolveFacadeInstance('blade.compiler')
#9 C:\\Users\\dell\\Documents\\Github\\saudiex\\vendor\\laravel\\framework\\src\\Illuminate\\Support\\Facades\\Facade.php(332): Illuminate\\Support\\Facades\\Facade::getFacadeRoot()
#10 C:\\Users\\dell\\Documents\\Github\\saudiex\\app\\Providers\\AppServiceProvider.php(62): Illuminate\\Support\\Facades\\Facade::__callStatic('withoutDoubleEn...', Array)
#11 C:\\Users\\dell\\Documents\\Github\\saudiex\\vendor\\laravel\\framework\\src\\Illuminate\\Foundation\\Application.php(712): App\\Providers\\AppServiceProvider->register()
#12 C:\\Users\\dell\\Documents\\Github\\saudiex\\vendor\\laravel\\framework\\src\\Illuminate\\Foundation\\ProviderRepository.php(75): Illuminate\\Foundation\\Application->register(Object(App\\Providers\\AppServiceProvider))
#13 C:\\Users\\dell\\Documents\\Github\\saudiex\\vendor\\laravel\\framework\\src\\Illuminate\\Foundation\\Application.php(689): Illuminate\\Foundation\\ProviderRepository->load(Array)
#14 C:\\Users\\dell\\Documents\\Github\\saudiex\\vendor\\laravel\\framework\\src\\Illuminate\\Foundation\\Bootstrap\\RegisterProviders.php(17): Illuminate\\Foundation\\Application->registerConfiguredProviders()
#15 C:\\Users\\dell\\Documents\\Github\\saudiex\\vendor\\laravel\\framework\\src\\Illuminate\\Foundation\\Application.php(265): Illuminate\\Foundation\\Bootstrap\\RegisterProviders->bootstrap(Object(Illuminate\\Foundation\\Application))
#16 C:\\Users\\dell\\Documents\\Github\\saudiex\\vendor\\laravel\\framework\\src\\Illuminate\\Foundation\\Console\\Kernel.php(383): Illuminate\\Foundation\\Application->bootstrapWith(Array)
#17 C:\\Users\\dell\\Documents\\Github\\saudiex\\vendor\\laravel\\framework\\src\\Illuminate\\Foundation\\Console\\Kernel.php(153): Illuminate\\Foundation\\Console\\Kernel->bootstrap()
#18 Command line code(1): Illuminate\\Foundation\\Console\\Kernel->handle(Object(Symfony\\Component\\Console\\Input\\ArgvInput), Object(Symfony\\Component\\Console\\Output\\ConsoleOutput))
#19 {main}
"} 
[2025-10-24 11:48:19] local.ERROR: Please provide a valid cache path. {"exception":"[object] (InvalidArgumentException(code: 0): Please provide a valid cache path. at C:\\Users\\dell\\Documents\\Github\\saudiex\\vendor\\laravel\\framework\\src\\Illuminate\\View\\Compilers\\Compiler.php:66)
[stacktrace]
#0 C:\\Users\\dell\\Documents\\Github\\saudiex\\vendor\\laravel\\framework\\src\\Illuminate\\View\\ViewServiceProvider.php(96): Illuminate\\View\\Compilers\\Compiler->__construct(Object(Illuminate\\Filesystem\\Filesystem), false, '', true, 'php')
#1 C:\\Users\\dell\\Documents\\Github\\saudiex\\vendor\\laravel\\framework\\src\\Illuminate\\Container\\Container.php(885): Illuminate\\View\\ViewServiceProvider->Illuminate\\View\\{closure}(Object(Illuminate\\Foundation\\Application), Array)
#2 C:\\Users\\dell\\Documents\\Github\\saudiex\\vendor\\laravel\\framework\\src\\Illuminate\\Container\\Container.php(770): Illuminate\\Container\\Container->build(Object(Closure))
#3 C:\\Users\\dell\\Documents\\Github\\saudiex\\vendor\\laravel\\framework\\src\\Illuminate\\Foundation\\Application.php(881): Illuminate\\Container\\Container->resolve('blade.compiler', Array, true)
#4 C:\\Users\\dell\\Documents\\Github\\saudiex\\vendor\\laravel\\framework\\src\\Illuminate\\Container\\Container.php(706): Illuminate\\Foundation\\Application->resolve('blade.compiler', Array)
#5 C:\\Users\\dell\\Documents\\Github\\saudiex\\vendor\\laravel\\framework\\src\\Illuminate\\Foundation\\Application.php(866): Illuminate\\Container\\Container->make('blade.compiler', Array)
#6 C:\\Users\\dell\\Documents\\Github\\saudiex\\vendor\\laravel\\framework\\src\\Illuminate\\Container\\Container.php(1431): Illuminate\\Foundation\\Application->make('blade.compiler')
#7 C:\\Users\\dell\\Documents\\Github\\saudiex\\vendor\\laravel\\framework\\src\\Illuminate\\Support\\Facades\\Facade.php(222): Illuminate\\Container\\Container->offsetGet('blade.compiler')
#8 C:\\Users\\dell\\Documents\\Github\\saudiex\\vendor\\laravel\\framework\\src\\Illuminate\\Support\\Facades\\Facade.php(193): Illuminate\\Support\\Facades\\Facade::resolveFacadeInstance('blade.compiler')
#9 C:\\Users\\dell\\Documents\\Github\\saudiex\\vendor\\laravel\\framework\\src\\Illuminate\\Support\\Facades\\Facade.php(332): Illuminate\\Support\\Facades\\Facade::getFacadeRoot()
#10 C:\\Users\\dell\\Documents\\Github\\saudiex\\app\\Providers\\AppServiceProvider.php(62): Illuminate\\Support\\Facades\\Facade::__callStatic('withoutDoubleEn...', Array)
#11 C:\\Users\\dell\\Documents\\Github\\saudiex\\vendor\\laravel\\framework\\src\\Illuminate\\Foundation\\Application.php(712): App\\Providers\\AppServiceProvider->register()
#12 C:\\Users\\dell\\Documents\\Github\\saudiex\\vendor\\laravel\\framework\\src\\Illuminate\\Foundation\\ProviderRepository.php(75): Illuminate\\Foundation\\Application->register(Object(App\\Providers\\AppServiceProvider))
#13 C:\\Users\\dell\\Documents\\Github\\saudiex\\vendor\\laravel\\framework\\src\\Illuminate\\Foundation\\Application.php(689): Illuminate\\Foundation\\ProviderRepository->load(Array)
#14 C:\\Users\\dell\\Documents\\Github\\saudiex\\vendor\\laravel\\framework\\src\\Illuminate\\Foundation\\Bootstrap\\RegisterProviders.php(17): Illuminate\\Foundation\\Application->registerConfiguredProviders()
#15 C:\\Users\\dell\\Documents\\Github\\saudiex\\vendor\\laravel\\framework\\src\\Illuminate\\Foundation\\Application.php(265): Illuminate\\Foundation\\Bootstrap\\RegisterProviders->bootstrap(Object(Illuminate\\Foundation\\Application))
#16 C:\\Users\\dell\\Documents\\Github\\saudiex\\vendor\\laravel\\framework\\src\\Illuminate\\Foundation\\Console\\Kernel.php(383): Illuminate\\Foundation\\Application->bootstrapWith(Array)
#17 C:\\Users\\dell\\Documents\\Github\\saudiex\\vendor\\laravel\\framework\\src\\Illuminate\\Foundation\\Console\\Kernel.php(153): Illuminate\\Foundation\\Console\\Kernel->bootstrap()
#18 Command line code(1): Illuminate\\Foundation\\Console\\Kernel->handle(Object(Symfony\\Component\\Console\\Input\\ArgvInput), Object(Symfony\\Component\\Console\\Output\\ConsoleOutput))
#19 {main}
"} 
[2025-10-24 11:48:48] local.ERROR: Please provide a valid cache path. {"exception":"[object] (InvalidArgumentException(code: 0): Please provide a valid cache path. at C:\\Users\\dell\\Documents\\Github\\saudiex\\vendor\\laravel\\framework\\src\\Illuminate\\View\\Compilers\\Compiler.php:66)
[stacktrace]
#0 C:\\Users\\dell\\Documents\\Github\\saudiex\\vendor\\laravel\\framework\\src\\Illuminate\\View\\ViewServiceProvider.php(96): Illuminate\\View\\Compilers\\Compiler->__construct(Object(Illuminate\\Filesystem\\Filesystem), false, '', true, 'php')
#1 C:\\Users\\dell\\Documents\\Github\\saudiex\\vendor\\laravel\\framework\\src\\Illuminate\\Container\\Container.php(885): Illuminate\\View\\ViewServiceProvider->Illuminate\\View\\{closure}(Object(Illuminate\\Foundation\\Application), Array)
#2 C:\\Users\\dell\\Documents\\Github\\saudiex\\vendor\\laravel\\framework\\src\\Illuminate\\Container\\Container.php(770): Illuminate\\Container\\Container->build(Object(Closure))
#3 C:\\Users\\dell\\Documents\\Github\\saudiex\\vendor\\laravel\\framework\\src\\Illuminate\\Foundation\\Application.php(881): Illuminate\\Container\\Container->resolve('blade.compiler', Array, true)
#4 C:\\Users\\dell\\Documents\\Github\\saudiex\\vendor\\laravel\\framework\\src\\Illuminate\\Container\\Container.php(706): Illuminate\\Foundation\\Application->resolve('blade.compiler', Array)
#5 C:\\Users\\dell\\Documents\\Github\\saudiex\\vendor\\laravel\\framework\\src\\Illuminate\\Foundation\\Application.php(866): Illuminate\\Container\\Container->make('blade.compiler', Array)
#6 C:\\Users\\dell\\Documents\\Github\\saudiex\\vendor\\laravel\\framework\\src\\Illuminate\\Container\\Container.php(1431): Illuminate\\Foundation\\Application->make('blade.compiler')
#7 C:\\Users\\dell\\Documents\\Github\\saudiex\\vendor\\laravel\\framework\\src\\Illuminate\\Support\\Facades\\Facade.php(222): Illuminate\\Container\\Container->offsetGet('blade.compiler')
#8 C:\\Users\\dell\\Documents\\Github\\saudiex\\vendor\\laravel\\framework\\src\\Illuminate\\Support\\Facades\\Facade.php(193): Illuminate\\Support\\Facades\\Facade::resolveFacadeInstance('blade.compiler')
#9 C:\\Users\\dell\\Documents\\Github\\saudiex\\vendor\\laravel\\framework\\src\\Illuminate\\Support\\Facades\\Facade.php(332): Illuminate\\Support\\Facades\\Facade::getFacadeRoot()
#10 C:\\Users\\dell\\Documents\\Github\\saudiex\\app\\Providers\\AppServiceProvider.php(62): Illuminate\\Support\\Facades\\Facade::__callStatic('withoutDoubleEn...', Array)
#11 C:\\Users\\dell\\Documents\\Github\\saudiex\\vendor\\laravel\\framework\\src\\Illuminate\\Foundation\\Application.php(712): App\\Providers\\AppServiceProvider->register()
#12 C:\\Users\\dell\\Documents\\Github\\saudiex\\vendor\\laravel\\framework\\src\\Illuminate\\Foundation\\ProviderRepository.php(75): Illuminate\\Foundation\\Application->register(Object(App\\Providers\\AppServiceProvider))
#13 C:\\Users\\dell\\Documents\\Github\\saudiex\\vendor\\laravel\\framework\\src\\Illuminate\\Foundation\\Application.php(689): Illuminate\\Foundation\\ProviderRepository->load(Array)
#14 C:\\Users\\dell\\Documents\\Github\\saudiex\\vendor\\laravel\\framework\\src\\Illuminate\\Foundation\\Bootstrap\\RegisterProviders.php(17): Illuminate\\Foundation\\Application->registerConfiguredProviders()
#15 C:\\Users\\dell\\Documents\\Github\\saudiex\\vendor\\laravel\\framework\\src\\Illuminate\\Foundation\\Application.php(265): Illuminate\\Foundation\\Bootstrap\\RegisterProviders->bootstrap(Object(Illuminate\\Foundation\\Application))
#16 C:\\Users\\dell\\Documents\\Github\\saudiex\\vendor\\laravel\\framework\\src\\Illuminate\\Foundation\\Console\\Kernel.php(383): Illuminate\\Foundation\\Application->bootstrapWith(Array)
#17 C:\\Users\\dell\\Documents\\Github\\saudiex\\vendor\\laravel\\framework\\src\\Illuminate\\Foundation\\Console\\Kernel.php(153): Illuminate\\Foundation\\Console\\Kernel->bootstrap()
#18 Command line code(1): Illuminate\\Foundation\\Console\\Kernel->handle(Object(Symfony\\Component\\Console\\Input\\ArgvInput), Object(Symfony\\Component\\Console\\Output\\ConsoleOutput))
#19 {main}
"} 
[2025-10-24 11:48:48] local.ERROR: Please provide a valid cache path. {"exception":"[object] (InvalidArgumentException(code: 0): Please provide a valid cache path. at C:\\Users\\dell\\Documents\\Github\\saudiex\\vendor\\laravel\\framework\\src\\Illuminate\\View\\Compilers\\Compiler.php:66)
[stacktrace]
#0 C:\\Users\\dell\\Documents\\Github\\saudiex\\vendor\\laravel\\framework\\src\\Illuminate\\View\\ViewServiceProvider.php(96): Illuminate\\View\\Compilers\\Compiler->__construct(Object(Illuminate\\Filesystem\\Filesystem), false, '', true, 'php')
#1 C:\\Users\\dell\\Documents\\Github\\saudiex\\vendor\\laravel\\framework\\src\\Illuminate\\Container\\Container.php(885): Illuminate\\View\\ViewServiceProvider->Illuminate\\View\\{closure}(Object(Illuminate\\Foundation\\Application), Array)
#2 C:\\Users\\dell\\Documents\\Github\\saudiex\\vendor\\laravel\\framework\\src\\Illuminate\\Container\\Container.php(770): Illuminate\\Container\\Container->build(Object(Closure))
#3 C:\\Users\\dell\\Documents\\Github\\saudiex\\vendor\\laravel\\framework\\src\\Illuminate\\Foundation\\Application.php(881): Illuminate\\Container\\Container->resolve('blade.compiler', Array, true)
#4 C:\\Users\\dell\\Documents\\Github\\saudiex\\vendor\\laravel\\framework\\src\\Illuminate\\Container\\Container.php(706): Illuminate\\Foundation\\Application->resolve('blade.compiler', Array)
#5 C:\\Users\\dell\\Documents\\Github\\saudiex\\vendor\\laravel\\framework\\src\\Illuminate\\Foundation\\Application.php(866): Illuminate\\Container\\Container->make('blade.compiler', Array)
#6 C:\\Users\\dell\\Documents\\Github\\saudiex\\vendor\\laravel\\framework\\src\\Illuminate\\Container\\Container.php(1431): Illuminate\\Foundation\\Application->make('blade.compiler')
#7 C:\\Users\\dell\\Documents\\Github\\saudiex\\vendor\\laravel\\framework\\src\\Illuminate\\Support\\Facades\\Facade.php(222): Illuminate\\Container\\Container->offsetGet('blade.compiler')
#8 C:\\Users\\dell\\Documents\\Github\\saudiex\\vendor\\laravel\\framework\\src\\Illuminate\\Support\\Facades\\Facade.php(193): Illuminate\\Support\\Facades\\Facade::resolveFacadeInstance('blade.compiler')
#9 C:\\Users\\dell\\Documents\\Github\\saudiex\\vendor\\laravel\\framework\\src\\Illuminate\\Support\\Facades\\Facade.php(332): Illuminate\\Support\\Facades\\Facade::getFacadeRoot()
#10 C:\\Users\\dell\\Documents\\Github\\saudiex\\app\\Providers\\AppServiceProvider.php(62): Illuminate\\Support\\Facades\\Facade::__callStatic('withoutDoubleEn...', Array)
#11 C:\\Users\\dell\\Documents\\Github\\saudiex\\vendor\\laravel\\framework\\src\\Illuminate\\Foundation\\Application.php(712): App\\Providers\\AppServiceProvider->register()
#12 C:\\Users\\dell\\Documents\\Github\\saudiex\\vendor\\laravel\\framework\\src\\Illuminate\\Foundation\\ProviderRepository.php(75): Illuminate\\Foundation\\Application->register(Object(App\\Providers\\AppServiceProvider))
#13 C:\\Users\\dell\\Documents\\Github\\saudiex\\vendor\\laravel\\framework\\src\\Illuminate\\Foundation\\Application.php(689): Illuminate\\Foundation\\ProviderRepository->load(Array)
#14 C:\\Users\\dell\\Documents\\Github\\saudiex\\vendor\\laravel\\framework\\src\\Illuminate\\Foundation\\Bootstrap\\RegisterProviders.php(17): Illuminate\\Foundation\\Application->registerConfiguredProviders()
#15 C:\\Users\\dell\\Documents\\Github\\saudiex\\vendor\\laravel\\framework\\src\\Illuminate\\Foundation\\Application.php(265): Illuminate\\Foundation\\Bootstrap\\RegisterProviders->bootstrap(Object(Illuminate\\Foundation\\Application))
#16 C:\\Users\\dell\\Documents\\Github\\saudiex\\vendor\\laravel\\framework\\src\\Illuminate\\Foundation\\Console\\Kernel.php(383): Illuminate\\Foundation\\Application->bootstrapWith(Array)
#17 C:\\Users\\dell\\Documents\\Github\\saudiex\\vendor\\laravel\\framework\\src\\Illuminate\\Foundation\\Console\\Kernel.php(153): Illuminate\\Foundation\\Console\\Kernel->bootstrap()
#18 Command line code(1): Illuminate\\Foundation\\Console\\Kernel->handle(Object(Symfony\\Component\\Console\\Input\\ArgvInput), Object(Symfony\\Component\\Console\\Output\\ConsoleOutput))
#19 {main}
"} 
[2025-10-24 11:49:48] local.ERROR: Please provide a valid cache path. {"exception":"[object] (InvalidArgumentException(code: 0): Please provide a valid cache path. at C:\\Users\\dell\\Documents\\Github\\saudiex\\vendor\\laravel\\framework\\src\\Illuminate\\View\\Compilers\\Compiler.php:66)
[stacktrace]
#0 C:\\Users\\dell\\Documents\\Github\\saudiex\\vendor\\laravel\\framework\\src\\Illuminate\\View\\ViewServiceProvider.php(96): Illuminate\\View\\Compilers\\Compiler->__construct(Object(Illuminate\\Filesystem\\Filesystem), false, '', true, 'php')
#1 C:\\Users\\dell\\Documents\\Github\\saudiex\\vendor\\laravel\\framework\\src\\Illuminate\\Container\\Container.php(885): Illuminate\\View\\ViewServiceProvider->Illuminate\\View\\{closure}(Object(Illuminate\\Foundation\\Application), Array)
#2 C:\\Users\\dell\\Documents\\Github\\saudiex\\vendor\\laravel\\framework\\src\\Illuminate\\Container\\Container.php(770): Illuminate\\Container\\Container->build(Object(Closure))
#3 C:\\Users\\dell\\Documents\\Github\\saudiex\\vendor\\laravel\\framework\\src\\Illuminate\\Foundation\\Application.php(881): Illuminate\\Container\\Container->resolve('blade.compiler', Array, true)
#4 C:\\Users\\dell\\Documents\\Github\\saudiex\\vendor\\laravel\\framework\\src\\Illuminate\\Container\\Container.php(706): Illuminate\\Foundation\\Application->resolve('blade.compiler', Array)
#5 C:\\Users\\dell\\Documents\\Github\\saudiex\\vendor\\laravel\\framework\\src\\Illuminate\\Foundation\\Application.php(866): Illuminate\\Container\\Container->make('blade.compiler', Array)
#6 C:\\Users\\dell\\Documents\\Github\\saudiex\\vendor\\laravel\\framework\\src\\Illuminate\\Container\\Container.php(1431): Illuminate\\Foundation\\Application->make('blade.compiler')
#7 C:\\Users\\dell\\Documents\\Github\\saudiex\\vendor\\laravel\\framework\\src\\Illuminate\\Support\\Facades\\Facade.php(222): Illuminate\\Container\\Container->offsetGet('blade.compiler')
#8 C:\\Users\\dell\\Documents\\Github\\saudiex\\vendor\\laravel\\framework\\src\\Illuminate\\Support\\Facades\\Facade.php(193): Illuminate\\Support\\Facades\\Facade::resolveFacadeInstance('blade.compiler')
#9 C:\\Users\\dell\\Documents\\Github\\saudiex\\vendor\\laravel\\framework\\src\\Illuminate\\Support\\Facades\\Facade.php(332): Illuminate\\Support\\Facades\\Facade::getFacadeRoot()
#10 C:\\Users\\dell\\Documents\\Github\\saudiex\\app\\Providers\\AppServiceProvider.php(62): Illuminate\\Support\\Facades\\Facade::__callStatic('withoutDoubleEn...', Array)
#11 C:\\Users\\dell\\Documents\\Github\\saudiex\\vendor\\laravel\\framework\\src\\Illuminate\\Foundation\\Application.php(712): App\\Providers\\AppServiceProvider->register()
#12 C:\\Users\\dell\\Documents\\Github\\saudiex\\vendor\\laravel\\framework\\src\\Illuminate\\Foundation\\ProviderRepository.php(75): Illuminate\\Foundation\\Application->register(Object(App\\Providers\\AppServiceProvider))
#13 C:\\Users\\dell\\Documents\\Github\\saudiex\\vendor\\laravel\\framework\\src\\Illuminate\\Foundation\\Application.php(689): Illuminate\\Foundation\\ProviderRepository->load(Array)
#14 C:\\Users\\dell\\Documents\\Github\\saudiex\\vendor\\laravel\\framework\\src\\Illuminate\\Foundation\\Bootstrap\\RegisterProviders.php(17): Illuminate\\Foundation\\Application->registerConfiguredProviders()
#15 C:\\Users\\dell\\Documents\\Github\\saudiex\\vendor\\laravel\\framework\\src\\Illuminate\\Foundation\\Application.php(265): Illuminate\\Foundation\\Bootstrap\\RegisterProviders->bootstrap(Object(Illuminate\\Foundation\\Application))
#16 C:\\Users\\dell\\Documents\\Github\\saudiex\\vendor\\laravel\\framework\\src\\Illuminate\\Foundation\\Console\\Kernel.php(383): Illuminate\\Foundation\\Application->bootstrapWith(Array)
#17 C:\\Users\\dell\\Documents\\Github\\saudiex\\vendor\\laravel\\framework\\src\\Illuminate\\Foundation\\Console\\Kernel.php(153): Illuminate\\Foundation\\Console\\Kernel->bootstrap()
#18 Command line code(1): Illuminate\\Foundation\\Console\\Kernel->handle(Object(Symfony\\Component\\Console\\Input\\ArgvInput), Object(Symfony\\Component\\Console\\Output\\ConsoleOutput))
#19 {main}
"} 
[2025-10-24 11:49:48] local.ERROR: Please provide a valid cache path. {"exception":"[object] (InvalidArgumentException(code: 0): Please provide a valid cache path. at C:\\Users\\dell\\Documents\\Github\\saudiex\\vendor\\laravel\\framework\\src\\Illuminate\\View\\Compilers\\Compiler.php:66)
[stacktrace]
#0 C:\\Users\\dell\\Documents\\Github\\saudiex\\vendor\\laravel\\framework\\src\\Illuminate\\View\\ViewServiceProvider.php(96): Illuminate\\View\\Compilers\\Compiler->__construct(Object(Illuminate\\Filesystem\\Filesystem), false, '', true, 'php')
#1 C:\\Users\\dell\\Documents\\Github\\saudiex\\vendor\\laravel\\framework\\src\\Illuminate\\Container\\Container.php(885): Illuminate\\View\\ViewServiceProvider->Illuminate\\View\\{closure}(Object(Illuminate\\Foundation\\Application), Array)
#2 C:\\Users\\dell\\Documents\\Github\\saudiex\\vendor\\laravel\\framework\\src\\Illuminate\\Container\\Container.php(770): Illuminate\\Container\\Container->build(Object(Closure))
#3 C:\\Users\\dell\\Documents\\Github\\saudiex\\vendor\\laravel\\framework\\src\\Illuminate\\Foundation\\Application.php(881): Illuminate\\Container\\Container->resolve('blade.compiler', Array, true)
#4 C:\\Users\\dell\\Documents\\Github\\saudiex\\vendor\\laravel\\framework\\src\\Illuminate\\Container\\Container.php(706): Illuminate\\Foundation\\Application->resolve('blade.compiler', Array)
#5 C:\\Users\\dell\\Documents\\Github\\saudiex\\vendor\\laravel\\framework\\src\\Illuminate\\Foundation\\Application.php(866): Illuminate\\Container\\Container->make('blade.compiler', Array)
#6 C:\\Users\\dell\\Documents\\Github\\saudiex\\vendor\\laravel\\framework\\src\\Illuminate\\Container\\Container.php(1431): Illuminate\\Foundation\\Application->make('blade.compiler')
#7 C:\\Users\\dell\\Documents\\Github\\saudiex\\vendor\\laravel\\framework\\src\\Illuminate\\Support\\Facades\\Facade.php(222): Illuminate\\Container\\Container->offsetGet('blade.compiler')
#8 C:\\Users\\dell\\Documents\\Github\\saudiex\\vendor\\laravel\\framework\\src\\Illuminate\\Support\\Facades\\Facade.php(193): Illuminate\\Support\\Facades\\Facade::resolveFacadeInstance('blade.compiler')
#9 C:\\Users\\dell\\Documents\\Github\\saudiex\\vendor\\laravel\\framework\\src\\Illuminate\\Support\\Facades\\Facade.php(332): Illuminate\\Support\\Facades\\Facade::getFacadeRoot()
#10 C:\\Users\\dell\\Documents\\Github\\saudiex\\app\\Providers\\AppServiceProvider.php(62): Illuminate\\Support\\Facades\\Facade::__callStatic('withoutDoubleEn...', Array)
#11 C:\\Users\\dell\\Documents\\Github\\saudiex\\vendor\\laravel\\framework\\src\\Illuminate\\Foundation\\Application.php(712): App\\Providers\\AppServiceProvider->register()
#12 C:\\Users\\dell\\Documents\\Github\\saudiex\\vendor\\laravel\\framework\\src\\Illuminate\\Foundation\\ProviderRepository.php(75): Illuminate\\Foundation\\Application->register(Object(App\\Providers\\AppServiceProvider))
#13 C:\\Users\\dell\\Documents\\Github\\saudiex\\vendor\\laravel\\framework\\src\\Illuminate\\Foundation\\Application.php(689): Illuminate\\Foundation\\ProviderRepository->load(Array)
#14 C:\\Users\\dell\\Documents\\Github\\saudiex\\vendor\\laravel\\framework\\src\\Illuminate\\Foundation\\Bootstrap\\RegisterProviders.php(17): Illuminate\\Foundation\\Application->registerConfiguredProviders()
#15 C:\\Users\\dell\\Documents\\Github\\saudiex\\vendor\\laravel\\framework\\src\\Illuminate\\Foundation\\Application.php(265): Illuminate\\Foundation\\Bootstrap\\RegisterProviders->bootstrap(Object(Illuminate\\Foundation\\Application))
#16 C:\\Users\\dell\\Documents\\Github\\saudiex\\vendor\\laravel\\framework\\src\\Illuminate\\Foundation\\Console\\Kernel.php(383): Illuminate\\Foundation\\Application->bootstrapWith(Array)
#17 C:\\Users\\dell\\Documents\\Github\\saudiex\\vendor\\laravel\\framework\\src\\Illuminate\\Foundation\\Console\\Kernel.php(153): Illuminate\\Foundation\\Console\\Kernel->bootstrap()
#18 Command line code(1): Illuminate\\Foundation\\Console\\Kernel->handle(Object(Symfony\\Component\\Console\\Input\\ArgvInput), Object(Symfony\\Component\\Console\\Output\\ConsoleOutput))
#19 {main}
"} 
[2025-10-24 11:50:48] local.ERROR: Please provide a valid cache path. {"exception":"[object] (InvalidArgumentException(code: 0): Please provide a valid cache path. at C:\\Users\\dell\\Documents\\Github\\saudiex\\vendor\\laravel\\framework\\src\\Illuminate\\View\\Compilers\\Compiler.php:66)
[stacktrace]
#0 C:\\Users\\dell\\Documents\\Github\\saudiex\\vendor\\laravel\\framework\\src\\Illuminate\\View\\ViewServiceProvider.php(96): Illuminate\\View\\Compilers\\Compiler->__construct(Object(Illuminate\\Filesystem\\Filesystem), false, '', true, 'php')
#1 C:\\Users\\dell\\Documents\\Github\\saudiex\\vendor\\laravel\\framework\\src\\Illuminate\\Container\\Container.php(885): Illuminate\\View\\ViewServiceProvider->Illuminate\\View\\{closure}(Object(Illuminate\\Foundation\\Application), Array)
#2 C:\\Users\\dell\\Documents\\Github\\saudiex\\vendor\\laravel\\framework\\src\\Illuminate\\Container\\Container.php(770): Illuminate\\Container\\Container->build(Object(Closure))
#3 C:\\Users\\dell\\Documents\\Github\\saudiex\\vendor\\laravel\\framework\\src\\Illuminate\\Foundation\\Application.php(881): Illuminate\\Container\\Container->resolve('blade.compiler', Array, true)
#4 C:\\Users\\dell\\Documents\\Github\\saudiex\\vendor\\laravel\\framework\\src\\Illuminate\\Container\\Container.php(706): Illuminate\\Foundation\\Application->resolve('blade.compiler', Array)
#5 C:\\Users\\dell\\Documents\\Github\\saudiex\\vendor\\laravel\\framework\\src\\Illuminate\\Foundation\\Application.php(866): Illuminate\\Container\\Container->make('blade.compiler', Array)
#6 C:\\Users\\dell\\Documents\\Github\\saudiex\\vendor\\laravel\\framework\\src\\Illuminate\\Container\\Container.php(1431): Illuminate\\Foundation\\Application->make('blade.compiler')
#7 C:\\Users\\dell\\Documents\\Github\\saudiex\\vendor\\laravel\\framework\\src\\Illuminate\\Support\\Facades\\Facade.php(222): Illuminate\\Container\\Container->offsetGet('blade.compiler')
#8 C:\\Users\\dell\\Documents\\Github\\saudiex\\vendor\\laravel\\framework\\src\\Illuminate\\Support\\Facades\\Facade.php(193): Illuminate\\Support\\Facades\\Facade::resolveFacadeInstance('blade.compiler')
#9 C:\\Users\\dell\\Documents\\Github\\saudiex\\vendor\\laravel\\framework\\src\\Illuminate\\Support\\Facades\\Facade.php(332): Illuminate\\Support\\Facades\\Facade::getFacadeRoot()
#10 C:\\Users\\dell\\Documents\\Github\\saudiex\\app\\Providers\\AppServiceProvider.php(62): Illuminate\\Support\\Facades\\Facade::__callStatic('withoutDoubleEn...', Array)
#11 C:\\Users\\dell\\Documents\\Github\\saudiex\\vendor\\laravel\\framework\\src\\Illuminate\\Foundation\\Application.php(712): App\\Providers\\AppServiceProvider->register()
#12 C:\\Users\\dell\\Documents\\Github\\saudiex\\vendor\\laravel\\framework\\src\\Illuminate\\Foundation\\ProviderRepository.php(75): Illuminate\\Foundation\\Application->register(Object(App\\Providers\\AppServiceProvider))
#13 C:\\Users\\dell\\Documents\\Github\\saudiex\\vendor\\laravel\\framework\\src\\Illuminate\\Foundation\\Application.php(689): Illuminate\\Foundation\\ProviderRepository->load(Array)
#14 C:\\Users\\dell\\Documents\\Github\\saudiex\\vendor\\laravel\\framework\\src\\Illuminate\\Foundation\\Bootstrap\\RegisterProviders.php(17): Illuminate\\Foundation\\Application->registerConfiguredProviders()
#15 C:\\Users\\dell\\Documents\\Github\\saudiex\\vendor\\laravel\\framework\\src\\Illuminate\\Foundation\\Application.php(265): Illuminate\\Foundation\\Bootstrap\\RegisterProviders->bootstrap(Object(Illuminate\\Foundation\\Application))
#16 C:\\Users\\dell\\Documents\\Github\\saudiex\\vendor\\laravel\\framework\\src\\Illuminate\\Foundation\\Console\\Kernel.php(383): Illuminate\\Foundation\\Application->bootstrapWith(Array)
#17 C:\\Users\\dell\\Documents\\Github\\saudiex\\vendor\\laravel\\framework\\src\\Illuminate\\Foundation\\Console\\Kernel.php(153): Illuminate\\Foundation\\Console\\Kernel->bootstrap()
#18 Command line code(1): Illuminate\\Foundation\\Console\\Kernel->handle(Object(Symfony\\Component\\Console\\Input\\ArgvInput), Object(Symfony\\Component\\Console\\Output\\ConsoleOutput))
#19 {main}
"} 
[2025-10-24 11:50:48] local.ERROR: Please provide a valid cache path. {"exception":"[object] (InvalidArgumentException(code: 0): Please provide a valid cache path. at C:\\Users\\dell\\Documents\\Github\\saudiex\\vendor\\laravel\\framework\\src\\Illuminate\\View\\Compilers\\Compiler.php:66)
[stacktrace]
#0 C:\\Users\\dell\\Documents\\Github\\saudiex\\vendor\\laravel\\framework\\src\\Illuminate\\View\\ViewServiceProvider.php(96): Illuminate\\View\\Compilers\\Compiler->__construct(Object(Illuminate\\Filesystem\\Filesystem), false, '', true, 'php')
#1 C:\\Users\\dell\\Documents\\Github\\saudiex\\vendor\\laravel\\framework\\src\\Illuminate\\Container\\Container.php(885): Illuminate\\View\\ViewServiceProvider->Illuminate\\View\\{closure}(Object(Illuminate\\Foundation\\Application), Array)
#2 C:\\Users\\dell\\Documents\\Github\\saudiex\\vendor\\laravel\\framework\\src\\Illuminate\\Container\\Container.php(770): Illuminate\\Container\\Container->build(Object(Closure))
#3 C:\\Users\\dell\\Documents\\Github\\saudiex\\vendor\\laravel\\framework\\src\\Illuminate\\Foundation\\Application.php(881): Illuminate\\Container\\Container->resolve('blade.compiler', Array, true)
#4 C:\\Users\\dell\\Documents\\Github\\saudiex\\vendor\\laravel\\framework\\src\\Illuminate\\Container\\Container.php(706): Illuminate\\Foundation\\Application->resolve('blade.compiler', Array)
#5 C:\\Users\\dell\\Documents\\Github\\saudiex\\vendor\\laravel\\framework\\src\\Illuminate\\Foundation\\Application.php(866): Illuminate\\Container\\Container->make('blade.compiler', Array)
#6 C:\\Users\\dell\\Documents\\Github\\saudiex\\vendor\\laravel\\framework\\src\\Illuminate\\Container\\Container.php(1431): Illuminate\\Foundation\\Application->make('blade.compiler')
#7 C:\\Users\\dell\\Documents\\Github\\saudiex\\vendor\\laravel\\framework\\src\\Illuminate\\Support\\Facades\\Facade.php(222): Illuminate\\Container\\Container->offsetGet('blade.compiler')
#8 C:\\Users\\dell\\Documents\\Github\\saudiex\\vendor\\laravel\\framework\\src\\Illuminate\\Support\\Facades\\Facade.php(193): Illuminate\\Support\\Facades\\Facade::resolveFacadeInstance('blade.compiler')
#9 C:\\Users\\dell\\Documents\\Github\\saudiex\\vendor\\laravel\\framework\\src\\Illuminate\\Support\\Facades\\Facade.php(332): Illuminate\\Support\\Facades\\Facade::getFacadeRoot()
#10 C:\\Users\\dell\\Documents\\Github\\saudiex\\app\\Providers\\AppServiceProvider.php(62): Illuminate\\Support\\Facades\\Facade::__callStatic('withoutDoubleEn...', Array)
#11 C:\\Users\\dell\\Documents\\Github\\saudiex\\vendor\\laravel\\framework\\src\\Illuminate\\Foundation\\Application.php(712): App\\Providers\\AppServiceProvider->register()
#12 C:\\Users\\dell\\Documents\\Github\\saudiex\\vendor\\laravel\\framework\\src\\Illuminate\\Foundation\\ProviderRepository.php(75): Illuminate\\Foundation\\Application->register(Object(App\\Providers\\AppServiceProvider))
#13 C:\\Users\\dell\\Documents\\Github\\saudiex\\vendor\\laravel\\framework\\src\\Illuminate\\Foundation\\Application.php(689): Illuminate\\Foundation\\ProviderRepository->load(Array)
#14 C:\\Users\\dell\\Documents\\Github\\saudiex\\vendor\\laravel\\framework\\src\\Illuminate\\Foundation\\Bootstrap\\RegisterProviders.php(17): Illuminate\\Foundation\\Application->registerConfiguredProviders()
#15 C:\\Users\\dell\\Documents\\Github\\saudiex\\vendor\\laravel\\framework\\src\\Illuminate\\Foundation\\Application.php(265): Illuminate\\Foundation\\Bootstrap\\RegisterProviders->bootstrap(Object(Illuminate\\Foundation\\Application))
#16 C:\\Users\\dell\\Documents\\Github\\saudiex\\vendor\\laravel\\framework\\src\\Illuminate\\Foundation\\Console\\Kernel.php(383): Illuminate\\Foundation\\Application->bootstrapWith(Array)
#17 C:\\Users\\dell\\Documents\\Github\\saudiex\\vendor\\laravel\\framework\\src\\Illuminate\\Foundation\\Console\\Kernel.php(153): Illuminate\\Foundation\\Console\\Kernel->bootstrap()
#18 Command line code(1): Illuminate\\Foundation\\Console\\Kernel->handle(Object(Symfony\\Component\\Console\\Input\\ArgvInput), Object(Symfony\\Component\\Console\\Output\\ConsoleOutput))
#19 {main}
"} 
[2025-10-24 11:51:48] local.ERROR: Please provide a valid cache path. {"exception":"[object] (InvalidArgumentException(code: 0): Please provide a valid cache path. at C:\\Users\\dell\\Documents\\Github\\saudiex\\vendor\\laravel\\framework\\src\\Illuminate\\View\\Compilers\\Compiler.php:66)
[stacktrace]
#0 C:\\Users\\dell\\Documents\\Github\\saudiex\\vendor\\laravel\\framework\\src\\Illuminate\\View\\ViewServiceProvider.php(96): Illuminate\\View\\Compilers\\Compiler->__construct(Object(Illuminate\\Filesystem\\Filesystem), false, '', true, 'php')
#1 C:\\Users\\dell\\Documents\\Github\\saudiex\\vendor\\laravel\\framework\\src\\Illuminate\\Container\\Container.php(885): Illuminate\\View\\ViewServiceProvider->Illuminate\\View\\{closure}(Object(Illuminate\\Foundation\\Application), Array)
#2 C:\\Users\\dell\\Documents\\Github\\saudiex\\vendor\\laravel\\framework\\src\\Illuminate\\Container\\Container.php(770): Illuminate\\Container\\Container->build(Object(Closure))
#3 C:\\Users\\dell\\Documents\\Github\\saudiex\\vendor\\laravel\\framework\\src\\Illuminate\\Foundation\\Application.php(881): Illuminate\\Container\\Container->resolve('blade.compiler', Array, true)
#4 C:\\Users\\dell\\Documents\\Github\\saudiex\\vendor\\laravel\\framework\\src\\Illuminate\\Container\\Container.php(706): Illuminate\\Foundation\\Application->resolve('blade.compiler', Array)
#5 C:\\Users\\dell\\Documents\\Github\\saudiex\\vendor\\laravel\\framework\\src\\Illuminate\\Foundation\\Application.php(866): Illuminate\\Container\\Container->make('blade.compiler', Array)
#6 C:\\Users\\dell\\Documents\\Github\\saudiex\\vendor\\laravel\\framework\\src\\Illuminate\\Container\\Container.php(1431): Illuminate\\Foundation\\Application->make('blade.compiler')
#7 C:\\Users\\dell\\Documents\\Github\\saudiex\\vendor\\laravel\\framework\\src\\Illuminate\\Support\\Facades\\Facade.php(222): Illuminate\\Container\\Container->offsetGet('blade.compiler')
#8 C:\\Users\\dell\\Documents\\Github\\saudiex\\vendor\\laravel\\framework\\src\\Illuminate\\Support\\Facades\\Facade.php(193): Illuminate\\Support\\Facades\\Facade::resolveFacadeInstance('blade.compiler')
#9 C:\\Users\\dell\\Documents\\Github\\saudiex\\vendor\\laravel\\framework\\src\\Illuminate\\Support\\Facades\\Facade.php(332): Illuminate\\Support\\Facades\\Facade::getFacadeRoot()
#10 C:\\Users\\dell\\Documents\\Github\\saudiex\\app\\Providers\\AppServiceProvider.php(62): Illuminate\\Support\\Facades\\Facade::__callStatic('withoutDoubleEn...', Array)
#11 C:\\Users\\dell\\Documents\\Github\\saudiex\\vendor\\laravel\\framework\\src\\Illuminate\\Foundation\\Application.php(712): App\\Providers\\AppServiceProvider->register()
#12 C:\\Users\\dell\\Documents\\Github\\saudiex\\vendor\\laravel\\framework\\src\\Illuminate\\Foundation\\ProviderRepository.php(75): Illuminate\\Foundation\\Application->register(Object(App\\Providers\\AppServiceProvider))
#13 C:\\Users\\dell\\Documents\\Github\\saudiex\\vendor\\laravel\\framework\\src\\Illuminate\\Foundation\\Application.php(689): Illuminate\\Foundation\\ProviderRepository->load(Array)
#14 C:\\Users\\dell\\Documents\\Github\\saudiex\\vendor\\laravel\\framework\\src\\Illuminate\\Foundation\\Bootstrap\\RegisterProviders.php(17): Illuminate\\Foundation\\Application->registerConfiguredProviders()
#15 C:\\Users\\dell\\Documents\\Github\\saudiex\\vendor\\laravel\\framework\\src\\Illuminate\\Foundation\\Application.php(265): Illuminate\\Foundation\\Bootstrap\\RegisterProviders->bootstrap(Object(Illuminate\\Foundation\\Application))
#16 C:\\Users\\dell\\Documents\\Github\\saudiex\\vendor\\laravel\\framework\\src\\Illuminate\\Foundation\\Console\\Kernel.php(383): Illuminate\\Foundation\\Application->bootstrapWith(Array)
#17 C:\\Users\\dell\\Documents\\Github\\saudiex\\vendor\\laravel\\framework\\src\\Illuminate\\Foundation\\Console\\Kernel.php(153): Illuminate\\Foundation\\Console\\Kernel->bootstrap()
#18 Command line code(1): Illuminate\\Foundation\\Console\\Kernel->handle(Object(Symfony\\Component\\Console\\Input\\ArgvInput), Object(Symfony\\Component\\Console\\Output\\ConsoleOutput))
#19 {main}
"} 
[2025-10-24 11:51:48] local.ERROR: Please provide a valid cache path. {"exception":"[object] (InvalidArgumentException(code: 0): Please provide a valid cache path. at C:\\Users\\dell\\Documents\\Github\\saudiex\\vendor\\laravel\\framework\\src\\Illuminate\\View\\Compilers\\Compiler.php:66)
[stacktrace]
#0 C:\\Users\\dell\\Documents\\Github\\saudiex\\vendor\\laravel\\framework\\src\\Illuminate\\View\\ViewServiceProvider.php(96): Illuminate\\View\\Compilers\\Compiler->__construct(Object(Illuminate\\Filesystem\\Filesystem), false, '', true, 'php')
#1 C:\\Users\\dell\\Documents\\Github\\saudiex\\vendor\\laravel\\framework\\src\\Illuminate\\Container\\Container.php(885): Illuminate\\View\\ViewServiceProvider->Illuminate\\View\\{closure}(Object(Illuminate\\Foundation\\Application), Array)
#2 C:\\Users\\dell\\Documents\\Github\\saudiex\\vendor\\laravel\\framework\\src\\Illuminate\\Container\\Container.php(770): Illuminate\\Container\\Container->build(Object(Closure))
#3 C:\\Users\\dell\\Documents\\Github\\saudiex\\vendor\\laravel\\framework\\src\\Illuminate\\Foundation\\Application.php(881): Illuminate\\Container\\Container->resolve('blade.compiler', Array, true)
#4 C:\\Users\\dell\\Documents\\Github\\saudiex\\vendor\\laravel\\framework\\src\\Illuminate\\Container\\Container.php(706): Illuminate\\Foundation\\Application->resolve('blade.compiler', Array)
#5 C:\\Users\\dell\\Documents\\Github\\saudiex\\vendor\\laravel\\framework\\src\\Illuminate\\Foundation\\Application.php(866): Illuminate\\Container\\Container->make('blade.compiler', Array)
#6 C:\\Users\\dell\\Documents\\Github\\saudiex\\vendor\\laravel\\framework\\src\\Illuminate\\Container\\Container.php(1431): Illuminate\\Foundation\\Application->make('blade.compiler')
#7 C:\\Users\\dell\\Documents\\Github\\saudiex\\vendor\\laravel\\framework\\src\\Illuminate\\Support\\Facades\\Facade.php(222): Illuminate\\Container\\Container->offsetGet('blade.compiler')
#8 C:\\Users\\dell\\Documents\\Github\\saudiex\\vendor\\laravel\\framework\\src\\Illuminate\\Support\\Facades\\Facade.php(193): Illuminate\\Support\\Facades\\Facade::resolveFacadeInstance('blade.compiler')
#9 C:\\Users\\dell\\Documents\\Github\\saudiex\\vendor\\laravel\\framework\\src\\Illuminate\\Support\\Facades\\Facade.php(332): Illuminate\\Support\\Facades\\Facade::getFacadeRoot()
#10 C:\\Users\\dell\\Documents\\Github\\saudiex\\app\\Providers\\AppServiceProvider.php(62): Illuminate\\Support\\Facades\\Facade::__callStatic('withoutDoubleEn...', Array)
#11 C:\\Users\\dell\\Documents\\Github\\saudiex\\vendor\\laravel\\framework\\src\\Illuminate\\Foundation\\Application.php(712): App\\Providers\\AppServiceProvider->register()
#12 C:\\Users\\dell\\Documents\\Github\\saudiex\\vendor\\laravel\\framework\\src\\Illuminate\\Foundation\\ProviderRepository.php(75): Illuminate\\Foundation\\Application->register(Object(App\\Providers\\AppServiceProvider))
#13 C:\\Users\\dell\\Documents\\Github\\saudiex\\vendor\\laravel\\framework\\src\\Illuminate\\Foundation\\Application.php(689): Illuminate\\Foundation\\ProviderRepository->load(Array)
#14 C:\\Users\\dell\\Documents\\Github\\saudiex\\vendor\\laravel\\framework\\src\\Illuminate\\Foundation\\Bootstrap\\RegisterProviders.php(17): Illuminate\\Foundation\\Application->registerConfiguredProviders()
#15 C:\\Users\\dell\\Documents\\Github\\saudiex\\vendor\\laravel\\framework\\src\\Illuminate\\Foundation\\Application.php(265): Illuminate\\Foundation\\Bootstrap\\RegisterProviders->bootstrap(Object(Illuminate\\Foundation\\Application))
#16 C:\\Users\\dell\\Documents\\Github\\saudiex\\vendor\\laravel\\framework\\src\\Illuminate\\Foundation\\Console\\Kernel.php(383): Illuminate\\Foundation\\Application->bootstrapWith(Array)
#17 C:\\Users\\dell\\Documents\\Github\\saudiex\\vendor\\laravel\\framework\\src\\Illuminate\\Foundation\\Console\\Kernel.php(153): Illuminate\\Foundation\\Console\\Kernel->bootstrap()
#18 Command line code(1): Illuminate\\Foundation\\Console\\Kernel->handle(Object(Symfony\\Component\\Console\\Input\\ArgvInput), Object(Symfony\\Component\\Console\\Output\\ConsoleOutput))
#19 {main}
"} 
[2025-10-24 11:52:48] local.ERROR: Please provide a valid cache path. {"exception":"[object] (InvalidArgumentException(code: 0): Please provide a valid cache path. at C:\\Users\\dell\\Documents\\Github\\saudiex\\vendor\\laravel\\framework\\src\\Illuminate\\View\\Compilers\\Compiler.php:66)
[stacktrace]
#0 C:\\Users\\dell\\Documents\\Github\\saudiex\\vendor\\laravel\\framework\\src\\Illuminate\\View\\ViewServiceProvider.php(96): Illuminate\\View\\Compilers\\Compiler->__construct(Object(Illuminate\\Filesystem\\Filesystem), false, '', true, 'php')
#1 C:\\Users\\dell\\Documents\\Github\\saudiex\\vendor\\laravel\\framework\\src\\Illuminate\\Container\\Container.php(885): Illuminate\\View\\ViewServiceProvider->Illuminate\\View\\{closure}(Object(Illuminate\\Foundation\\Application), Array)
#2 C:\\Users\\dell\\Documents\\Github\\saudiex\\vendor\\laravel\\framework\\src\\Illuminate\\Container\\Container.php(770): Illuminate\\Container\\Container->build(Object(Closure))
#3 C:\\Users\\dell\\Documents\\Github\\saudiex\\vendor\\laravel\\framework\\src\\Illuminate\\Foundation\\Application.php(881): Illuminate\\Container\\Container->resolve('blade.compiler', Array, true)
#4 C:\\Users\\dell\\Documents\\Github\\saudiex\\vendor\\laravel\\framework\\src\\Illuminate\\Container\\Container.php(706): Illuminate\\Foundation\\Application->resolve('blade.compiler', Array)
#5 C:\\Users\\dell\\Documents\\Github\\saudiex\\vendor\\laravel\\framework\\src\\Illuminate\\Foundation\\Application.php(866): Illuminate\\Container\\Container->make('blade.compiler', Array)
#6 C:\\Users\\dell\\Documents\\Github\\saudiex\\vendor\\laravel\\framework\\src\\Illuminate\\Container\\Container.php(1431): Illuminate\\Foundation\\Application->make('blade.compiler')
#7 C:\\Users\\dell\\Documents\\Github\\saudiex\\vendor\\laravel\\framework\\src\\Illuminate\\Support\\Facades\\Facade.php(222): Illuminate\\Container\\Container->offsetGet('blade.compiler')
#8 C:\\Users\\dell\\Documents\\Github\\saudiex\\vendor\\laravel\\framework\\src\\Illuminate\\Support\\Facades\\Facade.php(193): Illuminate\\Support\\Facades\\Facade::resolveFacadeInstance('blade.compiler')
#9 C:\\Users\\dell\\Documents\\Github\\saudiex\\vendor\\laravel\\framework\\src\\Illuminate\\Support\\Facades\\Facade.php(332): Illuminate\\Support\\Facades\\Facade::getFacadeRoot()
#10 C:\\Users\\dell\\Documents\\Github\\saudiex\\app\\Providers\\AppServiceProvider.php(62): Illuminate\\Support\\Facades\\Facade::__callStatic('withoutDoubleEn...', Array)
#11 C:\\Users\\dell\\Documents\\Github\\saudiex\\vendor\\laravel\\framework\\src\\Illuminate\\Foundation\\Application.php(712): App\\Providers\\AppServiceProvider->register()
#12 C:\\Users\\dell\\Documents\\Github\\saudiex\\vendor\\laravel\\framework\\src\\Illuminate\\Foundation\\ProviderRepository.php(75): Illuminate\\Foundation\\Application->register(Object(App\\Providers\\AppServiceProvider))
#13 C:\\Users\\dell\\Documents\\Github\\saudiex\\vendor\\laravel\\framework\\src\\Illuminate\\Foundation\\Application.php(689): Illuminate\\Foundation\\ProviderRepository->load(Array)
#14 C:\\Users\\dell\\Documents\\Github\\saudiex\\vendor\\laravel\\framework\\src\\Illuminate\\Foundation\\Bootstrap\\RegisterProviders.php(17): Illuminate\\Foundation\\Application->registerConfiguredProviders()
#15 C:\\Users\\dell\\Documents\\Github\\saudiex\\vendor\\laravel\\framework\\src\\Illuminate\\Foundation\\Application.php(265): Illuminate\\Foundation\\Bootstrap\\RegisterProviders->bootstrap(Object(Illuminate\\Foundation\\Application))
#16 C:\\Users\\dell\\Documents\\Github\\saudiex\\vendor\\laravel\\framework\\src\\Illuminate\\Foundation\\Console\\Kernel.php(383): Illuminate\\Foundation\\Application->bootstrapWith(Array)
#17 C:\\Users\\dell\\Documents\\Github\\saudiex\\vendor\\laravel\\framework\\src\\Illuminate\\Foundation\\Console\\Kernel.php(153): Illuminate\\Foundation\\Console\\Kernel->bootstrap()
#18 Command line code(1): Illuminate\\Foundation\\Console\\Kernel->handle(Object(Symfony\\Component\\Console\\Input\\ArgvInput), Object(Symfony\\Component\\Console\\Output\\ConsoleOutput))
#19 {main}
"} 
[2025-10-24 11:52:48] local.ERROR: Please provide a valid cache path. {"exception":"[object] (InvalidArgumentException(code: 0): Please provide a valid cache path. at C:\\Users\\dell\\Documents\\Github\\saudiex\\vendor\\laravel\\framework\\src\\Illuminate\\View\\Compilers\\Compiler.php:66)
[stacktrace]
#0 C:\\Users\\dell\\Documents\\Github\\saudiex\\vendor\\laravel\\framework\\src\\Illuminate\\View\\ViewServiceProvider.php(96): Illuminate\\View\\Compilers\\Compiler->__construct(Object(Illuminate\\Filesystem\\Filesystem), false, '', true, 'php')
#1 C:\\Users\\dell\\Documents\\Github\\saudiex\\vendor\\laravel\\framework\\src\\Illuminate\\Container\\Container.php(885): Illuminate\\View\\ViewServiceProvider->Illuminate\\View\\{closure}(Object(Illuminate\\Foundation\\Application), Array)
#2 C:\\Users\\dell\\Documents\\Github\\saudiex\\vendor\\laravel\\framework\\src\\Illuminate\\Container\\Container.php(770): Illuminate\\Container\\Container->build(Object(Closure))
#3 C:\\Users\\dell\\Documents\\Github\\saudiex\\vendor\\laravel\\framework\\src\\Illuminate\\Foundation\\Application.php(881): Illuminate\\Container\\Container->resolve('blade.compiler', Array, true)
#4 C:\\Users\\dell\\Documents\\Github\\saudiex\\vendor\\laravel\\framework\\src\\Illuminate\\Container\\Container.php(706): Illuminate\\Foundation\\Application->resolve('blade.compiler', Array)
#5 C:\\Users\\dell\\Documents\\Github\\saudiex\\vendor\\laravel\\framework\\src\\Illuminate\\Foundation\\Application.php(866): Illuminate\\Container\\Container->make('blade.compiler', Array)
#6 C:\\Users\\dell\\Documents\\Github\\saudiex\\vendor\\laravel\\framework\\src\\Illuminate\\Container\\Container.php(1431): Illuminate\\Foundation\\Application->make('blade.compiler')
#7 C:\\Users\\dell\\Documents\\Github\\saudiex\\vendor\\laravel\\framework\\src\\Illuminate\\Support\\Facades\\Facade.php(222): Illuminate\\Container\\Container->offsetGet('blade.compiler')
#8 C:\\Users\\dell\\Documents\\Github\\saudiex\\vendor\\laravel\\framework\\src\\Illuminate\\Support\\Facades\\Facade.php(193): Illuminate\\Support\\Facades\\Facade::resolveFacadeInstance('blade.compiler')
#9 C:\\Users\\dell\\Documents\\Github\\saudiex\\vendor\\laravel\\framework\\src\\Illuminate\\Support\\Facades\\Facade.php(332): Illuminate\\Support\\Facades\\Facade::getFacadeRoot()
#10 C:\\Users\\dell\\Documents\\Github\\saudiex\\app\\Providers\\AppServiceProvider.php(62): Illuminate\\Support\\Facades\\Facade::__callStatic('withoutDoubleEn...', Array)
#11 C:\\Users\\dell\\Documents\\Github\\saudiex\\vendor\\laravel\\framework\\src\\Illuminate\\Foundation\\Application.php(712): App\\Providers\\AppServiceProvider->register()
#12 C:\\Users\\dell\\Documents\\Github\\saudiex\\vendor\\laravel\\framework\\src\\Illuminate\\Foundation\\ProviderRepository.php(75): Illuminate\\Foundation\\Application->register(Object(App\\Providers\\AppServiceProvider))
#13 C:\\Users\\dell\\Documents\\Github\\saudiex\\vendor\\laravel\\framework\\src\\Illuminate\\Foundation\\Application.php(689): Illuminate\\Foundation\\ProviderRepository->load(Array)
#14 C:\\Users\\dell\\Documents\\Github\\saudiex\\vendor\\laravel\\framework\\src\\Illuminate\\Foundation\\Bootstrap\\RegisterProviders.php(17): Illuminate\\Foundation\\Application->registerConfiguredProviders()
#15 C:\\Users\\dell\\Documents\\Github\\saudiex\\vendor\\laravel\\framework\\src\\Illuminate\\Foundation\\Application.php(265): Illuminate\\Foundation\\Bootstrap\\RegisterProviders->bootstrap(Object(Illuminate\\Foundation\\Application))
#16 C:\\Users\\dell\\Documents\\Github\\saudiex\\vendor\\laravel\\framework\\src\\Illuminate\\Foundation\\Console\\Kernel.php(383): Illuminate\\Foundation\\Application->bootstrapWith(Array)
#17 C:\\Users\\dell\\Documents\\Github\\saudiex\\vendor\\laravel\\framework\\src\\Illuminate\\Foundation\\Console\\Kernel.php(153): Illuminate\\Foundation\\Console\\Kernel->bootstrap()
#18 Command line code(1): Illuminate\\Foundation\\Console\\Kernel->handle(Object(Symfony\\Component\\Console\\Input\\ArgvInput), Object(Symfony\\Component\\Console\\Output\\ConsoleOutput))
#19 {main}
"} 
[2025-10-24 11:53:48] local.ERROR: Please provide a valid cache path. {"exception":"[object] (InvalidArgumentException(code: 0): Please provide a valid cache path. at C:\\Users\\dell\\Documents\\Github\\saudiex\\vendor\\laravel\\framework\\src\\Illuminate\\View\\Compilers\\Compiler.php:66)
[stacktrace]
#0 C:\\Users\\dell\\Documents\\Github\\saudiex\\vendor\\laravel\\framework\\src\\Illuminate\\View\\ViewServiceProvider.php(96): Illuminate\\View\\Compilers\\Compiler->__construct(Object(Illuminate\\Filesystem\\Filesystem), false, '', true, 'php')
#1 C:\\Users\\dell\\Documents\\Github\\saudiex\\vendor\\laravel\\framework\\src\\Illuminate\\Container\\Container.php(885): Illuminate\\View\\ViewServiceProvider->Illuminate\\View\\{closure}(Object(Illuminate\\Foundation\\Application), Array)
#2 C:\\Users\\dell\\Documents\\Github\\saudiex\\vendor\\laravel\\framework\\src\\Illuminate\\Container\\Container.php(770): Illuminate\\Container\\Container->build(Object(Closure))
#3 C:\\Users\\dell\\Documents\\Github\\saudiex\\vendor\\laravel\\framework\\src\\Illuminate\\Foundation\\Application.php(881): Illuminate\\Container\\Container->resolve('blade.compiler', Array, true)
#4 C:\\Users\\dell\\Documents\\Github\\saudiex\\vendor\\laravel\\framework\\src\\Illuminate\\Container\\Container.php(706): Illuminate\\Foundation\\Application->resolve('blade.compiler', Array)
#5 C:\\Users\\dell\\Documents\\Github\\saudiex\\vendor\\laravel\\framework\\src\\Illuminate\\Foundation\\Application.php(866): Illuminate\\Container\\Container->make('blade.compiler', Array)
#6 C:\\Users\\dell\\Documents\\Github\\saudiex\\vendor\\laravel\\framework\\src\\Illuminate\\Container\\Container.php(1431): Illuminate\\Foundation\\Application->make('blade.compiler')
#7 C:\\Users\\dell\\Documents\\Github\\saudiex\\vendor\\laravel\\framework\\src\\Illuminate\\Support\\Facades\\Facade.php(222): Illuminate\\Container\\Container->offsetGet('blade.compiler')
#8 C:\\Users\\dell\\Documents\\Github\\saudiex\\vendor\\laravel\\framework\\src\\Illuminate\\Support\\Facades\\Facade.php(193): Illuminate\\Support\\Facades\\Facade::resolveFacadeInstance('blade.compiler')
#9 C:\\Users\\dell\\Documents\\Github\\saudiex\\vendor\\laravel\\framework\\src\\Illuminate\\Support\\Facades\\Facade.php(332): Illuminate\\Support\\Facades\\Facade::getFacadeRoot()
#10 C:\\Users\\dell\\Documents\\Github\\saudiex\\app\\Providers\\AppServiceProvider.php(62): Illuminate\\Support\\Facades\\Facade::__callStatic('withoutDoubleEn...', Array)
#11 C:\\Users\\dell\\Documents\\Github\\saudiex\\vendor\\laravel\\framework\\src\\Illuminate\\Foundation\\Application.php(712): App\\Providers\\AppServiceProvider->register()
#12 C:\\Users\\dell\\Documents\\Github\\saudiex\\vendor\\laravel\\framework\\src\\Illuminate\\Foundation\\ProviderRepository.php(75): Illuminate\\Foundation\\Application->register(Object(App\\Providers\\AppServiceProvider))
#13 C:\\Users\\dell\\Documents\\Github\\saudiex\\vendor\\laravel\\framework\\src\\Illuminate\\Foundation\\Application.php(689): Illuminate\\Foundation\\ProviderRepository->load(Array)
#14 C:\\Users\\dell\\Documents\\Github\\saudiex\\vendor\\laravel\\framework\\src\\Illuminate\\Foundation\\Bootstrap\\RegisterProviders.php(17): Illuminate\\Foundation\\Application->registerConfiguredProviders()
#15 C:\\Users\\dell\\Documents\\Github\\saudiex\\vendor\\laravel\\framework\\src\\Illuminate\\Foundation\\Application.php(265): Illuminate\\Foundation\\Bootstrap\\RegisterProviders->bootstrap(Object(Illuminate\\Foundation\\Application))
#16 C:\\Users\\dell\\Documents\\Github\\saudiex\\vendor\\laravel\\framework\\src\\Illuminate\\Foundation\\Console\\Kernel.php(383): Illuminate\\Foundation\\Application->bootstrapWith(Array)
#17 C:\\Users\\dell\\Documents\\Github\\saudiex\\vendor\\laravel\\framework\\src\\Illuminate\\Foundation\\Console\\Kernel.php(153): Illuminate\\Foundation\\Console\\Kernel->bootstrap()
#18 Command line code(1): Illuminate\\Foundation\\Console\\Kernel->handle(Object(Symfony\\Component\\Console\\Input\\ArgvInput), Object(Symfony\\Component\\Console\\Output\\ConsoleOutput))
#19 {main}
"} 
[2025-10-24 11:53:48] local.ERROR: Please provide a valid cache path. {"exception":"[object] (InvalidArgumentException(code: 0): Please provide a valid cache path. at C:\\Users\\dell\\Documents\\Github\\saudiex\\vendor\\laravel\\framework\\src\\Illuminate\\View\\Compilers\\Compiler.php:66)
[stacktrace]
#0 C:\\Users\\dell\\Documents\\Github\\saudiex\\vendor\\laravel\\framework\\src\\Illuminate\\View\\ViewServiceProvider.php(96): Illuminate\\View\\Compilers\\Compiler->__construct(Object(Illuminate\\Filesystem\\Filesystem), false, '', true, 'php')
#1 C:\\Users\\dell\\Documents\\Github\\saudiex\\vendor\\laravel\\framework\\src\\Illuminate\\Container\\Container.php(885): Illuminate\\View\\ViewServiceProvider->Illuminate\\View\\{closure}(Object(Illuminate\\Foundation\\Application), Array)
#2 C:\\Users\\dell\\Documents\\Github\\saudiex\\vendor\\laravel\\framework\\src\\Illuminate\\Container\\Container.php(770): Illuminate\\Container\\Container->build(Object(Closure))
#3 C:\\Users\\dell\\Documents\\Github\\saudiex\\vendor\\laravel\\framework\\src\\Illuminate\\Foundation\\Application.php(881): Illuminate\\Container\\Container->resolve('blade.compiler', Array, true)
#4 C:\\Users\\dell\\Documents\\Github\\saudiex\\vendor\\laravel\\framework\\src\\Illuminate\\Container\\Container.php(706): Illuminate\\Foundation\\Application->resolve('blade.compiler', Array)
#5 C:\\Users\\dell\\Documents\\Github\\saudiex\\vendor\\laravel\\framework\\src\\Illuminate\\Foundation\\Application.php(866): Illuminate\\Container\\Container->make('blade.compiler', Array)
#6 C:\\Users\\dell\\Documents\\Github\\saudiex\\vendor\\laravel\\framework\\src\\Illuminate\\Container\\Container.php(1431): Illuminate\\Foundation\\Application->make('blade.compiler')
#7 C:\\Users\\dell\\Documents\\Github\\saudiex\\vendor\\laravel\\framework\\src\\Illuminate\\Support\\Facades\\Facade.php(222): Illuminate\\Container\\Container->offsetGet('blade.compiler')
#8 C:\\Users\\dell\\Documents\\Github\\saudiex\\vendor\\laravel\\framework\\src\\Illuminate\\Support\\Facades\\Facade.php(193): Illuminate\\Support\\Facades\\Facade::resolveFacadeInstance('blade.compiler')
#9 C:\\Users\\dell\\Documents\\Github\\saudiex\\vendor\\laravel\\framework\\src\\Illuminate\\Support\\Facades\\Facade.php(332): Illuminate\\Support\\Facades\\Facade::getFacadeRoot()
#10 C:\\Users\\dell\\Documents\\Github\\saudiex\\app\\Providers\\AppServiceProvider.php(62): Illuminate\\Support\\Facades\\Facade::__callStatic('withoutDoubleEn...', Array)
#11 C:\\Users\\dell\\Documents\\Github\\saudiex\\vendor\\laravel\\framework\\src\\Illuminate\\Foundation\\Application.php(712): App\\Providers\\AppServiceProvider->register()
#12 C:\\Users\\dell\\Documents\\Github\\saudiex\\vendor\\laravel\\framework\\src\\Illuminate\\Foundation\\ProviderRepository.php(75): Illuminate\\Foundation\\Application->register(Object(App\\Providers\\AppServiceProvider))
#13 C:\\Users\\dell\\Documents\\Github\\saudiex\\vendor\\laravel\\framework\\src\\Illuminate\\Foundation\\Application.php(689): Illuminate\\Foundation\\ProviderRepository->load(Array)
#14 C:\\Users\\dell\\Documents\\Github\\saudiex\\vendor\\laravel\\framework\\src\\Illuminate\\Foundation\\Bootstrap\\RegisterProviders.php(17): Illuminate\\Foundation\\Application->registerConfiguredProviders()
#15 C:\\Users\\dell\\Documents\\Github\\saudiex\\vendor\\laravel\\framework\\src\\Illuminate\\Foundation\\Application.php(265): Illuminate\\Foundation\\Bootstrap\\RegisterProviders->bootstrap(Object(Illuminate\\Foundation\\Application))
#16 C:\\Users\\dell\\Documents\\Github\\saudiex\\vendor\\laravel\\framework\\src\\Illuminate\\Foundation\\Console\\Kernel.php(383): Illuminate\\Foundation\\Application->bootstrapWith(Array)
#17 C:\\Users\\dell\\Documents\\Github\\saudiex\\vendor\\laravel\\framework\\src\\Illuminate\\Foundation\\Console\\Kernel.php(153): Illuminate\\Foundation\\Console\\Kernel->bootstrap()
#18 Command line code(1): Illuminate\\Foundation\\Console\\Kernel->handle(Object(Symfony\\Component\\Console\\Input\\ArgvInput), Object(Symfony\\Component\\Console\\Output\\ConsoleOutput))
#19 {main}
"} 
[2025-10-24 11:54:48] local.ERROR: Please provide a valid cache path. {"exception":"[object] (InvalidArgumentException(code: 0): Please provide a valid cache path. at C:\\Users\\dell\\Documents\\Github\\saudiex\\vendor\\laravel\\framework\\src\\Illuminate\\View\\Compilers\\Compiler.php:66)
[stacktrace]
#0 C:\\Users\\dell\\Documents\\Github\\saudiex\\vendor\\laravel\\framework\\src\\Illuminate\\View\\ViewServiceProvider.php(96): Illuminate\\View\\Compilers\\Compiler->__construct(Object(Illuminate\\Filesystem\\Filesystem), false, '', true, 'php')
#1 C:\\Users\\dell\\Documents\\Github\\saudiex\\vendor\\laravel\\framework\\src\\Illuminate\\Container\\Container.php(885): Illuminate\\View\\ViewServiceProvider->Illuminate\\View\\{closure}(Object(Illuminate\\Foundation\\Application), Array)
#2 C:\\Users\\dell\\Documents\\Github\\saudiex\\vendor\\laravel\\framework\\src\\Illuminate\\Container\\Container.php(770): Illuminate\\Container\\Container->build(Object(Closure))
#3 C:\\Users\\dell\\Documents\\Github\\saudiex\\vendor\\laravel\\framework\\src\\Illuminate\\Foundation\\Application.php(881): Illuminate\\Container\\Container->resolve('blade.compiler', Array, true)
#4 C:\\Users\\dell\\Documents\\Github\\saudiex\\vendor\\laravel\\framework\\src\\Illuminate\\Container\\Container.php(706): Illuminate\\Foundation\\Application->resolve('blade.compiler', Array)
#5 C:\\Users\\dell\\Documents\\Github\\saudiex\\vendor\\laravel\\framework\\src\\Illuminate\\Foundation\\Application.php(866): Illuminate\\Container\\Container->make('blade.compiler', Array)
#6 C:\\Users\\dell\\Documents\\Github\\saudiex\\vendor\\laravel\\framework\\src\\Illuminate\\Container\\Container.php(1431): Illuminate\\Foundation\\Application->make('blade.compiler')
#7 C:\\Users\\dell\\Documents\\Github\\saudiex\\vendor\\laravel\\framework\\src\\Illuminate\\Support\\Facades\\Facade.php(222): Illuminate\\Container\\Container->offsetGet('blade.compiler')
#8 C:\\Users\\dell\\Documents\\Github\\saudiex\\vendor\\laravel\\framework\\src\\Illuminate\\Support\\Facades\\Facade.php(193): Illuminate\\Support\\Facades\\Facade::resolveFacadeInstance('blade.compiler')
#9 C:\\Users\\dell\\Documents\\Github\\saudiex\\vendor\\laravel\\framework\\src\\Illuminate\\Support\\Facades\\Facade.php(332): Illuminate\\Support\\Facades\\Facade::getFacadeRoot()
#10 C:\\Users\\dell\\Documents\\Github\\saudiex\\app\\Providers\\AppServiceProvider.php(62): Illuminate\\Support\\Facades\\Facade::__callStatic('withoutDoubleEn...', Array)
#11 C:\\Users\\dell\\Documents\\Github\\saudiex\\vendor\\laravel\\framework\\src\\Illuminate\\Foundation\\Application.php(712): App\\Providers\\AppServiceProvider->register()
#12 C:\\Users\\dell\\Documents\\Github\\saudiex\\vendor\\laravel\\framework\\src\\Illuminate\\Foundation\\ProviderRepository.php(75): Illuminate\\Foundation\\Application->register(Object(App\\Providers\\AppServiceProvider))
#13 C:\\Users\\dell\\Documents\\Github\\saudiex\\vendor\\laravel\\framework\\src\\Illuminate\\Foundation\\Application.php(689): Illuminate\\Foundation\\ProviderRepository->load(Array)
#14 C:\\Users\\dell\\Documents\\Github\\saudiex\\vendor\\laravel\\framework\\src\\Illuminate\\Foundation\\Bootstrap\\RegisterProviders.php(17): Illuminate\\Foundation\\Application->registerConfiguredProviders()
#15 C:\\Users\\dell\\Documents\\Github\\saudiex\\vendor\\laravel\\framework\\src\\Illuminate\\Foundation\\Application.php(265): Illuminate\\Foundation\\Bootstrap\\RegisterProviders->bootstrap(Object(Illuminate\\Foundation\\Application))
#16 C:\\Users\\dell\\Documents\\Github\\saudiex\\vendor\\laravel\\framework\\src\\Illuminate\\Foundation\\Console\\Kernel.php(383): Illuminate\\Foundation\\Application->bootstrapWith(Array)
#17 C:\\Users\\dell\\Documents\\Github\\saudiex\\vendor\\laravel\\framework\\src\\Illuminate\\Foundation\\Console\\Kernel.php(153): Illuminate\\Foundation\\Console\\Kernel->bootstrap()
#18 Command line code(1): Illuminate\\Foundation\\Console\\Kernel->handle(Object(Symfony\\Component\\Console\\Input\\ArgvInput), Object(Symfony\\Component\\Console\\Output\\ConsoleOutput))
#19 {main}
"} 
[2025-10-24 11:54:48] local.ERROR: Please provide a valid cache path. {"exception":"[object] (InvalidArgumentException(code: 0): Please provide a valid cache path. at C:\\Users\\dell\\Documents\\Github\\saudiex\\vendor\\laravel\\framework\\src\\Illuminate\\View\\Compilers\\Compiler.php:66)
[stacktrace]
#0 C:\\Users\\dell\\Documents\\Github\\saudiex\\vendor\\laravel\\framework\\src\\Illuminate\\View\\ViewServiceProvider.php(96): Illuminate\\View\\Compilers\\Compiler->__construct(Object(Illuminate\\Filesystem\\Filesystem), false, '', true, 'php')
#1 C:\\Users\\dell\\Documents\\Github\\saudiex\\vendor\\laravel\\framework\\src\\Illuminate\\Container\\Container.php(885): Illuminate\\View\\ViewServiceProvider->Illuminate\\View\\{closure}(Object(Illuminate\\Foundation\\Application), Array)
#2 C:\\Users\\dell\\Documents\\Github\\saudiex\\vendor\\laravel\\framework\\src\\Illuminate\\Container\\Container.php(770): Illuminate\\Container\\Container->build(Object(Closure))
#3 C:\\Users\\dell\\Documents\\Github\\saudiex\\vendor\\laravel\\framework\\src\\Illuminate\\Foundation\\Application.php(881): Illuminate\\Container\\Container->resolve('blade.compiler', Array, true)
#4 C:\\Users\\dell\\Documents\\Github\\saudiex\\vendor\\laravel\\framework\\src\\Illuminate\\Container\\Container.php(706): Illuminate\\Foundation\\Application->resolve('blade.compiler', Array)
#5 C:\\Users\\dell\\Documents\\Github\\saudiex\\vendor\\laravel\\framework\\src\\Illuminate\\Foundation\\Application.php(866): Illuminate\\Container\\Container->make('blade.compiler', Array)
#6 C:\\Users\\dell\\Documents\\Github\\saudiex\\vendor\\laravel\\framework\\src\\Illuminate\\Container\\Container.php(1431): Illuminate\\Foundation\\Application->make('blade.compiler')
#7 C:\\Users\\dell\\Documents\\Github\\saudiex\\vendor\\laravel\\framework\\src\\Illuminate\\Support\\Facades\\Facade.php(222): Illuminate\\Container\\Container->offsetGet('blade.compiler')
#8 C:\\Users\\dell\\Documents\\Github\\saudiex\\vendor\\laravel\\framework\\src\\Illuminate\\Support\\Facades\\Facade.php(193): Illuminate\\Support\\Facades\\Facade::resolveFacadeInstance('blade.compiler')
#9 C:\\Users\\dell\\Documents\\Github\\saudiex\\vendor\\laravel\\framework\\src\\Illuminate\\Support\\Facades\\Facade.php(332): Illuminate\\Support\\Facades\\Facade::getFacadeRoot()
#10 C:\\Users\\dell\\Documents\\Github\\saudiex\\app\\Providers\\AppServiceProvider.php(62): Illuminate\\Support\\Facades\\Facade::__callStatic('withoutDoubleEn...', Array)
#11 C:\\Users\\dell\\Documents\\Github\\saudiex\\vendor\\laravel\\framework\\src\\Illuminate\\Foundation\\Application.php(712): App\\Providers\\AppServiceProvider->register()
#12 C:\\Users\\dell\\Documents\\Github\\saudiex\\vendor\\laravel\\framework\\src\\Illuminate\\Foundation\\ProviderRepository.php(75): Illuminate\\Foundation\\Application->register(Object(App\\Providers\\AppServiceProvider))
#13 C:\\Users\\dell\\Documents\\Github\\saudiex\\vendor\\laravel\\framework\\src\\Illuminate\\Foundation\\Application.php(689): Illuminate\\Foundation\\ProviderRepository->load(Array)
#14 C:\\Users\\dell\\Documents\\Github\\saudiex\\vendor\\laravel\\framework\\src\\Illuminate\\Foundation\\Bootstrap\\RegisterProviders.php(17): Illuminate\\Foundation\\Application->registerConfiguredProviders()
#15 C:\\Users\\dell\\Documents\\Github\\saudiex\\vendor\\laravel\\framework\\src\\Illuminate\\Foundation\\Application.php(265): Illuminate\\Foundation\\Bootstrap\\RegisterProviders->bootstrap(Object(Illuminate\\Foundation\\Application))
#16 C:\\Users\\dell\\Documents\\Github\\saudiex\\vendor\\laravel\\framework\\src\\Illuminate\\Foundation\\Console\\Kernel.php(383): Illuminate\\Foundation\\Application->bootstrapWith(Array)
#17 C:\\Users\\dell\\Documents\\Github\\saudiex\\vendor\\laravel\\framework\\src\\Illuminate\\Foundation\\Console\\Kernel.php(153): Illuminate\\Foundation\\Console\\Kernel->bootstrap()
#18 Command line code(1): Illuminate\\Foundation\\Console\\Kernel->handle(Object(Symfony\\Component\\Console\\Input\\ArgvInput), Object(Symfony\\Component\\Console\\Output\\ConsoleOutput))
#19 {main}
"} 
[2025-10-24 11:55:48] local.ERROR: Please provide a valid cache path. {"exception":"[object] (InvalidArgumentException(code: 0): Please provide a valid cache path. at C:\\Users\\dell\\Documents\\Github\\saudiex\\vendor\\laravel\\framework\\src\\Illuminate\\View\\Compilers\\Compiler.php:66)
[stacktrace]
#0 C:\\Users\\dell\\Documents\\Github\\saudiex\\vendor\\laravel\\framework\\src\\Illuminate\\View\\ViewServiceProvider.php(96): Illuminate\\View\\Compilers\\Compiler->__construct(Object(Illuminate\\Filesystem\\Filesystem), false, '', true, 'php')
#1 C:\\Users\\dell\\Documents\\Github\\saudiex\\vendor\\laravel\\framework\\src\\Illuminate\\Container\\Container.php(885): Illuminate\\View\\ViewServiceProvider->Illuminate\\View\\{closure}(Object(Illuminate\\Foundation\\Application), Array)
#2 C:\\Users\\dell\\Documents\\Github\\saudiex\\vendor\\laravel\\framework\\src\\Illuminate\\Container\\Container.php(770): Illuminate\\Container\\Container->build(Object(Closure))
#3 C:\\Users\\dell\\Documents\\Github\\saudiex\\vendor\\laravel\\framework\\src\\Illuminate\\Foundation\\Application.php(881): Illuminate\\Container\\Container->resolve('blade.compiler', Array, true)
#4 C:\\Users\\dell\\Documents\\Github\\saudiex\\vendor\\laravel\\framework\\src\\Illuminate\\Container\\Container.php(706): Illuminate\\Foundation\\Application->resolve('blade.compiler', Array)
#5 C:\\Users\\dell\\Documents\\Github\\saudiex\\vendor\\laravel\\framework\\src\\Illuminate\\Foundation\\Application.php(866): Illuminate\\Container\\Container->make('blade.compiler', Array)
#6 C:\\Users\\dell\\Documents\\Github\\saudiex\\vendor\\laravel\\framework\\src\\Illuminate\\Container\\Container.php(1431): Illuminate\\Foundation\\Application->make('blade.compiler')
#7 C:\\Users\\dell\\Documents\\Github\\saudiex\\vendor\\laravel\\framework\\src\\Illuminate\\Support\\Facades\\Facade.php(222): Illuminate\\Container\\Container->offsetGet('blade.compiler')
#8 C:\\Users\\dell\\Documents\\Github\\saudiex\\vendor\\laravel\\framework\\src\\Illuminate\\Support\\Facades\\Facade.php(193): Illuminate\\Support\\Facades\\Facade::resolveFacadeInstance('blade.compiler')
#9 C:\\Users\\dell\\Documents\\Github\\saudiex\\vendor\\laravel\\framework\\src\\Illuminate\\Support\\Facades\\Facade.php(332): Illuminate\\Support\\Facades\\Facade::getFacadeRoot()
#10 C:\\Users\\dell\\Documents\\Github\\saudiex\\app\\Providers\\AppServiceProvider.php(62): Illuminate\\Support\\Facades\\Facade::__callStatic('withoutDoubleEn...', Array)
#11 C:\\Users\\dell\\Documents\\Github\\saudiex\\vendor\\laravel\\framework\\src\\Illuminate\\Foundation\\Application.php(712): App\\Providers\\AppServiceProvider->register()
#12 C:\\Users\\dell\\Documents\\Github\\saudiex\\vendor\\laravel\\framework\\src\\Illuminate\\Foundation\\ProviderRepository.php(75): Illuminate\\Foundation\\Application->register(Object(App\\Providers\\AppServiceProvider))
#13 C:\\Users\\dell\\Documents\\Github\\saudiex\\vendor\\laravel\\framework\\src\\Illuminate\\Foundation\\Application.php(689): Illuminate\\Foundation\\ProviderRepository->load(Array)
#14 C:\\Users\\dell\\Documents\\Github\\saudiex\\vendor\\laravel\\framework\\src\\Illuminate\\Foundation\\Bootstrap\\RegisterProviders.php(17): Illuminate\\Foundation\\Application->registerConfiguredProviders()
#15 C:\\Users\\dell\\Documents\\Github\\saudiex\\vendor\\laravel\\framework\\src\\Illuminate\\Foundation\\Application.php(265): Illuminate\\Foundation\\Bootstrap\\RegisterProviders->bootstrap(Object(Illuminate\\Foundation\\Application))
#16 C:\\Users\\dell\\Documents\\Github\\saudiex\\vendor\\laravel\\framework\\src\\Illuminate\\Foundation\\Console\\Kernel.php(383): Illuminate\\Foundation\\Application->bootstrapWith(Array)
#17 C:\\Users\\dell\\Documents\\Github\\saudiex\\vendor\\laravel\\framework\\src\\Illuminate\\Foundation\\Console\\Kernel.php(153): Illuminate\\Foundation\\Console\\Kernel->bootstrap()
#18 Command line code(1): Illuminate\\Foundation\\Console\\Kernel->handle(Object(Symfony\\Component\\Console\\Input\\ArgvInput), Object(Symfony\\Component\\Console\\Output\\ConsoleOutput))
#19 {main}
"} 
[2025-10-24 11:55:48] local.ERROR: Please provide a valid cache path. {"exception":"[object] (InvalidArgumentException(code: 0): Please provide a valid cache path. at C:\\Users\\dell\\Documents\\Github\\saudiex\\vendor\\laravel\\framework\\src\\Illuminate\\View\\Compilers\\Compiler.php:66)
[stacktrace]
#0 C:\\Users\\dell\\Documents\\Github\\saudiex\\vendor\\laravel\\framework\\src\\Illuminate\\View\\ViewServiceProvider.php(96): Illuminate\\View\\Compilers\\Compiler->__construct(Object(Illuminate\\Filesystem\\Filesystem), false, '', true, 'php')
#1 C:\\Users\\dell\\Documents\\Github\\saudiex\\vendor\\laravel\\framework\\src\\Illuminate\\Container\\Container.php(885): Illuminate\\View\\ViewServiceProvider->Illuminate\\View\\{closure}(Object(Illuminate\\Foundation\\Application), Array)
#2 C:\\Users\\dell\\Documents\\Github\\saudiex\\vendor\\laravel\\framework\\src\\Illuminate\\Container\\Container.php(770): Illuminate\\Container\\Container->build(Object(Closure))
#3 C:\\Users\\dell\\Documents\\Github\\saudiex\\vendor\\laravel\\framework\\src\\Illuminate\\Foundation\\Application.php(881): Illuminate\\Container\\Container->resolve('blade.compiler', Array, true)
#4 C:\\Users\\dell\\Documents\\Github\\saudiex\\vendor\\laravel\\framework\\src\\Illuminate\\Container\\Container.php(706): Illuminate\\Foundation\\Application->resolve('blade.compiler', Array)
#5 C:\\Users\\dell\\Documents\\Github\\saudiex\\vendor\\laravel\\framework\\src\\Illuminate\\Foundation\\Application.php(866): Illuminate\\Container\\Container->make('blade.compiler', Array)
#6 C:\\Users\\dell\\Documents\\Github\\saudiex\\vendor\\laravel\\framework\\src\\Illuminate\\Container\\Container.php(1431): Illuminate\\Foundation\\Application->make('blade.compiler')
#7 C:\\Users\\dell\\Documents\\Github\\saudiex\\vendor\\laravel\\framework\\src\\Illuminate\\Support\\Facades\\Facade.php(222): Illuminate\\Container\\Container->offsetGet('blade.compiler')
#8 C:\\Users\\dell\\Documents\\Github\\saudiex\\vendor\\laravel\\framework\\src\\Illuminate\\Support\\Facades\\Facade.php(193): Illuminate\\Support\\Facades\\Facade::resolveFacadeInstance('blade.compiler')
#9 C:\\Users\\dell\\Documents\\Github\\saudiex\\vendor\\laravel\\framework\\src\\Illuminate\\Support\\Facades\\Facade.php(332): Illuminate\\Support\\Facades\\Facade::getFacadeRoot()
#10 C:\\Users\\dell\\Documents\\Github\\saudiex\\app\\Providers\\AppServiceProvider.php(62): Illuminate\\Support\\Facades\\Facade::__callStatic('withoutDoubleEn...', Array)
#11 C:\\Users\\dell\\Documents\\Github\\saudiex\\vendor\\laravel\\framework\\src\\Illuminate\\Foundation\\Application.php(712): App\\Providers\\AppServiceProvider->register()
#12 C:\\Users\\dell\\Documents\\Github\\saudiex\\vendor\\laravel\\framework\\src\\Illuminate\\Foundation\\ProviderRepository.php(75): Illuminate\\Foundation\\Application->register(Object(App\\Providers\\AppServiceProvider))
#13 C:\\Users\\dell\\Documents\\Github\\saudiex\\vendor\\laravel\\framework\\src\\Illuminate\\Foundation\\Application.php(689): Illuminate\\Foundation\\ProviderRepository->load(Array)
#14 C:\\Users\\dell\\Documents\\Github\\saudiex\\vendor\\laravel\\framework\\src\\Illuminate\\Foundation\\Bootstrap\\RegisterProviders.php(17): Illuminate\\Foundation\\Application->registerConfiguredProviders()
#15 C:\\Users\\dell\\Documents\\Github\\saudiex\\vendor\\laravel\\framework\\src\\Illuminate\\Foundation\\Application.php(265): Illuminate\\Foundation\\Bootstrap\\RegisterProviders->bootstrap(Object(Illuminate\\Foundation\\Application))
#16 C:\\Users\\dell\\Documents\\Github\\saudiex\\vendor\\laravel\\framework\\src\\Illuminate\\Foundation\\Console\\Kernel.php(383): Illuminate\\Foundation\\Application->bootstrapWith(Array)
#17 C:\\Users\\dell\\Documents\\Github\\saudiex\\vendor\\laravel\\framework\\src\\Illuminate\\Foundation\\Console\\Kernel.php(153): Illuminate\\Foundation\\Console\\Kernel->bootstrap()
#18 Command line code(1): Illuminate\\Foundation\\Console\\Kernel->handle(Object(Symfony\\Component\\Console\\Input\\ArgvInput), Object(Symfony\\Component\\Console\\Output\\ConsoleOutput))
#19 {main}
"} 
[2025-10-24 11:56:49] local.ERROR: Please provide a valid cache path. {"exception":"[object] (InvalidArgumentException(code: 0): Please provide a valid cache path. at C:\\Users\\dell\\Documents\\Github\\saudiex\\vendor\\laravel\\framework\\src\\Illuminate\\View\\Compilers\\Compiler.php:66)
[stacktrace]
#0 C:\\Users\\dell\\Documents\\Github\\saudiex\\vendor\\laravel\\framework\\src\\Illuminate\\View\\ViewServiceProvider.php(96): Illuminate\\View\\Compilers\\Compiler->__construct(Object(Illuminate\\Filesystem\\Filesystem), false, '', true, 'php')
#1 C:\\Users\\dell\\Documents\\Github\\saudiex\\vendor\\laravel\\framework\\src\\Illuminate\\Container\\Container.php(885): Illuminate\\View\\ViewServiceProvider->Illuminate\\View\\{closure}(Object(Illuminate\\Foundation\\Application), Array)
#2 C:\\Users\\dell\\Documents\\Github\\saudiex\\vendor\\laravel\\framework\\src\\Illuminate\\Container\\Container.php(770): Illuminate\\Container\\Container->build(Object(Closure))
#3 C:\\Users\\dell\\Documents\\Github\\saudiex\\vendor\\laravel\\framework\\src\\Illuminate\\Foundation\\Application.php(881): Illuminate\\Container\\Container->resolve('blade.compiler', Array, true)
#4 C:\\Users\\dell\\Documents\\Github\\saudiex\\vendor\\laravel\\framework\\src\\Illuminate\\Container\\Container.php(706): Illuminate\\Foundation\\Application->resolve('blade.compiler', Array)
#5 C:\\Users\\dell\\Documents\\Github\\saudiex\\vendor\\laravel\\framework\\src\\Illuminate\\Foundation\\Application.php(866): Illuminate\\Container\\Container->make('blade.compiler', Array)
#6 C:\\Users\\dell\\Documents\\Github\\saudiex\\vendor\\laravel\\framework\\src\\Illuminate\\Container\\Container.php(1431): Illuminate\\Foundation\\Application->make('blade.compiler')
#7 C:\\Users\\dell\\Documents\\Github\\saudiex\\vendor\\laravel\\framework\\src\\Illuminate\\Support\\Facades\\Facade.php(222): Illuminate\\Container\\Container->offsetGet('blade.compiler')
#8 C:\\Users\\dell\\Documents\\Github\\saudiex\\vendor\\laravel\\framework\\src\\Illuminate\\Support\\Facades\\Facade.php(193): Illuminate\\Support\\Facades\\Facade::resolveFacadeInstance('blade.compiler')
#9 C:\\Users\\dell\\Documents\\Github\\saudiex\\vendor\\laravel\\framework\\src\\Illuminate\\Support\\Facades\\Facade.php(332): Illuminate\\Support\\Facades\\Facade::getFacadeRoot()
#10 C:\\Users\\dell\\Documents\\Github\\saudiex\\app\\Providers\\AppServiceProvider.php(62): Illuminate\\Support\\Facades\\Facade::__callStatic('withoutDoubleEn...', Array)
#11 C:\\Users\\dell\\Documents\\Github\\saudiex\\vendor\\laravel\\framework\\src\\Illuminate\\Foundation\\Application.php(712): App\\Providers\\AppServiceProvider->register()
#12 C:\\Users\\dell\\Documents\\Github\\saudiex\\vendor\\laravel\\framework\\src\\Illuminate\\Foundation\\ProviderRepository.php(75): Illuminate\\Foundation\\Application->register(Object(App\\Providers\\AppServiceProvider))
#13 C:\\Users\\dell\\Documents\\Github\\saudiex\\vendor\\laravel\\framework\\src\\Illuminate\\Foundation\\Application.php(689): Illuminate\\Foundation\\ProviderRepository->load(Array)
#14 C:\\Users\\dell\\Documents\\Github\\saudiex\\vendor\\laravel\\framework\\src\\Illuminate\\Foundation\\Bootstrap\\RegisterProviders.php(17): Illuminate\\Foundation\\Application->registerConfiguredProviders()
#15 C:\\Users\\dell\\Documents\\Github\\saudiex\\vendor\\laravel\\framework\\src\\Illuminate\\Foundation\\Application.php(265): Illuminate\\Foundation\\Bootstrap\\RegisterProviders->bootstrap(Object(Illuminate\\Foundation\\Application))
#16 C:\\Users\\dell\\Documents\\Github\\saudiex\\vendor\\laravel\\framework\\src\\Illuminate\\Foundation\\Console\\Kernel.php(383): Illuminate\\Foundation\\Application->bootstrapWith(Array)
#17 C:\\Users\\dell\\Documents\\Github\\saudiex\\vendor\\laravel\\framework\\src\\Illuminate\\Foundation\\Console\\Kernel.php(153): Illuminate\\Foundation\\Console\\Kernel->bootstrap()
#18 Command line code(1): Illuminate\\Foundation\\Console\\Kernel->handle(Object(Symfony\\Component\\Console\\Input\\ArgvInput), Object(Symfony\\Component\\Console\\Output\\ConsoleOutput))
#19 {main}
"} 
[2025-10-24 11:56:49] local.ERROR: Please provide a valid cache path. {"exception":"[object] (InvalidArgumentException(code: 0): Please provide a valid cache path. at C:\\Users\\dell\\Documents\\Github\\saudiex\\vendor\\laravel\\framework\\src\\Illuminate\\View\\Compilers\\Compiler.php:66)
[stacktrace]
#0 C:\\Users\\dell\\Documents\\Github\\saudiex\\vendor\\laravel\\framework\\src\\Illuminate\\View\\ViewServiceProvider.php(96): Illuminate\\View\\Compilers\\Compiler->__construct(Object(Illuminate\\Filesystem\\Filesystem), false, '', true, 'php')
#1 C:\\Users\\dell\\Documents\\Github\\saudiex\\vendor\\laravel\\framework\\src\\Illuminate\\Container\\Container.php(885): Illuminate\\View\\ViewServiceProvider->Illuminate\\View\\{closure}(Object(Illuminate\\Foundation\\Application), Array)
#2 C:\\Users\\dell\\Documents\\Github\\saudiex\\vendor\\laravel\\framework\\src\\Illuminate\\Container\\Container.php(770): Illuminate\\Container\\Container->build(Object(Closure))
#3 C:\\Users\\dell\\Documents\\Github\\saudiex\\vendor\\laravel\\framework\\src\\Illuminate\\Foundation\\Application.php(881): Illuminate\\Container\\Container->resolve('blade.compiler', Array, true)
#4 C:\\Users\\dell\\Documents\\Github\\saudiex\\vendor\\laravel\\framework\\src\\Illuminate\\Container\\Container.php(706): Illuminate\\Foundation\\Application->resolve('blade.compiler', Array)
#5 C:\\Users\\dell\\Documents\\Github\\saudiex\\vendor\\laravel\\framework\\src\\Illuminate\\Foundation\\Application.php(866): Illuminate\\Container\\Container->make('blade.compiler', Array)
#6 C:\\Users\\dell\\Documents\\Github\\saudiex\\vendor\\laravel\\framework\\src\\Illuminate\\Container\\Container.php(1431): Illuminate\\Foundation\\Application->make('blade.compiler')
#7 C:\\Users\\dell\\Documents\\Github\\saudiex\\vendor\\laravel\\framework\\src\\Illuminate\\Support\\Facades\\Facade.php(222): Illuminate\\Container\\Container->offsetGet('blade.compiler')
#8 C:\\Users\\dell\\Documents\\Github\\saudiex\\vendor\\laravel\\framework\\src\\Illuminate\\Support\\Facades\\Facade.php(193): Illuminate\\Support\\Facades\\Facade::resolveFacadeInstance('blade.compiler')
#9 C:\\Users\\dell\\Documents\\Github\\saudiex\\vendor\\laravel\\framework\\src\\Illuminate\\Support\\Facades\\Facade.php(332): Illuminate\\Support\\Facades\\Facade::getFacadeRoot()
#10 C:\\Users\\dell\\Documents\\Github\\saudiex\\app\\Providers\\AppServiceProvider.php(62): Illuminate\\Support\\Facades\\Facade::__callStatic('withoutDoubleEn...', Array)
#11 C:\\Users\\dell\\Documents\\Github\\saudiex\\vendor\\laravel\\framework\\src\\Illuminate\\Foundation\\Application.php(712): App\\Providers\\AppServiceProvider->register()
#12 C:\\Users\\dell\\Documents\\Github\\saudiex\\vendor\\laravel\\framework\\src\\Illuminate\\Foundation\\ProviderRepository.php(75): Illuminate\\Foundation\\Application->register(Object(App\\Providers\\AppServiceProvider))
#13 C:\\Users\\dell\\Documents\\Github\\saudiex\\vendor\\laravel\\framework\\src\\Illuminate\\Foundation\\Application.php(689): Illuminate\\Foundation\\ProviderRepository->load(Array)
#14 C:\\Users\\dell\\Documents\\Github\\saudiex\\vendor\\laravel\\framework\\src\\Illuminate\\Foundation\\Bootstrap\\RegisterProviders.php(17): Illuminate\\Foundation\\Application->registerConfiguredProviders()
#15 C:\\Users\\dell\\Documents\\Github\\saudiex\\vendor\\laravel\\framework\\src\\Illuminate\\Foundation\\Application.php(265): Illuminate\\Foundation\\Bootstrap\\RegisterProviders->bootstrap(Object(Illuminate\\Foundation\\Application))
#16 C:\\Users\\dell\\Documents\\Github\\saudiex\\vendor\\laravel\\framework\\src\\Illuminate\\Foundation\\Console\\Kernel.php(383): Illuminate\\Foundation\\Application->bootstrapWith(Array)
#17 C:\\Users\\dell\\Documents\\Github\\saudiex\\vendor\\laravel\\framework\\src\\Illuminate\\Foundation\\Console\\Kernel.php(153): Illuminate\\Foundation\\Console\\Kernel->bootstrap()
#18 Command line code(1): Illuminate\\Foundation\\Console\\Kernel->handle(Object(Symfony\\Component\\Console\\Input\\ArgvInput), Object(Symfony\\Component\\Console\\Output\\ConsoleOutput))
#19 {main}
"} 
[2025-10-24 11:57:48] local.ERROR: Please provide a valid cache path. {"exception":"[object] (InvalidArgumentException(code: 0): Please provide a valid cache path. at C:\\Users\\dell\\Documents\\Github\\saudiex\\vendor\\laravel\\framework\\src\\Illuminate\\View\\Compilers\\Compiler.php:66)
[stacktrace]
#0 C:\\Users\\dell\\Documents\\Github\\saudiex\\vendor\\laravel\\framework\\src\\Illuminate\\View\\ViewServiceProvider.php(96): Illuminate\\View\\Compilers\\Compiler->__construct(Object(Illuminate\\Filesystem\\Filesystem), false, '', true, 'php')
#1 C:\\Users\\dell\\Documents\\Github\\saudiex\\vendor\\laravel\\framework\\src\\Illuminate\\Container\\Container.php(885): Illuminate\\View\\ViewServiceProvider->Illuminate\\View\\{closure}(Object(Illuminate\\Foundation\\Application), Array)
#2 C:\\Users\\dell\\Documents\\Github\\saudiex\\vendor\\laravel\\framework\\src\\Illuminate\\Container\\Container.php(770): Illuminate\\Container\\Container->build(Object(Closure))
#3 C:\\Users\\dell\\Documents\\Github\\saudiex\\vendor\\laravel\\framework\\src\\Illuminate\\Foundation\\Application.php(881): Illuminate\\Container\\Container->resolve('blade.compiler', Array, true)
#4 C:\\Users\\dell\\Documents\\Github\\saudiex\\vendor\\laravel\\framework\\src\\Illuminate\\Container\\Container.php(706): Illuminate\\Foundation\\Application->resolve('blade.compiler', Array)
#5 C:\\Users\\dell\\Documents\\Github\\saudiex\\vendor\\laravel\\framework\\src\\Illuminate\\Foundation\\Application.php(866): Illuminate\\Container\\Container->make('blade.compiler', Array)
#6 C:\\Users\\dell\\Documents\\Github\\saudiex\\vendor\\laravel\\framework\\src\\Illuminate\\Container\\Container.php(1431): Illuminate\\Foundation\\Application->make('blade.compiler')
#7 C:\\Users\\dell\\Documents\\Github\\saudiex\\vendor\\laravel\\framework\\src\\Illuminate\\Support\\Facades\\Facade.php(222): Illuminate\\Container\\Container->offsetGet('blade.compiler')
#8 C:\\Users\\dell\\Documents\\Github\\saudiex\\vendor\\laravel\\framework\\src\\Illuminate\\Support\\Facades\\Facade.php(193): Illuminate\\Support\\Facades\\Facade::resolveFacadeInstance('blade.compiler')
#9 C:\\Users\\dell\\Documents\\Github\\saudiex\\vendor\\laravel\\framework\\src\\Illuminate\\Support\\Facades\\Facade.php(332): Illuminate\\Support\\Facades\\Facade::getFacadeRoot()
#10 C:\\Users\\dell\\Documents\\Github\\saudiex\\app\\Providers\\AppServiceProvider.php(62): Illuminate\\Support\\Facades\\Facade::__callStatic('withoutDoubleEn...', Array)
#11 C:\\Users\\dell\\Documents\\Github\\saudiex\\vendor\\laravel\\framework\\src\\Illuminate\\Foundation\\Application.php(712): App\\Providers\\AppServiceProvider->register()
#12 C:\\Users\\dell\\Documents\\Github\\saudiex\\vendor\\laravel\\framework\\src\\Illuminate\\Foundation\\ProviderRepository.php(75): Illuminate\\Foundation\\Application->register(Object(App\\Providers\\AppServiceProvider))
#13 C:\\Users\\dell\\Documents\\Github\\saudiex\\vendor\\laravel\\framework\\src\\Illuminate\\Foundation\\Application.php(689): Illuminate\\Foundation\\ProviderRepository->load(Array)
#14 C:\\Users\\dell\\Documents\\Github\\saudiex\\vendor\\laravel\\framework\\src\\Illuminate\\Foundation\\Bootstrap\\RegisterProviders.php(17): Illuminate\\Foundation\\Application->registerConfiguredProviders()
#15 C:\\Users\\dell\\Documents\\Github\\saudiex\\vendor\\laravel\\framework\\src\\Illuminate\\Foundation\\Application.php(265): Illuminate\\Foundation\\Bootstrap\\RegisterProviders->bootstrap(Object(Illuminate\\Foundation\\Application))
#16 C:\\Users\\dell\\Documents\\Github\\saudiex\\vendor\\laravel\\framework\\src\\Illuminate\\Foundation\\Console\\Kernel.php(383): Illuminate\\Foundation\\Application->bootstrapWith(Array)
#17 C:\\Users\\dell\\Documents\\Github\\saudiex\\vendor\\laravel\\framework\\src\\Illuminate\\Foundation\\Console\\Kernel.php(153): Illuminate\\Foundation\\Console\\Kernel->bootstrap()
#18 Command line code(1): Illuminate\\Foundation\\Console\\Kernel->handle(Object(Symfony\\Component\\Console\\Input\\ArgvInput), Object(Symfony\\Component\\Console\\Output\\ConsoleOutput))
#19 {main}
"} 
[2025-10-24 11:57:48] local.ERROR: Please provide a valid cache path. {"exception":"[object] (InvalidArgumentException(code: 0): Please provide a valid cache path. at C:\\Users\\dell\\Documents\\Github\\saudiex\\vendor\\laravel\\framework\\src\\Illuminate\\View\\Compilers\\Compiler.php:66)
[stacktrace]
#0 C:\\Users\\dell\\Documents\\Github\\saudiex\\vendor\\laravel\\framework\\src\\Illuminate\\View\\ViewServiceProvider.php(96): Illuminate\\View\\Compilers\\Compiler->__construct(Object(Illuminate\\Filesystem\\Filesystem), false, '', true, 'php')
#1 C:\\Users\\dell\\Documents\\Github\\saudiex\\vendor\\laravel\\framework\\src\\Illuminate\\Container\\Container.php(885): Illuminate\\View\\ViewServiceProvider->Illuminate\\View\\{closure}(Object(Illuminate\\Foundation\\Application), Array)
#2 C:\\Users\\dell\\Documents\\Github\\saudiex\\vendor\\laravel\\framework\\src\\Illuminate\\Container\\Container.php(770): Illuminate\\Container\\Container->build(Object(Closure))
#3 C:\\Users\\dell\\Documents\\Github\\saudiex\\vendor\\laravel\\framework\\src\\Illuminate\\Foundation\\Application.php(881): Illuminate\\Container\\Container->resolve('blade.compiler', Array, true)
#4 C:\\Users\\dell\\Documents\\Github\\saudiex\\vendor\\laravel\\framework\\src\\Illuminate\\Container\\Container.php(706): Illuminate\\Foundation\\Application->resolve('blade.compiler', Array)
#5 C:\\Users\\dell\\Documents\\Github\\saudiex\\vendor\\laravel\\framework\\src\\Illuminate\\Foundation\\Application.php(866): Illuminate\\Container\\Container->make('blade.compiler', Array)
#6 C:\\Users\\dell\\Documents\\Github\\saudiex\\vendor\\laravel\\framework\\src\\Illuminate\\Container\\Container.php(1431): Illuminate\\Foundation\\Application->make('blade.compiler')
#7 C:\\Users\\dell\\Documents\\Github\\saudiex\\vendor\\laravel\\framework\\src\\Illuminate\\Support\\Facades\\Facade.php(222): Illuminate\\Container\\Container->offsetGet('blade.compiler')
#8 C:\\Users\\dell\\Documents\\Github\\saudiex\\vendor\\laravel\\framework\\src\\Illuminate\\Support\\Facades\\Facade.php(193): Illuminate\\Support\\Facades\\Facade::resolveFacadeInstance('blade.compiler')
#9 C:\\Users\\dell\\Documents\\Github\\saudiex\\vendor\\laravel\\framework\\src\\Illuminate\\Support\\Facades\\Facade.php(332): Illuminate\\Support\\Facades\\Facade::getFacadeRoot()
#10 C:\\Users\\dell\\Documents\\Github\\saudiex\\app\\Providers\\AppServiceProvider.php(62): Illuminate\\Support\\Facades\\Facade::__callStatic('withoutDoubleEn...', Array)
#11 C:\\Users\\dell\\Documents\\Github\\saudiex\\vendor\\laravel\\framework\\src\\Illuminate\\Foundation\\Application.php(712): App\\Providers\\AppServiceProvider->register()
#12 C:\\Users\\dell\\Documents\\Github\\saudiex\\vendor\\laravel\\framework\\src\\Illuminate\\Foundation\\ProviderRepository.php(75): Illuminate\\Foundation\\Application->register(Object(App\\Providers\\AppServiceProvider))
#13 C:\\Users\\dell\\Documents\\Github\\saudiex\\vendor\\laravel\\framework\\src\\Illuminate\\Foundation\\Application.php(689): Illuminate\\Foundation\\ProviderRepository->load(Array)
#14 C:\\Users\\dell\\Documents\\Github\\saudiex\\vendor\\laravel\\framework\\src\\Illuminate\\Foundation\\Bootstrap\\RegisterProviders.php(17): Illuminate\\Foundation\\Application->registerConfiguredProviders()
#15 C:\\Users\\dell\\Documents\\Github\\saudiex\\vendor\\laravel\\framework\\src\\Illuminate\\Foundation\\Application.php(265): Illuminate\\Foundation\\Bootstrap\\RegisterProviders->bootstrap(Object(Illuminate\\Foundation\\Application))
#16 C:\\Users\\dell\\Documents\\Github\\saudiex\\vendor\\laravel\\framework\\src\\Illuminate\\Foundation\\Console\\Kernel.php(383): Illuminate\\Foundation\\Application->bootstrapWith(Array)
#17 C:\\Users\\dell\\Documents\\Github\\saudiex\\vendor\\laravel\\framework\\src\\Illuminate\\Foundation\\Console\\Kernel.php(153): Illuminate\\Foundation\\Console\\Kernel->bootstrap()
#18 Command line code(1): Illuminate\\Foundation\\Console\\Kernel->handle(Object(Symfony\\Component\\Console\\Input\\ArgvInput), Object(Symfony\\Component\\Console\\Output\\ConsoleOutput))
#19 {main}
"} 
[2025-10-24 11:58:19] local.ERROR: Please provide a valid cache path. {"exception":"[object] (InvalidArgumentException(code: 0): Please provide a valid cache path. at C:\\Users\\dell\\Documents\\Github\\saudiex\\vendor\\laravel\\framework\\src\\Illuminate\\View\\Compilers\\Compiler.php:66)
[stacktrace]
#0 C:\\Users\\dell\\Documents\\Github\\saudiex\\vendor\\laravel\\framework\\src\\Illuminate\\View\\ViewServiceProvider.php(96): Illuminate\\View\\Compilers\\Compiler->__construct(Object(Illuminate\\Filesystem\\Filesystem), false, '', true, 'php')
#1 C:\\Users\\dell\\Documents\\Github\\saudiex\\vendor\\laravel\\framework\\src\\Illuminate\\Container\\Container.php(885): Illuminate\\View\\ViewServiceProvider->Illuminate\\View\\{closure}(Object(Illuminate\\Foundation\\Application), Array)
#2 C:\\Users\\dell\\Documents\\Github\\saudiex\\vendor\\laravel\\framework\\src\\Illuminate\\Container\\Container.php(770): Illuminate\\Container\\Container->build(Object(Closure))
#3 C:\\Users\\dell\\Documents\\Github\\saudiex\\vendor\\laravel\\framework\\src\\Illuminate\\Foundation\\Application.php(881): Illuminate\\Container\\Container->resolve('blade.compiler', Array, true)
#4 C:\\Users\\dell\\Documents\\Github\\saudiex\\vendor\\laravel\\framework\\src\\Illuminate\\Container\\Container.php(706): Illuminate\\Foundation\\Application->resolve('blade.compiler', Array)
#5 C:\\Users\\dell\\Documents\\Github\\saudiex\\vendor\\laravel\\framework\\src\\Illuminate\\Foundation\\Application.php(866): Illuminate\\Container\\Container->make('blade.compiler', Array)
#6 C:\\Users\\dell\\Documents\\Github\\saudiex\\vendor\\laravel\\framework\\src\\Illuminate\\Container\\Container.php(1431): Illuminate\\Foundation\\Application->make('blade.compiler')
#7 C:\\Users\\dell\\Documents\\Github\\saudiex\\vendor\\laravel\\framework\\src\\Illuminate\\Support\\Facades\\Facade.php(222): Illuminate\\Container\\Container->offsetGet('blade.compiler')
#8 C:\\Users\\dell\\Documents\\Github\\saudiex\\vendor\\laravel\\framework\\src\\Illuminate\\Support\\Facades\\Facade.php(193): Illuminate\\Support\\Facades\\Facade::resolveFacadeInstance('blade.compiler')
#9 C:\\Users\\dell\\Documents\\Github\\saudiex\\vendor\\laravel\\framework\\src\\Illuminate\\Support\\Facades\\Facade.php(332): Illuminate\\Support\\Facades\\Facade::getFacadeRoot()
#10 C:\\Users\\dell\\Documents\\Github\\saudiex\\app\\Providers\\AppServiceProvider.php(62): Illuminate\\Support\\Facades\\Facade::__callStatic('withoutDoubleEn...', Array)
#11 C:\\Users\\dell\\Documents\\Github\\saudiex\\vendor\\laravel\\framework\\src\\Illuminate\\Foundation\\Application.php(712): App\\Providers\\AppServiceProvider->register()
#12 C:\\Users\\dell\\Documents\\Github\\saudiex\\vendor\\laravel\\framework\\src\\Illuminate\\Foundation\\ProviderRepository.php(75): Illuminate\\Foundation\\Application->register(Object(App\\Providers\\AppServiceProvider))
#13 C:\\Users\\dell\\Documents\\Github\\saudiex\\vendor\\laravel\\framework\\src\\Illuminate\\Foundation\\Application.php(689): Illuminate\\Foundation\\ProviderRepository->load(Array)
#14 C:\\Users\\dell\\Documents\\Github\\saudiex\\vendor\\laravel\\framework\\src\\Illuminate\\Foundation\\Bootstrap\\RegisterProviders.php(17): Illuminate\\Foundation\\Application->registerConfiguredProviders()
#15 C:\\Users\\dell\\Documents\\Github\\saudiex\\vendor\\laravel\\framework\\src\\Illuminate\\Foundation\\Application.php(265): Illuminate\\Foundation\\Bootstrap\\RegisterProviders->bootstrap(Object(Illuminate\\Foundation\\Application))
#16 C:\\Users\\dell\\Documents\\Github\\saudiex\\vendor\\laravel\\framework\\src\\Illuminate\\Foundation\\Console\\Kernel.php(383): Illuminate\\Foundation\\Application->bootstrapWith(Array)
#17 C:\\Users\\dell\\Documents\\Github\\saudiex\\vendor\\laravel\\framework\\src\\Illuminate\\Foundation\\Console\\Kernel.php(153): Illuminate\\Foundation\\Console\\Kernel->bootstrap()
#18 Command line code(1): Illuminate\\Foundation\\Console\\Kernel->handle(Object(Symfony\\Component\\Console\\Input\\ArgvInput), Object(Symfony\\Component\\Console\\Output\\ConsoleOutput))
#19 {main}
"} 
[2025-10-24 11:58:48] local.ERROR: Please provide a valid cache path. {"exception":"[object] (InvalidArgumentException(code: 0): Please provide a valid cache path. at C:\\Users\\dell\\Documents\\Github\\saudiex\\vendor\\laravel\\framework\\src\\Illuminate\\View\\Compilers\\Compiler.php:66)
[stacktrace]
#0 C:\\Users\\dell\\Documents\\Github\\saudiex\\vendor\\laravel\\framework\\src\\Illuminate\\View\\ViewServiceProvider.php(96): Illuminate\\View\\Compilers\\Compiler->__construct(Object(Illuminate\\Filesystem\\Filesystem), false, '', true, 'php')
#1 C:\\Users\\dell\\Documents\\Github\\saudiex\\vendor\\laravel\\framework\\src\\Illuminate\\Container\\Container.php(885): Illuminate\\View\\ViewServiceProvider->Illuminate\\View\\{closure}(Object(Illuminate\\Foundation\\Application), Array)
#2 C:\\Users\\dell\\Documents\\Github\\saudiex\\vendor\\laravel\\framework\\src\\Illuminate\\Container\\Container.php(770): Illuminate\\Container\\Container->build(Object(Closure))
#3 C:\\Users\\dell\\Documents\\Github\\saudiex\\vendor\\laravel\\framework\\src\\Illuminate\\Foundation\\Application.php(881): Illuminate\\Container\\Container->resolve('blade.compiler', Array, true)
#4 C:\\Users\\dell\\Documents\\Github\\saudiex\\vendor\\laravel\\framework\\src\\Illuminate\\Container\\Container.php(706): Illuminate\\Foundation\\Application->resolve('blade.compiler', Array)
#5 C:\\Users\\dell\\Documents\\Github\\saudiex\\vendor\\laravel\\framework\\src\\Illuminate\\Foundation\\Application.php(866): Illuminate\\Container\\Container->make('blade.compiler', Array)
#6 C:\\Users\\dell\\Documents\\Github\\saudiex\\vendor\\laravel\\framework\\src\\Illuminate\\Container\\Container.php(1431): Illuminate\\Foundation\\Application->make('blade.compiler')
#7 C:\\Users\\dell\\Documents\\Github\\saudiex\\vendor\\laravel\\framework\\src\\Illuminate\\Support\\Facades\\Facade.php(222): Illuminate\\Container\\Container->offsetGet('blade.compiler')
#8 C:\\Users\\dell\\Documents\\Github\\saudiex\\vendor\\laravel\\framework\\src\\Illuminate\\Support\\Facades\\Facade.php(193): Illuminate\\Support\\Facades\\Facade::resolveFacadeInstance('blade.compiler')
#9 C:\\Users\\dell\\Documents\\Github\\saudiex\\vendor\\laravel\\framework\\src\\Illuminate\\Support\\Facades\\Facade.php(332): Illuminate\\Support\\Facades\\Facade::getFacadeRoot()
#10 C:\\Users\\dell\\Documents\\Github\\saudiex\\app\\Providers\\AppServiceProvider.php(62): Illuminate\\Support\\Facades\\Facade::__callStatic('withoutDoubleEn...', Array)
#11 C:\\Users\\dell\\Documents\\Github\\saudiex\\vendor\\laravel\\framework\\src\\Illuminate\\Foundation\\Application.php(712): App\\Providers\\AppServiceProvider->register()
#12 C:\\Users\\dell\\Documents\\Github\\saudiex\\vendor\\laravel\\framework\\src\\Illuminate\\Foundation\\ProviderRepository.php(75): Illuminate\\Foundation\\Application->register(Object(App\\Providers\\AppServiceProvider))
#13 C:\\Users\\dell\\Documents\\Github\\saudiex\\vendor\\laravel\\framework\\src\\Illuminate\\Foundation\\Application.php(689): Illuminate\\Foundation\\ProviderRepository->load(Array)
#14 C:\\Users\\dell\\Documents\\Github\\saudiex\\vendor\\laravel\\framework\\src\\Illuminate\\Foundation\\Bootstrap\\RegisterProviders.php(17): Illuminate\\Foundation\\Application->registerConfiguredProviders()
#15 C:\\Users\\dell\\Documents\\Github\\saudiex\\vendor\\laravel\\framework\\src\\Illuminate\\Foundation\\Application.php(265): Illuminate\\Foundation\\Bootstrap\\RegisterProviders->bootstrap(Object(Illuminate\\Foundation\\Application))
#16 C:\\Users\\dell\\Documents\\Github\\saudiex\\vendor\\laravel\\framework\\src\\Illuminate\\Foundation\\Console\\Kernel.php(383): Illuminate\\Foundation\\Application->bootstrapWith(Array)
#17 C:\\Users\\dell\\Documents\\Github\\saudiex\\vendor\\laravel\\framework\\src\\Illuminate\\Foundation\\Console\\Kernel.php(153): Illuminate\\Foundation\\Console\\Kernel->bootstrap()
#18 Command line code(1): Illuminate\\Foundation\\Console\\Kernel->handle(Object(Symfony\\Component\\Console\\Input\\ArgvInput), Object(Symfony\\Component\\Console\\Output\\ConsoleOutput))
#19 {main}
"} 
[2025-10-24 11:58:48] local.ERROR: Please provide a valid cache path. {"exception":"[object] (InvalidArgumentException(code: 0): Please provide a valid cache path. at C:\\Users\\dell\\Documents\\Github\\saudiex\\vendor\\laravel\\framework\\src\\Illuminate\\View\\Compilers\\Compiler.php:66)
[stacktrace]
#0 C:\\Users\\dell\\Documents\\Github\\saudiex\\vendor\\laravel\\framework\\src\\Illuminate\\View\\ViewServiceProvider.php(96): Illuminate\\View\\Compilers\\Compiler->__construct(Object(Illuminate\\Filesystem\\Filesystem), false, '', true, 'php')
#1 C:\\Users\\dell\\Documents\\Github\\saudiex\\vendor\\laravel\\framework\\src\\Illuminate\\Container\\Container.php(885): Illuminate\\View\\ViewServiceProvider->Illuminate\\View\\{closure}(Object(Illuminate\\Foundation\\Application), Array)
#2 C:\\Users\\dell\\Documents\\Github\\saudiex\\vendor\\laravel\\framework\\src\\Illuminate\\Container\\Container.php(770): Illuminate\\Container\\Container->build(Object(Closure))
#3 C:\\Users\\dell\\Documents\\Github\\saudiex\\vendor\\laravel\\framework\\src\\Illuminate\\Foundation\\Application.php(881): Illuminate\\Container\\Container->resolve('blade.compiler', Array, true)
#4 C:\\Users\\dell\\Documents\\Github\\saudiex\\vendor\\laravel\\framework\\src\\Illuminate\\Container\\Container.php(706): Illuminate\\Foundation\\Application->resolve('blade.compiler', Array)
#5 C:\\Users\\dell\\Documents\\Github\\saudiex\\vendor\\laravel\\framework\\src\\Illuminate\\Foundation\\Application.php(866): Illuminate\\Container\\Container->make('blade.compiler', Array)
#6 C:\\Users\\dell\\Documents\\Github\\saudiex\\vendor\\laravel\\framework\\src\\Illuminate\\Container\\Container.php(1431): Illuminate\\Foundation\\Application->make('blade.compiler')
#7 C:\\Users\\dell\\Documents\\Github\\saudiex\\vendor\\laravel\\framework\\src\\Illuminate\\Support\\Facades\\Facade.php(222): Illuminate\\Container\\Container->offsetGet('blade.compiler')
#8 C:\\Users\\dell\\Documents\\Github\\saudiex\\vendor\\laravel\\framework\\src\\Illuminate\\Support\\Facades\\Facade.php(193): Illuminate\\Support\\Facades\\Facade::resolveFacadeInstance('blade.compiler')
#9 C:\\Users\\dell\\Documents\\Github\\saudiex\\vendor\\laravel\\framework\\src\\Illuminate\\Support\\Facades\\Facade.php(332): Illuminate\\Support\\Facades\\Facade::getFacadeRoot()
#10 C:\\Users\\dell\\Documents\\Github\\saudiex\\app\\Providers\\AppServiceProvider.php(62): Illuminate\\Support\\Facades\\Facade::__callStatic('withoutDoubleEn...', Array)
#11 C:\\Users\\dell\\Documents\\Github\\saudiex\\vendor\\laravel\\framework\\src\\Illuminate\\Foundation\\Application.php(712): App\\Providers\\AppServiceProvider->register()
#12 C:\\Users\\dell\\Documents\\Github\\saudiex\\vendor\\laravel\\framework\\src\\Illuminate\\Foundation\\ProviderRepository.php(75): Illuminate\\Foundation\\Application->register(Object(App\\Providers\\AppServiceProvider))
#13 C:\\Users\\dell\\Documents\\Github\\saudiex\\vendor\\laravel\\framework\\src\\Illuminate\\Foundation\\Application.php(689): Illuminate\\Foundation\\ProviderRepository->load(Array)
#14 C:\\Users\\dell\\Documents\\Github\\saudiex\\vendor\\laravel\\framework\\src\\Illuminate\\Foundation\\Bootstrap\\RegisterProviders.php(17): Illuminate\\Foundation\\Application->registerConfiguredProviders()
#15 C:\\Users\\dell\\Documents\\Github\\saudiex\\vendor\\laravel\\framework\\src\\Illuminate\\Foundation\\Application.php(265): Illuminate\\Foundation\\Bootstrap\\RegisterProviders->bootstrap(Object(Illuminate\\Foundation\\Application))
#16 C:\\Users\\dell\\Documents\\Github\\saudiex\\vendor\\laravel\\framework\\src\\Illuminate\\Foundation\\Console\\Kernel.php(383): Illuminate\\Foundation\\Application->bootstrapWith(Array)
#17 C:\\Users\\dell\\Documents\\Github\\saudiex\\vendor\\laravel\\framework\\src\\Illuminate\\Foundation\\Console\\Kernel.php(153): Illuminate\\Foundation\\Console\\Kernel->bootstrap()
#18 Command line code(1): Illuminate\\Foundation\\Console\\Kernel->handle(Object(Symfony\\Component\\Console\\Input\\ArgvInput), Object(Symfony\\Component\\Console\\Output\\ConsoleOutput))
#19 {main}
"} 
[2025-10-24 11:59:48] local.ERROR: Please provide a valid cache path. {"exception":"[object] (InvalidArgumentException(code: 0): Please provide a valid cache path. at C:\\Users\\dell\\Documents\\Github\\saudiex\\vendor\\laravel\\framework\\src\\Illuminate\\View\\Compilers\\Compiler.php:66)
[stacktrace]
#0 C:\\Users\\dell\\Documents\\Github\\saudiex\\vendor\\laravel\\framework\\src\\Illuminate\\View\\ViewServiceProvider.php(96): Illuminate\\View\\Compilers\\Compiler->__construct(Object(Illuminate\\Filesystem\\Filesystem), false, '', true, 'php')
#1 C:\\Users\\dell\\Documents\\Github\\saudiex\\vendor\\laravel\\framework\\src\\Illuminate\\Container\\Container.php(885): Illuminate\\View\\ViewServiceProvider->Illuminate\\View\\{closure}(Object(Illuminate\\Foundation\\Application), Array)
#2 C:\\Users\\dell\\Documents\\Github\\saudiex\\vendor\\laravel\\framework\\src\\Illuminate\\Container\\Container.php(770): Illuminate\\Container\\Container->build(Object(Closure))
#3 C:\\Users\\dell\\Documents\\Github\\saudiex\\vendor\\laravel\\framework\\src\\Illuminate\\Foundation\\Application.php(881): Illuminate\\Container\\Container->resolve('blade.compiler', Array, true)
#4 C:\\Users\\dell\\Documents\\Github\\saudiex\\vendor\\laravel\\framework\\src\\Illuminate\\Container\\Container.php(706): Illuminate\\Foundation\\Application->resolve('blade.compiler', Array)
#5 C:\\Users\\dell\\Documents\\Github\\saudiex\\vendor\\laravel\\framework\\src\\Illuminate\\Foundation\\Application.php(866): Illuminate\\Container\\Container->make('blade.compiler', Array)
#6 C:\\Users\\dell\\Documents\\Github\\saudiex\\vendor\\laravel\\framework\\src\\Illuminate\\Container\\Container.php(1431): Illuminate\\Foundation\\Application->make('blade.compiler')
#7 C:\\Users\\dell\\Documents\\Github\\saudiex\\vendor\\laravel\\framework\\src\\Illuminate\\Support\\Facades\\Facade.php(222): Illuminate\\Container\\Container->offsetGet('blade.compiler')
#8 C:\\Users\\dell\\Documents\\Github\\saudiex\\vendor\\laravel\\framework\\src\\Illuminate\\Support\\Facades\\Facade.php(193): Illuminate\\Support\\Facades\\Facade::resolveFacadeInstance('blade.compiler')
#9 C:\\Users\\dell\\Documents\\Github\\saudiex\\vendor\\laravel\\framework\\src\\Illuminate\\Support\\Facades\\Facade.php(332): Illuminate\\Support\\Facades\\Facade::getFacadeRoot()
#10 C:\\Users\\dell\\Documents\\Github\\saudiex\\app\\Providers\\AppServiceProvider.php(62): Illuminate\\Support\\Facades\\Facade::__callStatic('withoutDoubleEn...', Array)
#11 C:\\Users\\dell\\Documents\\Github\\saudiex\\vendor\\laravel\\framework\\src\\Illuminate\\Foundation\\Application.php(712): App\\Providers\\AppServiceProvider->register()
#12 C:\\Users\\dell\\Documents\\Github\\saudiex\\vendor\\laravel\\framework\\src\\Illuminate\\Foundation\\ProviderRepository.php(75): Illuminate\\Foundation\\Application->register(Object(App\\Providers\\AppServiceProvider))
#13 C:\\Users\\dell\\Documents\\Github\\saudiex\\vendor\\laravel\\framework\\src\\Illuminate\\Foundation\\Application.php(689): Illuminate\\Foundation\\ProviderRepository->load(Array)
#14 C:\\Users\\dell\\Documents\\Github\\saudiex\\vendor\\laravel\\framework\\src\\Illuminate\\Foundation\\Bootstrap\\RegisterProviders.php(17): Illuminate\\Foundation\\Application->registerConfiguredProviders()
#15 C:\\Users\\dell\\Documents\\Github\\saudiex\\vendor\\laravel\\framework\\src\\Illuminate\\Foundation\\Application.php(265): Illuminate\\Foundation\\Bootstrap\\RegisterProviders->bootstrap(Object(Illuminate\\Foundation\\Application))
#16 C:\\Users\\dell\\Documents\\Github\\saudiex\\vendor\\laravel\\framework\\src\\Illuminate\\Foundation\\Console\\Kernel.php(383): Illuminate\\Foundation\\Application->bootstrapWith(Array)
#17 C:\\Users\\dell\\Documents\\Github\\saudiex\\vendor\\laravel\\framework\\src\\Illuminate\\Foundation\\Console\\Kernel.php(153): Illuminate\\Foundation\\Console\\Kernel->bootstrap()
#18 Command line code(1): Illuminate\\Foundation\\Console\\Kernel->handle(Object(Symfony\\Component\\Console\\Input\\ArgvInput), Object(Symfony\\Component\\Console\\Output\\ConsoleOutput))
#19 {main}
"} 
[2025-10-24 11:59:48] local.ERROR: Please provide a valid cache path. {"exception":"[object] (InvalidArgumentException(code: 0): Please provide a valid cache path. at C:\\Users\\dell\\Documents\\Github\\saudiex\\vendor\\laravel\\framework\\src\\Illuminate\\View\\Compilers\\Compiler.php:66)
[stacktrace]
#0 C:\\Users\\dell\\Documents\\Github\\saudiex\\vendor\\laravel\\framework\\src\\Illuminate\\View\\ViewServiceProvider.php(96): Illuminate\\View\\Compilers\\Compiler->__construct(Object(Illuminate\\Filesystem\\Filesystem), false, '', true, 'php')
#1 C:\\Users\\dell\\Documents\\Github\\saudiex\\vendor\\laravel\\framework\\src\\Illuminate\\Container\\Container.php(885): Illuminate\\View\\ViewServiceProvider->Illuminate\\View\\{closure}(Object(Illuminate\\Foundation\\Application), Array)
#2 C:\\Users\\dell\\Documents\\Github\\saudiex\\vendor\\laravel\\framework\\src\\Illuminate\\Container\\Container.php(770): Illuminate\\Container\\Container->build(Object(Closure))
#3 C:\\Users\\dell\\Documents\\Github\\saudiex\\vendor\\laravel\\framework\\src\\Illuminate\\Foundation\\Application.php(881): Illuminate\\Container\\Container->resolve('blade.compiler', Array, true)
#4 C:\\Users\\dell\\Documents\\Github\\saudiex\\vendor\\laravel\\framework\\src\\Illuminate\\Container\\Container.php(706): Illuminate\\Foundation\\Application->resolve('blade.compiler', Array)
#5 C:\\Users\\dell\\Documents\\Github\\saudiex\\vendor\\laravel\\framework\\src\\Illuminate\\Foundation\\Application.php(866): Illuminate\\Container\\Container->make('blade.compiler', Array)
#6 C:\\Users\\dell\\Documents\\Github\\saudiex\\vendor\\laravel\\framework\\src\\Illuminate\\Container\\Container.php(1431): Illuminate\\Foundation\\Application->make('blade.compiler')
#7 C:\\Users\\dell\\Documents\\Github\\saudiex\\vendor\\laravel\\framework\\src\\Illuminate\\Support\\Facades\\Facade.php(222): Illuminate\\Container\\Container->offsetGet('blade.compiler')
#8 C:\\Users\\dell\\Documents\\Github\\saudiex\\vendor\\laravel\\framework\\src\\Illuminate\\Support\\Facades\\Facade.php(193): Illuminate\\Support\\Facades\\Facade::resolveFacadeInstance('blade.compiler')
#9 C:\\Users\\dell\\Documents\\Github\\saudiex\\vendor\\laravel\\framework\\src\\Illuminate\\Support\\Facades\\Facade.php(332): Illuminate\\Support\\Facades\\Facade::getFacadeRoot()
#10 C:\\Users\\dell\\Documents\\Github\\saudiex\\app\\Providers\\AppServiceProvider.php(62): Illuminate\\Support\\Facades\\Facade::__callStatic('withoutDoubleEn...', Array)
#11 C:\\Users\\dell\\Documents\\Github\\saudiex\\vendor\\laravel\\framework\\src\\Illuminate\\Foundation\\Application.php(712): App\\Providers\\AppServiceProvider->register()
#12 C:\\Users\\dell\\Documents\\Github\\saudiex\\vendor\\laravel\\framework\\src\\Illuminate\\Foundation\\ProviderRepository.php(75): Illuminate\\Foundation\\Application->register(Object(App\\Providers\\AppServiceProvider))
#13 C:\\Users\\dell\\Documents\\Github\\saudiex\\vendor\\laravel\\framework\\src\\Illuminate\\Foundation\\Application.php(689): Illuminate\\Foundation\\ProviderRepository->load(Array)
#14 C:\\Users\\dell\\Documents\\Github\\saudiex\\vendor\\laravel\\framework\\src\\Illuminate\\Foundation\\Bootstrap\\RegisterProviders.php(17): Illuminate\\Foundation\\Application->registerConfiguredProviders()
#15 C:\\Users\\dell\\Documents\\Github\\saudiex\\vendor\\laravel\\framework\\src\\Illuminate\\Foundation\\Application.php(265): Illuminate\\Foundation\\Bootstrap\\RegisterProviders->bootstrap(Object(Illuminate\\Foundation\\Application))
#16 C:\\Users\\dell\\Documents\\Github\\saudiex\\vendor\\laravel\\framework\\src\\Illuminate\\Foundation\\Console\\Kernel.php(383): Illuminate\\Foundation\\Application->bootstrapWith(Array)
#17 C:\\Users\\dell\\Documents\\Github\\saudiex\\vendor\\laravel\\framework\\src\\Illuminate\\Foundation\\Console\\Kernel.php(153): Illuminate\\Foundation\\Console\\Kernel->bootstrap()
#18 Command line code(1): Illuminate\\Foundation\\Console\\Kernel->handle(Object(Symfony\\Component\\Console\\Input\\ArgvInput), Object(Symfony\\Component\\Console\\Output\\ConsoleOutput))
#19 {main}
"} 
[2025-10-24 12:00:48] local.ERROR: Please provide a valid cache path. {"exception":"[object] (InvalidArgumentException(code: 0): Please provide a valid cache path. at C:\\Users\\dell\\Documents\\Github\\saudiex\\vendor\\laravel\\framework\\src\\Illuminate\\View\\Compilers\\Compiler.php:66)
[stacktrace]
#0 C:\\Users\\dell\\Documents\\Github\\saudiex\\vendor\\laravel\\framework\\src\\Illuminate\\View\\ViewServiceProvider.php(96): Illuminate\\View\\Compilers\\Compiler->__construct(Object(Illuminate\\Filesystem\\Filesystem), false, '', true, 'php')
#1 C:\\Users\\dell\\Documents\\Github\\saudiex\\vendor\\laravel\\framework\\src\\Illuminate\\Container\\Container.php(885): Illuminate\\View\\ViewServiceProvider->Illuminate\\View\\{closure}(Object(Illuminate\\Foundation\\Application), Array)
#2 C:\\Users\\dell\\Documents\\Github\\saudiex\\vendor\\laravel\\framework\\src\\Illuminate\\Container\\Container.php(770): Illuminate\\Container\\Container->build(Object(Closure))
#3 C:\\Users\\dell\\Documents\\Github\\saudiex\\vendor\\laravel\\framework\\src\\Illuminate\\Foundation\\Application.php(881): Illuminate\\Container\\Container->resolve('blade.compiler', Array, true)
#4 C:\\Users\\dell\\Documents\\Github\\saudiex\\vendor\\laravel\\framework\\src\\Illuminate\\Container\\Container.php(706): Illuminate\\Foundation\\Application->resolve('blade.compiler', Array)
#5 C:\\Users\\dell\\Documents\\Github\\saudiex\\vendor\\laravel\\framework\\src\\Illuminate\\Foundation\\Application.php(866): Illuminate\\Container\\Container->make('blade.compiler', Array)
#6 C:\\Users\\dell\\Documents\\Github\\saudiex\\vendor\\laravel\\framework\\src\\Illuminate\\Container\\Container.php(1431): Illuminate\\Foundation\\Application->make('blade.compiler')
#7 C:\\Users\\dell\\Documents\\Github\\saudiex\\vendor\\laravel\\framework\\src\\Illuminate\\Support\\Facades\\Facade.php(222): Illuminate\\Container\\Container->offsetGet('blade.compiler')
#8 C:\\Users\\dell\\Documents\\Github\\saudiex\\vendor\\laravel\\framework\\src\\Illuminate\\Support\\Facades\\Facade.php(193): Illuminate\\Support\\Facades\\Facade::resolveFacadeInstance('blade.compiler')
#9 C:\\Users\\dell\\Documents\\Github\\saudiex\\vendor\\laravel\\framework\\src\\Illuminate\\Support\\Facades\\Facade.php(332): Illuminate\\Support\\Facades\\Facade::getFacadeRoot()
#10 C:\\Users\\dell\\Documents\\Github\\saudiex\\app\\Providers\\AppServiceProvider.php(62): Illuminate\\Support\\Facades\\Facade::__callStatic('withoutDoubleEn...', Array)
#11 C:\\Users\\dell\\Documents\\Github\\saudiex\\vendor\\laravel\\framework\\src\\Illuminate\\Foundation\\Application.php(712): App\\Providers\\AppServiceProvider->register()
#12 C:\\Users\\dell\\Documents\\Github\\saudiex\\vendor\\laravel\\framework\\src\\Illuminate\\Foundation\\ProviderRepository.php(75): Illuminate\\Foundation\\Application->register(Object(App\\Providers\\AppServiceProvider))
#13 C:\\Users\\dell\\Documents\\Github\\saudiex\\vendor\\laravel\\framework\\src\\Illuminate\\Foundation\\Application.php(689): Illuminate\\Foundation\\ProviderRepository->load(Array)
#14 C:\\Users\\dell\\Documents\\Github\\saudiex\\vendor\\laravel\\framework\\src\\Illuminate\\Foundation\\Bootstrap\\RegisterProviders.php(17): Illuminate\\Foundation\\Application->registerConfiguredProviders()
#15 C:\\Users\\dell\\Documents\\Github\\saudiex\\vendor\\laravel\\framework\\src\\Illuminate\\Foundation\\Application.php(265): Illuminate\\Foundation\\Bootstrap\\RegisterProviders->bootstrap(Object(Illuminate\\Foundation\\Application))
#16 C:\\Users\\dell\\Documents\\Github\\saudiex\\vendor\\laravel\\framework\\src\\Illuminate\\Foundation\\Console\\Kernel.php(383): Illuminate\\Foundation\\Application->bootstrapWith(Array)
#17 C:\\Users\\dell\\Documents\\Github\\saudiex\\vendor\\laravel\\framework\\src\\Illuminate\\Foundation\\Console\\Kernel.php(153): Illuminate\\Foundation\\Console\\Kernel->bootstrap()
#18 Command line code(1): Illuminate\\Foundation\\Console\\Kernel->handle(Object(Symfony\\Component\\Console\\Input\\ArgvInput), Object(Symfony\\Component\\Console\\Output\\ConsoleOutput))
#19 {main}
"} 
[2025-10-24 12:00:48] local.ERROR: Please provide a valid cache path. {"exception":"[object] (InvalidArgumentException(code: 0): Please provide a valid cache path. at C:\\Users\\dell\\Documents\\Github\\saudiex\\vendor\\laravel\\framework\\src\\Illuminate\\View\\Compilers\\Compiler.php:66)
[stacktrace]
#0 C:\\Users\\dell\\Documents\\Github\\saudiex\\vendor\\laravel\\framework\\src\\Illuminate\\View\\ViewServiceProvider.php(96): Illuminate\\View\\Compilers\\Compiler->__construct(Object(Illuminate\\Filesystem\\Filesystem), false, '', true, 'php')
#1 C:\\Users\\dell\\Documents\\Github\\saudiex\\vendor\\laravel\\framework\\src\\Illuminate\\Container\\Container.php(885): Illuminate\\View\\ViewServiceProvider->Illuminate\\View\\{closure}(Object(Illuminate\\Foundation\\Application), Array)
#2 C:\\Users\\dell\\Documents\\Github\\saudiex\\vendor\\laravel\\framework\\src\\Illuminate\\Container\\Container.php(770): Illuminate\\Container\\Container->build(Object(Closure))
#3 C:\\Users\\dell\\Documents\\Github\\saudiex\\vendor\\laravel\\framework\\src\\Illuminate\\Foundation\\Application.php(881): Illuminate\\Container\\Container->resolve('blade.compiler', Array, true)
#4 C:\\Users\\dell\\Documents\\Github\\saudiex\\vendor\\laravel\\framework\\src\\Illuminate\\Container\\Container.php(706): Illuminate\\Foundation\\Application->resolve('blade.compiler', Array)
#5 C:\\Users\\dell\\Documents\\Github\\saudiex\\vendor\\laravel\\framework\\src\\Illuminate\\Foundation\\Application.php(866): Illuminate\\Container\\Container->make('blade.compiler', Array)
#6 C:\\Users\\dell\\Documents\\Github\\saudiex\\vendor\\laravel\\framework\\src\\Illuminate\\Container\\Container.php(1431): Illuminate\\Foundation\\Application->make('blade.compiler')
#7 C:\\Users\\dell\\Documents\\Github\\saudiex\\vendor\\laravel\\framework\\src\\Illuminate\\Support\\Facades\\Facade.php(222): Illuminate\\Container\\Container->offsetGet('blade.compiler')
#8 C:\\Users\\dell\\Documents\\Github\\saudiex\\vendor\\laravel\\framework\\src\\Illuminate\\Support\\Facades\\Facade.php(193): Illuminate\\Support\\Facades\\Facade::resolveFacadeInstance('blade.compiler')
#9 C:\\Users\\dell\\Documents\\Github\\saudiex\\vendor\\laravel\\framework\\src\\Illuminate\\Support\\Facades\\Facade.php(332): Illuminate\\Support\\Facades\\Facade::getFacadeRoot()
#10 C:\\Users\\dell\\Documents\\Github\\saudiex\\app\\Providers\\AppServiceProvider.php(62): Illuminate\\Support\\Facades\\Facade::__callStatic('withoutDoubleEn...', Array)
#11 C:\\Users\\dell\\Documents\\Github\\saudiex\\vendor\\laravel\\framework\\src\\Illuminate\\Foundation\\Application.php(712): App\\Providers\\AppServiceProvider->register()
#12 C:\\Users\\dell\\Documents\\Github\\saudiex\\vendor\\laravel\\framework\\src\\Illuminate\\Foundation\\ProviderRepository.php(75): Illuminate\\Foundation\\Application->register(Object(App\\Providers\\AppServiceProvider))
#13 C:\\Users\\dell\\Documents\\Github\\saudiex\\vendor\\laravel\\framework\\src\\Illuminate\\Foundation\\Application.php(689): Illuminate\\Foundation\\ProviderRepository->load(Array)
#14 C:\\Users\\dell\\Documents\\Github\\saudiex\\vendor\\laravel\\framework\\src\\Illuminate\\Foundation\\Bootstrap\\RegisterProviders.php(17): Illuminate\\Foundation\\Application->registerConfiguredProviders()
#15 C:\\Users\\dell\\Documents\\Github\\saudiex\\vendor\\laravel\\framework\\src\\Illuminate\\Foundation\\Application.php(265): Illuminate\\Foundation\\Bootstrap\\RegisterProviders->bootstrap(Object(Illuminate\\Foundation\\Application))
#16 C:\\Users\\dell\\Documents\\Github\\saudiex\\vendor\\laravel\\framework\\src\\Illuminate\\Foundation\\Console\\Kernel.php(383): Illuminate\\Foundation\\Application->bootstrapWith(Array)
#17 C:\\Users\\dell\\Documents\\Github\\saudiex\\vendor\\laravel\\framework\\src\\Illuminate\\Foundation\\Console\\Kernel.php(153): Illuminate\\Foundation\\Console\\Kernel->bootstrap()
#18 Command line code(1): Illuminate\\Foundation\\Console\\Kernel->handle(Object(Symfony\\Component\\Console\\Input\\ArgvInput), Object(Symfony\\Component\\Console\\Output\\ConsoleOutput))
#19 {main}
"} 
[2025-10-24 12:01:48] local.ERROR: Please provide a valid cache path. {"exception":"[object] (InvalidArgumentException(code: 0): Please provide a valid cache path. at C:\\Users\\dell\\Documents\\Github\\saudiex\\vendor\\laravel\\framework\\src\\Illuminate\\View\\Compilers\\Compiler.php:66)
[stacktrace]
#0 C:\\Users\\dell\\Documents\\Github\\saudiex\\vendor\\laravel\\framework\\src\\Illuminate\\View\\ViewServiceProvider.php(96): Illuminate\\View\\Compilers\\Compiler->__construct(Object(Illuminate\\Filesystem\\Filesystem), false, '', true, 'php')
#1 C:\\Users\\dell\\Documents\\Github\\saudiex\\vendor\\laravel\\framework\\src\\Illuminate\\Container\\Container.php(885): Illuminate\\View\\ViewServiceProvider->Illuminate\\View\\{closure}(Object(Illuminate\\Foundation\\Application), Array)
#2 C:\\Users\\dell\\Documents\\Github\\saudiex\\vendor\\laravel\\framework\\src\\Illuminate\\Container\\Container.php(770): Illuminate\\Container\\Container->build(Object(Closure))
#3 C:\\Users\\dell\\Documents\\Github\\saudiex\\vendor\\laravel\\framework\\src\\Illuminate\\Foundation\\Application.php(881): Illuminate\\Container\\Container->resolve('blade.compiler', Array, true)
#4 C:\\Users\\dell\\Documents\\Github\\saudiex\\vendor\\laravel\\framework\\src\\Illuminate\\Container\\Container.php(706): Illuminate\\Foundation\\Application->resolve('blade.compiler', Array)
#5 C:\\Users\\dell\\Documents\\Github\\saudiex\\vendor\\laravel\\framework\\src\\Illuminate\\Foundation\\Application.php(866): Illuminate\\Container\\Container->make('blade.compiler', Array)
#6 C:\\Users\\dell\\Documents\\Github\\saudiex\\vendor\\laravel\\framework\\src\\Illuminate\\Container\\Container.php(1431): Illuminate\\Foundation\\Application->make('blade.compiler')
#7 C:\\Users\\dell\\Documents\\Github\\saudiex\\vendor\\laravel\\framework\\src\\Illuminate\\Support\\Facades\\Facade.php(222): Illuminate\\Container\\Container->offsetGet('blade.compiler')
#8 C:\\Users\\dell\\Documents\\Github\\saudiex\\vendor\\laravel\\framework\\src\\Illuminate\\Support\\Facades\\Facade.php(193): Illuminate\\Support\\Facades\\Facade::resolveFacadeInstance('blade.compiler')
#9 C:\\Users\\dell\\Documents\\Github\\saudiex\\vendor\\laravel\\framework\\src\\Illuminate\\Support\\Facades\\Facade.php(332): Illuminate\\Support\\Facades\\Facade::getFacadeRoot()
#10 C:\\Users\\dell\\Documents\\Github\\saudiex\\app\\Providers\\AppServiceProvider.php(62): Illuminate\\Support\\Facades\\Facade::__callStatic('withoutDoubleEn...', Array)
#11 C:\\Users\\dell\\Documents\\Github\\saudiex\\vendor\\laravel\\framework\\src\\Illuminate\\Foundation\\Application.php(712): App\\Providers\\AppServiceProvider->register()
#12 C:\\Users\\dell\\Documents\\Github\\saudiex\\vendor\\laravel\\framework\\src\\Illuminate\\Foundation\\ProviderRepository.php(75): Illuminate\\Foundation\\Application->register(Object(App\\Providers\\AppServiceProvider))
#13 C:\\Users\\dell\\Documents\\Github\\saudiex\\vendor\\laravel\\framework\\src\\Illuminate\\Foundation\\Application.php(689): Illuminate\\Foundation\\ProviderRepository->load(Array)
#14 C:\\Users\\dell\\Documents\\Github\\saudiex\\vendor\\laravel\\framework\\src\\Illuminate\\Foundation\\Bootstrap\\RegisterProviders.php(17): Illuminate\\Foundation\\Application->registerConfiguredProviders()
#15 C:\\Users\\dell\\Documents\\Github\\saudiex\\vendor\\laravel\\framework\\src\\Illuminate\\Foundation\\Application.php(265): Illuminate\\Foundation\\Bootstrap\\RegisterProviders->bootstrap(Object(Illuminate\\Foundation\\Application))
#16 C:\\Users\\dell\\Documents\\Github\\saudiex\\vendor\\laravel\\framework\\src\\Illuminate\\Foundation\\Console\\Kernel.php(383): Illuminate\\Foundation\\Application->bootstrapWith(Array)
#17 C:\\Users\\dell\\Documents\\Github\\saudiex\\vendor\\laravel\\framework\\src\\Illuminate\\Foundation\\Console\\Kernel.php(153): Illuminate\\Foundation\\Console\\Kernel->bootstrap()
#18 Command line code(1): Illuminate\\Foundation\\Console\\Kernel->handle(Object(Symfony\\Component\\Console\\Input\\ArgvInput), Object(Symfony\\Component\\Console\\Output\\ConsoleOutput))
#19 {main}
"} 
[2025-10-24 12:01:48] local.ERROR: Please provide a valid cache path. {"exception":"[object] (InvalidArgumentException(code: 0): Please provide a valid cache path. at C:\\Users\\dell\\Documents\\Github\\saudiex\\vendor\\laravel\\framework\\src\\Illuminate\\View\\Compilers\\Compiler.php:66)
[stacktrace]
#0 C:\\Users\\dell\\Documents\\Github\\saudiex\\vendor\\laravel\\framework\\src\\Illuminate\\View\\ViewServiceProvider.php(96): Illuminate\\View\\Compilers\\Compiler->__construct(Object(Illuminate\\Filesystem\\Filesystem), false, '', true, 'php')
#1 C:\\Users\\dell\\Documents\\Github\\saudiex\\vendor\\laravel\\framework\\src\\Illuminate\\Container\\Container.php(885): Illuminate\\View\\ViewServiceProvider->Illuminate\\View\\{closure}(Object(Illuminate\\Foundation\\Application), Array)
#2 C:\\Users\\dell\\Documents\\Github\\saudiex\\vendor\\laravel\\framework\\src\\Illuminate\\Container\\Container.php(770): Illuminate\\Container\\Container->build(Object(Closure))
#3 C:\\Users\\dell\\Documents\\Github\\saudiex\\vendor\\laravel\\framework\\src\\Illuminate\\Foundation\\Application.php(881): Illuminate\\Container\\Container->resolve('blade.compiler', Array, true)
#4 C:\\Users\\dell\\Documents\\Github\\saudiex\\vendor\\laravel\\framework\\src\\Illuminate\\Container\\Container.php(706): Illuminate\\Foundation\\Application->resolve('blade.compiler', Array)
#5 C:\\Users\\dell\\Documents\\Github\\saudiex\\vendor\\laravel\\framework\\src\\Illuminate\\Foundation\\Application.php(866): Illuminate\\Container\\Container->make('blade.compiler', Array)
#6 C:\\Users\\dell\\Documents\\Github\\saudiex\\vendor\\laravel\\framework\\src\\Illuminate\\Container\\Container.php(1431): Illuminate\\Foundation\\Application->make('blade.compiler')
#7 C:\\Users\\dell\\Documents\\Github\\saudiex\\vendor\\laravel\\framework\\src\\Illuminate\\Support\\Facades\\Facade.php(222): Illuminate\\Container\\Container->offsetGet('blade.compiler')
#8 C:\\Users\\dell\\Documents\\Github\\saudiex\\vendor\\laravel\\framework\\src\\Illuminate\\Support\\Facades\\Facade.php(193): Illuminate\\Support\\Facades\\Facade::resolveFacadeInstance('blade.compiler')
#9 C:\\Users\\dell\\Documents\\Github\\saudiex\\vendor\\laravel\\framework\\src\\Illuminate\\Support\\Facades\\Facade.php(332): Illuminate\\Support\\Facades\\Facade::getFacadeRoot()
#10 C:\\Users\\dell\\Documents\\Github\\saudiex\\app\\Providers\\AppServiceProvider.php(62): Illuminate\\Support\\Facades\\Facade::__callStatic('withoutDoubleEn...', Array)
#11 C:\\Users\\dell\\Documents\\Github\\saudiex\\vendor\\laravel\\framework\\src\\Illuminate\\Foundation\\Application.php(712): App\\Providers\\AppServiceProvider->register()
#12 C:\\Users\\dell\\Documents\\Github\\saudiex\\vendor\\laravel\\framework\\src\\Illuminate\\Foundation\\ProviderRepository.php(75): Illuminate\\Foundation\\Application->register(Object(App\\Providers\\AppServiceProvider))
#13 C:\\Users\\dell\\Documents\\Github\\saudiex\\vendor\\laravel\\framework\\src\\Illuminate\\Foundation\\Application.php(689): Illuminate\\Foundation\\ProviderRepository->load(Array)
#14 C:\\Users\\dell\\Documents\\Github\\saudiex\\vendor\\laravel\\framework\\src\\Illuminate\\Foundation\\Bootstrap\\RegisterProviders.php(17): Illuminate\\Foundation\\Application->registerConfiguredProviders()
#15 C:\\Users\\dell\\Documents\\Github\\saudiex\\vendor\\laravel\\framework\\src\\Illuminate\\Foundation\\Application.php(265): Illuminate\\Foundation\\Bootstrap\\RegisterProviders->bootstrap(Object(Illuminate\\Foundation\\Application))
#16 C:\\Users\\dell\\Documents\\Github\\saudiex\\vendor\\laravel\\framework\\src\\Illuminate\\Foundation\\Console\\Kernel.php(383): Illuminate\\Foundation\\Application->bootstrapWith(Array)
#17 C:\\Users\\dell\\Documents\\Github\\saudiex\\vendor\\laravel\\framework\\src\\Illuminate\\Foundation\\Console\\Kernel.php(153): Illuminate\\Foundation\\Console\\Kernel->bootstrap()
#18 Command line code(1): Illuminate\\Foundation\\Console\\Kernel->handle(Object(Symfony\\Component\\Console\\Input\\ArgvInput), Object(Symfony\\Component\\Console\\Output\\ConsoleOutput))
#19 {main}
"} 
[2025-10-24 12:02:48] local.ERROR: Please provide a valid cache path. {"exception":"[object] (InvalidArgumentException(code: 0): Please provide a valid cache path. at C:\\Users\\dell\\Documents\\Github\\saudiex\\vendor\\laravel\\framework\\src\\Illuminate\\View\\Compilers\\Compiler.php:66)
[stacktrace]
#0 C:\\Users\\dell\\Documents\\Github\\saudiex\\vendor\\laravel\\framework\\src\\Illuminate\\View\\ViewServiceProvider.php(96): Illuminate\\View\\Compilers\\Compiler->__construct(Object(Illuminate\\Filesystem\\Filesystem), false, '', true, 'php')
#1 C:\\Users\\dell\\Documents\\Github\\saudiex\\vendor\\laravel\\framework\\src\\Illuminate\\Container\\Container.php(885): Illuminate\\View\\ViewServiceProvider->Illuminate\\View\\{closure}(Object(Illuminate\\Foundation\\Application), Array)
#2 C:\\Users\\dell\\Documents\\Github\\saudiex\\vendor\\laravel\\framework\\src\\Illuminate\\Container\\Container.php(770): Illuminate\\Container\\Container->build(Object(Closure))
#3 C:\\Users\\dell\\Documents\\Github\\saudiex\\vendor\\laravel\\framework\\src\\Illuminate\\Foundation\\Application.php(881): Illuminate\\Container\\Container->resolve('blade.compiler', Array, true)
#4 C:\\Users\\dell\\Documents\\Github\\saudiex\\vendor\\laravel\\framework\\src\\Illuminate\\Container\\Container.php(706): Illuminate\\Foundation\\Application->resolve('blade.compiler', Array)
#5 C:\\Users\\dell\\Documents\\Github\\saudiex\\vendor\\laravel\\framework\\src\\Illuminate\\Foundation\\Application.php(866): Illuminate\\Container\\Container->make('blade.compiler', Array)
#6 C:\\Users\\dell\\Documents\\Github\\saudiex\\vendor\\laravel\\framework\\src\\Illuminate\\Container\\Container.php(1431): Illuminate\\Foundation\\Application->make('blade.compiler')
#7 C:\\Users\\dell\\Documents\\Github\\saudiex\\vendor\\laravel\\framework\\src\\Illuminate\\Support\\Facades\\Facade.php(222): Illuminate\\Container\\Container->offsetGet('blade.compiler')
#8 C:\\Users\\dell\\Documents\\Github\\saudiex\\vendor\\laravel\\framework\\src\\Illuminate\\Support\\Facades\\Facade.php(193): Illuminate\\Support\\Facades\\Facade::resolveFacadeInstance('blade.compiler')
#9 C:\\Users\\dell\\Documents\\Github\\saudiex\\vendor\\laravel\\framework\\src\\Illuminate\\Support\\Facades\\Facade.php(332): Illuminate\\Support\\Facades\\Facade::getFacadeRoot()
#10 C:\\Users\\dell\\Documents\\Github\\saudiex\\app\\Providers\\AppServiceProvider.php(62): Illuminate\\Support\\Facades\\Facade::__callStatic('withoutDoubleEn...', Array)
#11 C:\\Users\\dell\\Documents\\Github\\saudiex\\vendor\\laravel\\framework\\src\\Illuminate\\Foundation\\Application.php(712): App\\Providers\\AppServiceProvider->register()
#12 C:\\Users\\dell\\Documents\\Github\\saudiex\\vendor\\laravel\\framework\\src\\Illuminate\\Foundation\\ProviderRepository.php(75): Illuminate\\Foundation\\Application->register(Object(App\\Providers\\AppServiceProvider))
#13 C:\\Users\\dell\\Documents\\Github\\saudiex\\vendor\\laravel\\framework\\src\\Illuminate\\Foundation\\Application.php(689): Illuminate\\Foundation\\ProviderRepository->load(Array)
#14 C:\\Users\\dell\\Documents\\Github\\saudiex\\vendor\\laravel\\framework\\src\\Illuminate\\Foundation\\Bootstrap\\RegisterProviders.php(17): Illuminate\\Foundation\\Application->registerConfiguredProviders()
#15 C:\\Users\\dell\\Documents\\Github\\saudiex\\vendor\\laravel\\framework\\src\\Illuminate\\Foundation\\Application.php(265): Illuminate\\Foundation\\Bootstrap\\RegisterProviders->bootstrap(Object(Illuminate\\Foundation\\Application))
#16 C:\\Users\\dell\\Documents\\Github\\saudiex\\vendor\\laravel\\framework\\src\\Illuminate\\Foundation\\Console\\Kernel.php(383): Illuminate\\Foundation\\Application->bootstrapWith(Array)
#17 C:\\Users\\dell\\Documents\\Github\\saudiex\\vendor\\laravel\\framework\\src\\Illuminate\\Foundation\\Console\\Kernel.php(153): Illuminate\\Foundation\\Console\\Kernel->bootstrap()
#18 Command line code(1): Illuminate\\Foundation\\Console\\Kernel->handle(Object(Symfony\\Component\\Console\\Input\\ArgvInput), Object(Symfony\\Component\\Console\\Output\\ConsoleOutput))
#19 {main}
"} 
[2025-10-24 12:02:48] local.ERROR: Please provide a valid cache path. {"exception":"[object] (InvalidArgumentException(code: 0): Please provide a valid cache path. at C:\\Users\\dell\\Documents\\Github\\saudiex\\vendor\\laravel\\framework\\src\\Illuminate\\View\\Compilers\\Compiler.php:66)
[stacktrace]
#0 C:\\Users\\dell\\Documents\\Github\\saudiex\\vendor\\laravel\\framework\\src\\Illuminate\\View\\ViewServiceProvider.php(96): Illuminate\\View\\Compilers\\Compiler->__construct(Object(Illuminate\\Filesystem\\Filesystem), false, '', true, 'php')
#1 C:\\Users\\dell\\Documents\\Github\\saudiex\\vendor\\laravel\\framework\\src\\Illuminate\\Container\\Container.php(885): Illuminate\\View\\ViewServiceProvider->Illuminate\\View\\{closure}(Object(Illuminate\\Foundation\\Application), Array)
#2 C:\\Users\\dell\\Documents\\Github\\saudiex\\vendor\\laravel\\framework\\src\\Illuminate\\Container\\Container.php(770): Illuminate\\Container\\Container->build(Object(Closure))
#3 C:\\Users\\dell\\Documents\\Github\\saudiex\\vendor\\laravel\\framework\\src\\Illuminate\\Foundation\\Application.php(881): Illuminate\\Container\\Container->resolve('blade.compiler', Array, true)
#4 C:\\Users\\dell\\Documents\\Github\\saudiex\\vendor\\laravel\\framework\\src\\Illuminate\\Container\\Container.php(706): Illuminate\\Foundation\\Application->resolve('blade.compiler', Array)
#5 C:\\Users\\dell\\Documents\\Github\\saudiex\\vendor\\laravel\\framework\\src\\Illuminate\\Foundation\\Application.php(866): Illuminate\\Container\\Container->make('blade.compiler', Array)
#6 C:\\Users\\dell\\Documents\\Github\\saudiex\\vendor\\laravel\\framework\\src\\Illuminate\\Container\\Container.php(1431): Illuminate\\Foundation\\Application->make('blade.compiler')
#7 C:\\Users\\dell\\Documents\\Github\\saudiex\\vendor\\laravel\\framework\\src\\Illuminate\\Support\\Facades\\Facade.php(222): Illuminate\\Container\\Container->offsetGet('blade.compiler')
#8 C:\\Users\\dell\\Documents\\Github\\saudiex\\vendor\\laravel\\framework\\src\\Illuminate\\Support\\Facades\\Facade.php(193): Illuminate\\Support\\Facades\\Facade::resolveFacadeInstance('blade.compiler')
#9 C:\\Users\\dell\\Documents\\Github\\saudiex\\vendor\\laravel\\framework\\src\\Illuminate\\Support\\Facades\\Facade.php(332): Illuminate\\Support\\Facades\\Facade::getFacadeRoot()
#10 C:\\Users\\dell\\Documents\\Github\\saudiex\\app\\Providers\\AppServiceProvider.php(62): Illuminate\\Support\\Facades\\Facade::__callStatic('withoutDoubleEn...', Array)
#11 C:\\Users\\dell\\Documents\\Github\\saudiex\\vendor\\laravel\\framework\\src\\Illuminate\\Foundation\\Application.php(712): App\\Providers\\AppServiceProvider->register()
#12 C:\\Users\\dell\\Documents\\Github\\saudiex\\vendor\\laravel\\framework\\src\\Illuminate\\Foundation\\ProviderRepository.php(75): Illuminate\\Foundation\\Application->register(Object(App\\Providers\\AppServiceProvider))
#13 C:\\Users\\dell\\Documents\\Github\\saudiex\\vendor\\laravel\\framework\\src\\Illuminate\\Foundation\\Application.php(689): Illuminate\\Foundation\\ProviderRepository->load(Array)
#14 C:\\Users\\dell\\Documents\\Github\\saudiex\\vendor\\laravel\\framework\\src\\Illuminate\\Foundation\\Bootstrap\\RegisterProviders.php(17): Illuminate\\Foundation\\Application->registerConfiguredProviders()
#15 C:\\Users\\dell\\Documents\\Github\\saudiex\\vendor\\laravel\\framework\\src\\Illuminate\\Foundation\\Application.php(265): Illuminate\\Foundation\\Bootstrap\\RegisterProviders->bootstrap(Object(Illuminate\\Foundation\\Application))
#16 C:\\Users\\dell\\Documents\\Github\\saudiex\\vendor\\laravel\\framework\\src\\Illuminate\\Foundation\\Console\\Kernel.php(383): Illuminate\\Foundation\\Application->bootstrapWith(Array)
#17 C:\\Users\\dell\\Documents\\Github\\saudiex\\vendor\\laravel\\framework\\src\\Illuminate\\Foundation\\Console\\Kernel.php(153): Illuminate\\Foundation\\Console\\Kernel->bootstrap()
#18 Command line code(1): Illuminate\\Foundation\\Console\\Kernel->handle(Object(Symfony\\Component\\Console\\Input\\ArgvInput), Object(Symfony\\Component\\Console\\Output\\ConsoleOutput))
#19 {main}
"} 
[2025-10-24 12:03:48] local.ERROR: Please provide a valid cache path. {"exception":"[object] (InvalidArgumentException(code: 0): Please provide a valid cache path. at C:\\Users\\dell\\Documents\\Github\\saudiex\\vendor\\laravel\\framework\\src\\Illuminate\\View\\Compilers\\Compiler.php:66)
[stacktrace]
#0 C:\\Users\\dell\\Documents\\Github\\saudiex\\vendor\\laravel\\framework\\src\\Illuminate\\View\\ViewServiceProvider.php(96): Illuminate\\View\\Compilers\\Compiler->__construct(Object(Illuminate\\Filesystem\\Filesystem), false, '', true, 'php')
#1 C:\\Users\\dell\\Documents\\Github\\saudiex\\vendor\\laravel\\framework\\src\\Illuminate\\Container\\Container.php(885): Illuminate\\View\\ViewServiceProvider->Illuminate\\View\\{closure}(Object(Illuminate\\Foundation\\Application), Array)
#2 C:\\Users\\dell\\Documents\\Github\\saudiex\\vendor\\laravel\\framework\\src\\Illuminate\\Container\\Container.php(770): Illuminate\\Container\\Container->build(Object(Closure))
#3 C:\\Users\\dell\\Documents\\Github\\saudiex\\vendor\\laravel\\framework\\src\\Illuminate\\Foundation\\Application.php(881): Illuminate\\Container\\Container->resolve('blade.compiler', Array, true)
#4 C:\\Users\\dell\\Documents\\Github\\saudiex\\vendor\\laravel\\framework\\src\\Illuminate\\Container\\Container.php(706): Illuminate\\Foundation\\Application->resolve('blade.compiler', Array)
#5 C:\\Users\\dell\\Documents\\Github\\saudiex\\vendor\\laravel\\framework\\src\\Illuminate\\Foundation\\Application.php(866): Illuminate\\Container\\Container->make('blade.compiler', Array)
#6 C:\\Users\\dell\\Documents\\Github\\saudiex\\vendor\\laravel\\framework\\src\\Illuminate\\Container\\Container.php(1431): Illuminate\\Foundation\\Application->make('blade.compiler')
#7 C:\\Users\\dell\\Documents\\Github\\saudiex\\vendor\\laravel\\framework\\src\\Illuminate\\Support\\Facades\\Facade.php(222): Illuminate\\Container\\Container->offsetGet('blade.compiler')
#8 C:\\Users\\dell\\Documents\\Github\\saudiex\\vendor\\laravel\\framework\\src\\Illuminate\\Support\\Facades\\Facade.php(193): Illuminate\\Support\\Facades\\Facade::resolveFacadeInstance('blade.compiler')
#9 C:\\Users\\dell\\Documents\\Github\\saudiex\\vendor\\laravel\\framework\\src\\Illuminate\\Support\\Facades\\Facade.php(332): Illuminate\\Support\\Facades\\Facade::getFacadeRoot()
#10 C:\\Users\\dell\\Documents\\Github\\saudiex\\app\\Providers\\AppServiceProvider.php(62): Illuminate\\Support\\Facades\\Facade::__callStatic('withoutDoubleEn...', Array)
#11 C:\\Users\\dell\\Documents\\Github\\saudiex\\vendor\\laravel\\framework\\src\\Illuminate\\Foundation\\Application.php(712): App\\Providers\\AppServiceProvider->register()
#12 C:\\Users\\dell\\Documents\\Github\\saudiex\\vendor\\laravel\\framework\\src\\Illuminate\\Foundation\\ProviderRepository.php(75): Illuminate\\Foundation\\Application->register(Object(App\\Providers\\AppServiceProvider))
#13 C:\\Users\\dell\\Documents\\Github\\saudiex\\vendor\\laravel\\framework\\src\\Illuminate\\Foundation\\Application.php(689): Illuminate\\Foundation\\ProviderRepository->load(Array)
#14 C:\\Users\\dell\\Documents\\Github\\saudiex\\vendor\\laravel\\framework\\src\\Illuminate\\Foundation\\Bootstrap\\RegisterProviders.php(17): Illuminate\\Foundation\\Application->registerConfiguredProviders()
#15 C:\\Users\\dell\\Documents\\Github\\saudiex\\vendor\\laravel\\framework\\src\\Illuminate\\Foundation\\Application.php(265): Illuminate\\Foundation\\Bootstrap\\RegisterProviders->bootstrap(Object(Illuminate\\Foundation\\Application))
#16 C:\\Users\\dell\\Documents\\Github\\saudiex\\vendor\\laravel\\framework\\src\\Illuminate\\Foundation\\Console\\Kernel.php(383): Illuminate\\Foundation\\Application->bootstrapWith(Array)
#17 C:\\Users\\dell\\Documents\\Github\\saudiex\\vendor\\laravel\\framework\\src\\Illuminate\\Foundation\\Console\\Kernel.php(153): Illuminate\\Foundation\\Console\\Kernel->bootstrap()
#18 Command line code(1): Illuminate\\Foundation\\Console\\Kernel->handle(Object(Symfony\\Component\\Console\\Input\\ArgvInput), Object(Symfony\\Component\\Console\\Output\\ConsoleOutput))
#19 {main}
"} 
[2025-10-24 12:03:48] local.ERROR: Please provide a valid cache path. {"exception":"[object] (InvalidArgumentException(code: 0): Please provide a valid cache path. at C:\\Users\\dell\\Documents\\Github\\saudiex\\vendor\\laravel\\framework\\src\\Illuminate\\View\\Compilers\\Compiler.php:66)
[stacktrace]
#0 C:\\Users\\dell\\Documents\\Github\\saudiex\\vendor\\laravel\\framework\\src\\Illuminate\\View\\ViewServiceProvider.php(96): Illuminate\\View\\Compilers\\Compiler->__construct(Object(Illuminate\\Filesystem\\Filesystem), false, '', true, 'php')
#1 C:\\Users\\dell\\Documents\\Github\\saudiex\\vendor\\laravel\\framework\\src\\Illuminate\\Container\\Container.php(885): Illuminate\\View\\ViewServiceProvider->Illuminate\\View\\{closure}(Object(Illuminate\\Foundation\\Application), Array)
#2 C:\\Users\\dell\\Documents\\Github\\saudiex\\vendor\\laravel\\framework\\src\\Illuminate\\Container\\Container.php(770): Illuminate\\Container\\Container->build(Object(Closure))
#3 C:\\Users\\dell\\Documents\\Github\\saudiex\\vendor\\laravel\\framework\\src\\Illuminate\\Foundation\\Application.php(881): Illuminate\\Container\\Container->resolve('blade.compiler', Array, true)
#4 C:\\Users\\dell\\Documents\\Github\\saudiex\\vendor\\laravel\\framework\\src\\Illuminate\\Container\\Container.php(706): Illuminate\\Foundation\\Application->resolve('blade.compiler', Array)
#5 C:\\Users\\dell\\Documents\\Github\\saudiex\\vendor\\laravel\\framework\\src\\Illuminate\\Foundation\\Application.php(866): Illuminate\\Container\\Container->make('blade.compiler', Array)
#6 C:\\Users\\dell\\Documents\\Github\\saudiex\\vendor\\laravel\\framework\\src\\Illuminate\\Container\\Container.php(1431): Illuminate\\Foundation\\Application->make('blade.compiler')
#7 C:\\Users\\dell\\Documents\\Github\\saudiex\\vendor\\laravel\\framework\\src\\Illuminate\\Support\\Facades\\Facade.php(222): Illuminate\\Container\\Container->offsetGet('blade.compiler')
#8 C:\\Users\\dell\\Documents\\Github\\saudiex\\vendor\\laravel\\framework\\src\\Illuminate\\Support\\Facades\\Facade.php(193): Illuminate\\Support\\Facades\\Facade::resolveFacadeInstance('blade.compiler')
#9 C:\\Users\\dell\\Documents\\Github\\saudiex\\vendor\\laravel\\framework\\src\\Illuminate\\Support\\Facades\\Facade.php(332): Illuminate\\Support\\Facades\\Facade::getFacadeRoot()
#10 C:\\Users\\dell\\Documents\\Github\\saudiex\\app\\Providers\\AppServiceProvider.php(62): Illuminate\\Support\\Facades\\Facade::__callStatic('withoutDoubleEn...', Array)
#11 C:\\Users\\dell\\Documents\\Github\\saudiex\\vendor\\laravel\\framework\\src\\Illuminate\\Foundation\\Application.php(712): App\\Providers\\AppServiceProvider->register()
#12 C:\\Users\\dell\\Documents\\Github\\saudiex\\vendor\\laravel\\framework\\src\\Illuminate\\Foundation\\ProviderRepository.php(75): Illuminate\\Foundation\\Application->register(Object(App\\Providers\\AppServiceProvider))
#13 C:\\Users\\dell\\Documents\\Github\\saudiex\\vendor\\laravel\\framework\\src\\Illuminate\\Foundation\\Application.php(689): Illuminate\\Foundation\\ProviderRepository->load(Array)
#14 C:\\Users\\dell\\Documents\\Github\\saudiex\\vendor\\laravel\\framework\\src\\Illuminate\\Foundation\\Bootstrap\\RegisterProviders.php(17): Illuminate\\Foundation\\Application->registerConfiguredProviders()
#15 C:\\Users\\dell\\Documents\\Github\\saudiex\\vendor\\laravel\\framework\\src\\Illuminate\\Foundation\\Application.php(265): Illuminate\\Foundation\\Bootstrap\\RegisterProviders->bootstrap(Object(Illuminate\\Foundation\\Application))
#16 C:\\Users\\dell\\Documents\\Github\\saudiex\\vendor\\laravel\\framework\\src\\Illuminate\\Foundation\\Console\\Kernel.php(383): Illuminate\\Foundation\\Application->bootstrapWith(Array)
#17 C:\\Users\\dell\\Documents\\Github\\saudiex\\vendor\\laravel\\framework\\src\\Illuminate\\Foundation\\Console\\Kernel.php(153): Illuminate\\Foundation\\Console\\Kernel->bootstrap()
#18 Command line code(1): Illuminate\\Foundation\\Console\\Kernel->handle(Object(Symfony\\Component\\Console\\Input\\ArgvInput), Object(Symfony\\Component\\Console\\Output\\ConsoleOutput))
#19 {main}
"} 
[2025-10-24 12:04:49] local.ERROR: Please provide a valid cache path. {"exception":"[object] (InvalidArgumentException(code: 0): Please provide a valid cache path. at C:\\Users\\dell\\Documents\\Github\\saudiex\\vendor\\laravel\\framework\\src\\Illuminate\\View\\Compilers\\Compiler.php:66)
[stacktrace]
#0 C:\\Users\\dell\\Documents\\Github\\saudiex\\vendor\\laravel\\framework\\src\\Illuminate\\View\\ViewServiceProvider.php(96): Illuminate\\View\\Compilers\\Compiler->__construct(Object(Illuminate\\Filesystem\\Filesystem), false, '', true, 'php')
#1 C:\\Users\\dell\\Documents\\Github\\saudiex\\vendor\\laravel\\framework\\src\\Illuminate\\Container\\Container.php(885): Illuminate\\View\\ViewServiceProvider->Illuminate\\View\\{closure}(Object(Illuminate\\Foundation\\Application), Array)
#2 C:\\Users\\dell\\Documents\\Github\\saudiex\\vendor\\laravel\\framework\\src\\Illuminate\\Container\\Container.php(770): Illuminate\\Container\\Container->build(Object(Closure))
#3 C:\\Users\\dell\\Documents\\Github\\saudiex\\vendor\\laravel\\framework\\src\\Illuminate\\Foundation\\Application.php(881): Illuminate\\Container\\Container->resolve('blade.compiler', Array, true)
#4 C:\\Users\\dell\\Documents\\Github\\saudiex\\vendor\\laravel\\framework\\src\\Illuminate\\Container\\Container.php(706): Illuminate\\Foundation\\Application->resolve('blade.compiler', Array)
#5 C:\\Users\\dell\\Documents\\Github\\saudiex\\vendor\\laravel\\framework\\src\\Illuminate\\Foundation\\Application.php(866): Illuminate\\Container\\Container->make('blade.compiler', Array)
#6 C:\\Users\\dell\\Documents\\Github\\saudiex\\vendor\\laravel\\framework\\src\\Illuminate\\Container\\Container.php(1431): Illuminate\\Foundation\\Application->make('blade.compiler')
#7 C:\\Users\\dell\\Documents\\Github\\saudiex\\vendor\\laravel\\framework\\src\\Illuminate\\Support\\Facades\\Facade.php(222): Illuminate\\Container\\Container->offsetGet('blade.compiler')
#8 C:\\Users\\dell\\Documents\\Github\\saudiex\\vendor\\laravel\\framework\\src\\Illuminate\\Support\\Facades\\Facade.php(193): Illuminate\\Support\\Facades\\Facade::resolveFacadeInstance('blade.compiler')
#9 C:\\Users\\dell\\Documents\\Github\\saudiex\\vendor\\laravel\\framework\\src\\Illuminate\\Support\\Facades\\Facade.php(332): Illuminate\\Support\\Facades\\Facade::getFacadeRoot()
#10 C:\\Users\\dell\\Documents\\Github\\saudiex\\app\\Providers\\AppServiceProvider.php(62): Illuminate\\Support\\Facades\\Facade::__callStatic('withoutDoubleEn...', Array)
#11 C:\\Users\\dell\\Documents\\Github\\saudiex\\vendor\\laravel\\framework\\src\\Illuminate\\Foundation\\Application.php(712): App\\Providers\\AppServiceProvider->register()
#12 C:\\Users\\dell\\Documents\\Github\\saudiex\\vendor\\laravel\\framework\\src\\Illuminate\\Foundation\\ProviderRepository.php(75): Illuminate\\Foundation\\Application->register(Object(App\\Providers\\AppServiceProvider))
#13 C:\\Users\\dell\\Documents\\Github\\saudiex\\vendor\\laravel\\framework\\src\\Illuminate\\Foundation\\Application.php(689): Illuminate\\Foundation\\ProviderRepository->load(Array)
#14 C:\\Users\\dell\\Documents\\Github\\saudiex\\vendor\\laravel\\framework\\src\\Illuminate\\Foundation\\Bootstrap\\RegisterProviders.php(17): Illuminate\\Foundation\\Application->registerConfiguredProviders()
#15 C:\\Users\\dell\\Documents\\Github\\saudiex\\vendor\\laravel\\framework\\src\\Illuminate\\Foundation\\Application.php(265): Illuminate\\Foundation\\Bootstrap\\RegisterProviders->bootstrap(Object(Illuminate\\Foundation\\Application))
#16 C:\\Users\\dell\\Documents\\Github\\saudiex\\vendor\\laravel\\framework\\src\\Illuminate\\Foundation\\Console\\Kernel.php(383): Illuminate\\Foundation\\Application->bootstrapWith(Array)
#17 C:\\Users\\dell\\Documents\\Github\\saudiex\\vendor\\laravel\\framework\\src\\Illuminate\\Foundation\\Console\\Kernel.php(153): Illuminate\\Foundation\\Console\\Kernel->bootstrap()
#18 Command line code(1): Illuminate\\Foundation\\Console\\Kernel->handle(Object(Symfony\\Component\\Console\\Input\\ArgvInput), Object(Symfony\\Component\\Console\\Output\\ConsoleOutput))
#19 {main}
"} 
[2025-10-24 12:04:49] local.ERROR: Please provide a valid cache path. {"exception":"[object] (InvalidArgumentException(code: 0): Please provide a valid cache path. at C:\\Users\\dell\\Documents\\Github\\saudiex\\vendor\\laravel\\framework\\src\\Illuminate\\View\\Compilers\\Compiler.php:66)
[stacktrace]
#0 C:\\Users\\dell\\Documents\\Github\\saudiex\\vendor\\laravel\\framework\\src\\Illuminate\\View\\ViewServiceProvider.php(96): Illuminate\\View\\Compilers\\Compiler->__construct(Object(Illuminate\\Filesystem\\Filesystem), false, '', true, 'php')
#1 C:\\Users\\dell\\Documents\\Github\\saudiex\\vendor\\laravel\\framework\\src\\Illuminate\\Container\\Container.php(885): Illuminate\\View\\ViewServiceProvider->Illuminate\\View\\{closure}(Object(Illuminate\\Foundation\\Application), Array)
#2 C:\\Users\\dell\\Documents\\Github\\saudiex\\vendor\\laravel\\framework\\src\\Illuminate\\Container\\Container.php(770): Illuminate\\Container\\Container->build(Object(Closure))
#3 C:\\Users\\dell\\Documents\\Github\\saudiex\\vendor\\laravel\\framework\\src\\Illuminate\\Foundation\\Application.php(881): Illuminate\\Container\\Container->resolve('blade.compiler', Array, true)
#4 C:\\Users\\dell\\Documents\\Github\\saudiex\\vendor\\laravel\\framework\\src\\Illuminate\\Container\\Container.php(706): Illuminate\\Foundation\\Application->resolve('blade.compiler', Array)
#5 C:\\Users\\dell\\Documents\\Github\\saudiex\\vendor\\laravel\\framework\\src\\Illuminate\\Foundation\\Application.php(866): Illuminate\\Container\\Container->make('blade.compiler', Array)
#6 C:\\Users\\dell\\Documents\\Github\\saudiex\\vendor\\laravel\\framework\\src\\Illuminate\\Container\\Container.php(1431): Illuminate\\Foundation\\Application->make('blade.compiler')
#7 C:\\Users\\dell\\Documents\\Github\\saudiex\\vendor\\laravel\\framework\\src\\Illuminate\\Support\\Facades\\Facade.php(222): Illuminate\\Container\\Container->offsetGet('blade.compiler')
#8 C:\\Users\\dell\\Documents\\Github\\saudiex\\vendor\\laravel\\framework\\src\\Illuminate\\Support\\Facades\\Facade.php(193): Illuminate\\Support\\Facades\\Facade::resolveFacadeInstance('blade.compiler')
#9 C:\\Users\\dell\\Documents\\Github\\saudiex\\vendor\\laravel\\framework\\src\\Illuminate\\Support\\Facades\\Facade.php(332): Illuminate\\Support\\Facades\\Facade::getFacadeRoot()
#10 C:\\Users\\dell\\Documents\\Github\\saudiex\\app\\Providers\\AppServiceProvider.php(62): Illuminate\\Support\\Facades\\Facade::__callStatic('withoutDoubleEn...', Array)
#11 C:\\Users\\dell\\Documents\\Github\\saudiex\\vendor\\laravel\\framework\\src\\Illuminate\\Foundation\\Application.php(712): App\\Providers\\AppServiceProvider->register()
#12 C:\\Users\\dell\\Documents\\Github\\saudiex\\vendor\\laravel\\framework\\src\\Illuminate\\Foundation\\ProviderRepository.php(75): Illuminate\\Foundation\\Application->register(Object(App\\Providers\\AppServiceProvider))
#13 C:\\Users\\dell\\Documents\\Github\\saudiex\\vendor\\laravel\\framework\\src\\Illuminate\\Foundation\\Application.php(689): Illuminate\\Foundation\\ProviderRepository->load(Array)
#14 C:\\Users\\dell\\Documents\\Github\\saudiex\\vendor\\laravel\\framework\\src\\Illuminate\\Foundation\\Bootstrap\\RegisterProviders.php(17): Illuminate\\Foundation\\Application->registerConfiguredProviders()
#15 C:\\Users\\dell\\Documents\\Github\\saudiex\\vendor\\laravel\\framework\\src\\Illuminate\\Foundation\\Application.php(265): Illuminate\\Foundation\\Bootstrap\\RegisterProviders->bootstrap(Object(Illuminate\\Foundation\\Application))
#16 C:\\Users\\dell\\Documents\\Github\\saudiex\\vendor\\laravel\\framework\\src\\Illuminate\\Foundation\\Console\\Kernel.php(383): Illuminate\\Foundation\\Application->bootstrapWith(Array)
#17 C:\\Users\\dell\\Documents\\Github\\saudiex\\vendor\\laravel\\framework\\src\\Illuminate\\Foundation\\Console\\Kernel.php(153): Illuminate\\Foundation\\Console\\Kernel->bootstrap()
#18 Command line code(1): Illuminate\\Foundation\\Console\\Kernel->handle(Object(Symfony\\Component\\Console\\Input\\ArgvInput), Object(Symfony\\Component\\Console\\Output\\ConsoleOutput))
#19 {main}
"} 
[2025-10-24 12:05:49] local.ERROR: Please provide a valid cache path. {"exception":"[object] (InvalidArgumentException(code: 0): Please provide a valid cache path. at C:\\Users\\dell\\Documents\\Github\\saudiex\\vendor\\laravel\\framework\\src\\Illuminate\\View\\Compilers\\Compiler.php:66)
[stacktrace]
#0 C:\\Users\\dell\\Documents\\Github\\saudiex\\vendor\\laravel\\framework\\src\\Illuminate\\View\\ViewServiceProvider.php(96): Illuminate\\View\\Compilers\\Compiler->__construct(Object(Illuminate\\Filesystem\\Filesystem), false, '', true, 'php')
#1 C:\\Users\\dell\\Documents\\Github\\saudiex\\vendor\\laravel\\framework\\src\\Illuminate\\Container\\Container.php(885): Illuminate\\View\\ViewServiceProvider->Illuminate\\View\\{closure}(Object(Illuminate\\Foundation\\Application), Array)
#2 C:\\Users\\dell\\Documents\\Github\\saudiex\\vendor\\laravel\\framework\\src\\Illuminate\\Container\\Container.php(770): Illuminate\\Container\\Container->build(Object(Closure))
#3 C:\\Users\\dell\\Documents\\Github\\saudiex\\vendor\\laravel\\framework\\src\\Illuminate\\Foundation\\Application.php(881): Illuminate\\Container\\Container->resolve('blade.compiler', Array, true)
#4 C:\\Users\\dell\\Documents\\Github\\saudiex\\vendor\\laravel\\framework\\src\\Illuminate\\Container\\Container.php(706): Illuminate\\Foundation\\Application->resolve('blade.compiler', Array)
#5 C:\\Users\\dell\\Documents\\Github\\saudiex\\vendor\\laravel\\framework\\src\\Illuminate\\Foundation\\Application.php(866): Illuminate\\Container\\Container->make('blade.compiler', Array)
#6 C:\\Users\\dell\\Documents\\Github\\saudiex\\vendor\\laravel\\framework\\src\\Illuminate\\Container\\Container.php(1431): Illuminate\\Foundation\\Application->make('blade.compiler')
#7 C:\\Users\\dell\\Documents\\Github\\saudiex\\vendor\\laravel\\framework\\src\\Illuminate\\Support\\Facades\\Facade.php(222): Illuminate\\Container\\Container->offsetGet('blade.compiler')
#8 C:\\Users\\dell\\Documents\\Github\\saudiex\\vendor\\laravel\\framework\\src\\Illuminate\\Support\\Facades\\Facade.php(193): Illuminate\\Support\\Facades\\Facade::resolveFacadeInstance('blade.compiler')
#9 C:\\Users\\dell\\Documents\\Github\\saudiex\\vendor\\laravel\\framework\\src\\Illuminate\\Support\\Facades\\Facade.php(332): Illuminate\\Support\\Facades\\Facade::getFacadeRoot()
#10 C:\\Users\\dell\\Documents\\Github\\saudiex\\app\\Providers\\AppServiceProvider.php(62): Illuminate\\Support\\Facades\\Facade::__callStatic('withoutDoubleEn...', Array)
#11 C:\\Users\\dell\\Documents\\Github\\saudiex\\vendor\\laravel\\framework\\src\\Illuminate\\Foundation\\Application.php(712): App\\Providers\\AppServiceProvider->register()
#12 C:\\Users\\dell\\Documents\\Github\\saudiex\\vendor\\laravel\\framework\\src\\Illuminate\\Foundation\\ProviderRepository.php(75): Illuminate\\Foundation\\Application->register(Object(App\\Providers\\AppServiceProvider))
#13 C:\\Users\\dell\\Documents\\Github\\saudiex\\vendor\\laravel\\framework\\src\\Illuminate\\Foundation\\Application.php(689): Illuminate\\Foundation\\ProviderRepository->load(Array)
#14 C:\\Users\\dell\\Documents\\Github\\saudiex\\vendor\\laravel\\framework\\src\\Illuminate\\Foundation\\Bootstrap\\RegisterProviders.php(17): Illuminate\\Foundation\\Application->registerConfiguredProviders()
#15 C:\\Users\\dell\\Documents\\Github\\saudiex\\vendor\\laravel\\framework\\src\\Illuminate\\Foundation\\Application.php(265): Illuminate\\Foundation\\Bootstrap\\RegisterProviders->bootstrap(Object(Illuminate\\Foundation\\Application))
#16 C:\\Users\\dell\\Documents\\Github\\saudiex\\vendor\\laravel\\framework\\src\\Illuminate\\Foundation\\Console\\Kernel.php(383): Illuminate\\Foundation\\Application->bootstrapWith(Array)
#17 C:\\Users\\dell\\Documents\\Github\\saudiex\\vendor\\laravel\\framework\\src\\Illuminate\\Foundation\\Console\\Kernel.php(153): Illuminate\\Foundation\\Console\\Kernel->bootstrap()
#18 Command line code(1): Illuminate\\Foundation\\Console\\Kernel->handle(Object(Symfony\\Component\\Console\\Input\\ArgvInput), Object(Symfony\\Component\\Console\\Output\\ConsoleOutput))
#19 {main}
"} 
[2025-10-24 12:05:49] local.ERROR: Please provide a valid cache path. {"exception":"[object] (InvalidArgumentException(code: 0): Please provide a valid cache path. at C:\\Users\\dell\\Documents\\Github\\saudiex\\vendor\\laravel\\framework\\src\\Illuminate\\View\\Compilers\\Compiler.php:66)
[stacktrace]
#0 C:\\Users\\dell\\Documents\\Github\\saudiex\\vendor\\laravel\\framework\\src\\Illuminate\\View\\ViewServiceProvider.php(96): Illuminate\\View\\Compilers\\Compiler->__construct(Object(Illuminate\\Filesystem\\Filesystem), false, '', true, 'php')
#1 C:\\Users\\dell\\Documents\\Github\\saudiex\\vendor\\laravel\\framework\\src\\Illuminate\\Container\\Container.php(885): Illuminate\\View\\ViewServiceProvider->Illuminate\\View\\{closure}(Object(Illuminate\\Foundation\\Application), Array)
#2 C:\\Users\\dell\\Documents\\Github\\saudiex\\vendor\\laravel\\framework\\src\\Illuminate\\Container\\Container.php(770): Illuminate\\Container\\Container->build(Object(Closure))
#3 C:\\Users\\dell\\Documents\\Github\\saudiex\\vendor\\laravel\\framework\\src\\Illuminate\\Foundation\\Application.php(881): Illuminate\\Container\\Container->resolve('blade.compiler', Array, true)
#4 C:\\Users\\dell\\Documents\\Github\\saudiex\\vendor\\laravel\\framework\\src\\Illuminate\\Container\\Container.php(706): Illuminate\\Foundation\\Application->resolve('blade.compiler', Array)
#5 C:\\Users\\dell\\Documents\\Github\\saudiex\\vendor\\laravel\\framework\\src\\Illuminate\\Foundation\\Application.php(866): Illuminate\\Container\\Container->make('blade.compiler', Array)
#6 C:\\Users\\dell\\Documents\\Github\\saudiex\\vendor\\laravel\\framework\\src\\Illuminate\\Container\\Container.php(1431): Illuminate\\Foundation\\Application->make('blade.compiler')
#7 C:\\Users\\dell\\Documents\\Github\\saudiex\\vendor\\laravel\\framework\\src\\Illuminate\\Support\\Facades\\Facade.php(222): Illuminate\\Container\\Container->offsetGet('blade.compiler')
#8 C:\\Users\\dell\\Documents\\Github\\saudiex\\vendor\\laravel\\framework\\src\\Illuminate\\Support\\Facades\\Facade.php(193): Illuminate\\Support\\Facades\\Facade::resolveFacadeInstance('blade.compiler')
#9 C:\\Users\\dell\\Documents\\Github\\saudiex\\vendor\\laravel\\framework\\src\\Illuminate\\Support\\Facades\\Facade.php(332): Illuminate\\Support\\Facades\\Facade::getFacadeRoot()
#10 C:\\Users\\dell\\Documents\\Github\\saudiex\\app\\Providers\\AppServiceProvider.php(62): Illuminate\\Support\\Facades\\Facade::__callStatic('withoutDoubleEn...', Array)
#11 C:\\Users\\dell\\Documents\\Github\\saudiex\\vendor\\laravel\\framework\\src\\Illuminate\\Foundation\\Application.php(712): App\\Providers\\AppServiceProvider->register()
#12 C:\\Users\\dell\\Documents\\Github\\saudiex\\vendor\\laravel\\framework\\src\\Illuminate\\Foundation\\ProviderRepository.php(75): Illuminate\\Foundation\\Application->register(Object(App\\Providers\\AppServiceProvider))
#13 C:\\Users\\dell\\Documents\\Github\\saudiex\\vendor\\laravel\\framework\\src\\Illuminate\\Foundation\\Application.php(689): Illuminate\\Foundation\\ProviderRepository->load(Array)
#14 C:\\Users\\dell\\Documents\\Github\\saudiex\\vendor\\laravel\\framework\\src\\Illuminate\\Foundation\\Bootstrap\\RegisterProviders.php(17): Illuminate\\Foundation\\Application->registerConfiguredProviders()
#15 C:\\Users\\dell\\Documents\\Github\\saudiex\\vendor\\laravel\\framework\\src\\Illuminate\\Foundation\\Application.php(265): Illuminate\\Foundation\\Bootstrap\\RegisterProviders->bootstrap(Object(Illuminate\\Foundation\\Application))
#16 C:\\Users\\dell\\Documents\\Github\\saudiex\\vendor\\laravel\\framework\\src\\Illuminate\\Foundation\\Console\\Kernel.php(383): Illuminate\\Foundation\\Application->bootstrapWith(Array)
#17 C:\\Users\\dell\\Documents\\Github\\saudiex\\vendor\\laravel\\framework\\src\\Illuminate\\Foundation\\Console\\Kernel.php(153): Illuminate\\Foundation\\Console\\Kernel->bootstrap()
#18 Command line code(1): Illuminate\\Foundation\\Console\\Kernel->handle(Object(Symfony\\Component\\Console\\Input\\ArgvInput), Object(Symfony\\Component\\Console\\Output\\ConsoleOutput))
#19 {main}
"} 
[2025-10-24 12:06:51] local.ERROR: Class "Barryvdh\Debugbar\ServiceProvider" not found {"exception":"[object] (Error(code: 0): Class \"Barryvdh\\Debugbar\\ServiceProvider\" not found at C:\\Users\\dell\\Documents\\Github\\saudiex\\vendor\\laravel\\framework\\src\\Illuminate\\Foundation\\ProviderRepository.php:206)
[stacktrace]
#0 C:\\Users\\dell\\Documents\\Github\\saudiex\\vendor\\laravel\\framework\\src\\Illuminate\\Foundation\\ProviderRepository.php(142): Illuminate\\Foundation\\ProviderRepository->createProvider('Barryvdh\\\\Debugb...')
#1 C:\\Users\\dell\\Documents\\Github\\saudiex\\vendor\\laravel\\framework\\src\\Illuminate\\Foundation\\ProviderRepository.php(61): Illuminate\\Foundation\\ProviderRepository->compileManifest(Array)
#2 C:\\Users\\dell\\Documents\\Github\\saudiex\\vendor\\laravel\\framework\\src\\Illuminate\\Foundation\\Application.php(689): Illuminate\\Foundation\\ProviderRepository->load(Array)
#3 C:\\Users\\dell\\Documents\\Github\\saudiex\\vendor\\laravel\\framework\\src\\Illuminate\\Foundation\\Bootstrap\\RegisterProviders.php(17): Illuminate\\Foundation\\Application->registerConfiguredProviders()
#4 C:\\Users\\dell\\Documents\\Github\\saudiex\\vendor\\laravel\\framework\\src\\Illuminate\\Foundation\\Application.php(265): Illuminate\\Foundation\\Bootstrap\\RegisterProviders->bootstrap(Object(Illuminate\\Foundation\\Application))
#5 C:\\Users\\dell\\Documents\\Github\\saudiex\\vendor\\laravel\\framework\\src\\Illuminate\\Foundation\\Console\\Kernel.php(383): Illuminate\\Foundation\\Application->bootstrapWith(Array)
#6 C:\\Users\\dell\\Documents\\Github\\saudiex\\vendor\\laravel\\framework\\src\\Illuminate\\Foundation\\Console\\Kernel.php(153): Illuminate\\Foundation\\Console\\Kernel->bootstrap()
#7 C:\\Users\\dell\\Documents\\Github\\saudiex\\artisan(33): Illuminate\\Foundation\\Console\\Kernel->handle(Object(Symfony\\Component\\Console\\Input\\ArgvInput), Object(Symfony\\Component\\Console\\Output\\ConsoleOutput))
#8 {main}
"} 
[2025-10-24 12:07:48] local.ERROR: Class "Barryvdh\Debugbar\ServiceProvider" not found {"exception":"[object] (Error(code: 0): Class \"Barryvdh\\Debugbar\\ServiceProvider\" not found at C:\\Users\\dell\\Documents\\Github\\saudiex\\vendor\\laravel\\framework\\src\\Illuminate\\Foundation\\ProviderRepository.php:206)
[stacktrace]
#0 C:\\Users\\dell\\Documents\\Github\\saudiex\\vendor\\laravel\\framework\\src\\Illuminate\\Foundation\\ProviderRepository.php(142): Illuminate\\Foundation\\ProviderRepository->createProvider('Barryvdh\\\\Debugb...')
#1 C:\\Users\\dell\\Documents\\Github\\saudiex\\vendor\\laravel\\framework\\src\\Illuminate\\Foundation\\ProviderRepository.php(61): Illuminate\\Foundation\\ProviderRepository->compileManifest(Array)
#2 C:\\Users\\dell\\Documents\\Github\\saudiex\\vendor\\laravel\\framework\\src\\Illuminate\\Foundation\\Application.php(689): Illuminate\\Foundation\\ProviderRepository->load(Array)
#3 C:\\Users\\dell\\Documents\\Github\\saudiex\\vendor\\laravel\\framework\\src\\Illuminate\\Foundation\\Bootstrap\\RegisterProviders.php(17): Illuminate\\Foundation\\Application->registerConfiguredProviders()
#4 C:\\Users\\dell\\Documents\\Github\\saudiex\\vendor\\laravel\\framework\\src\\Illuminate\\Foundation\\Application.php(265): Illuminate\\Foundation\\Bootstrap\\RegisterProviders->bootstrap(Object(Illuminate\\Foundation\\Application))
#5 C:\\Users\\dell\\Documents\\Github\\saudiex\\vendor\\laravel\\framework\\src\\Illuminate\\Foundation\\Console\\Kernel.php(383): Illuminate\\Foundation\\Application->bootstrapWith(Array)
#6 C:\\Users\\dell\\Documents\\Github\\saudiex\\vendor\\laravel\\framework\\src\\Illuminate\\Foundation\\Console\\Kernel.php(153): Illuminate\\Foundation\\Console\\Kernel->bootstrap()
#7 Command line code(1): Illuminate\\Foundation\\Console\\Kernel->handle(Object(Symfony\\Component\\Console\\Input\\ArgvInput), Object(Symfony\\Component\\Console\\Output\\ConsoleOutput))
#8 {main}
"} 
[2025-10-24 12:07:48] local.ERROR: Class "Barryvdh\Debugbar\ServiceProvider" not found {"exception":"[object] (Error(code: 0): Class \"Barryvdh\\Debugbar\\ServiceProvider\" not found at C:\\Users\\dell\\Documents\\Github\\saudiex\\vendor\\laravel\\framework\\src\\Illuminate\\Foundation\\ProviderRepository.php:206)
[stacktrace]
#0 C:\\Users\\dell\\Documents\\Github\\saudiex\\vendor\\laravel\\framework\\src\\Illuminate\\Foundation\\ProviderRepository.php(142): Illuminate\\Foundation\\ProviderRepository->createProvider('Barryvdh\\\\Debugb...')
#1 C:\\Users\\dell\\Documents\\Github\\saudiex\\vendor\\laravel\\framework\\src\\Illuminate\\Foundation\\ProviderRepository.php(61): Illuminate\\Foundation\\ProviderRepository->compileManifest(Array)
#2 C:\\Users\\dell\\Documents\\Github\\saudiex\\vendor\\laravel\\framework\\src\\Illuminate\\Foundation\\Application.php(689): Illuminate\\Foundation\\ProviderRepository->load(Array)
#3 C:\\Users\\dell\\Documents\\Github\\saudiex\\vendor\\laravel\\framework\\src\\Illuminate\\Foundation\\Bootstrap\\RegisterProviders.php(17): Illuminate\\Foundation\\Application->registerConfiguredProviders()
#4 C:\\Users\\dell\\Documents\\Github\\saudiex\\vendor\\laravel\\framework\\src\\Illuminate\\Foundation\\Application.php(265): Illuminate\\Foundation\\Bootstrap\\RegisterProviders->bootstrap(Object(Illuminate\\Foundation\\Application))
#5 C:\\Users\\dell\\Documents\\Github\\saudiex\\vendor\\laravel\\framework\\src\\Illuminate\\Foundation\\Console\\Kernel.php(383): Illuminate\\Foundation\\Application->bootstrapWith(Array)
#6 C:\\Users\\dell\\Documents\\Github\\saudiex\\vendor\\laravel\\framework\\src\\Illuminate\\Foundation\\Console\\Kernel.php(153): Illuminate\\Foundation\\Console\\Kernel->bootstrap()
#7 Command line code(1): Illuminate\\Foundation\\Console\\Kernel->handle(Object(Symfony\\Component\\Console\\Input\\ArgvInput), Object(Symfony\\Component\\Console\\Output\\ConsoleOutput))
#8 {main}
"} 
[2025-10-24 12:08:01] local.ERROR: Class "Barryvdh\Debugbar\ServiceProvider" not found {"exception":"[object] (Error(code: 0): Class \"Barryvdh\\Debugbar\\ServiceProvider\" not found at C:\\Users\\dell\\Documents\\Github\\saudiex\\vendor\\laravel\\framework\\src\\Illuminate\\Foundation\\ProviderRepository.php:206)
[stacktrace]
#0 C:\\Users\\dell\\Documents\\Github\\saudiex\\vendor\\laravel\\framework\\src\\Illuminate\\Foundation\\ProviderRepository.php(142): Illuminate\\Foundation\\ProviderRepository->createProvider('Barryvdh\\\\Debugb...')
#1 C:\\Users\\dell\\Documents\\Github\\saudiex\\vendor\\laravel\\framework\\src\\Illuminate\\Foundation\\ProviderRepository.php(61): Illuminate\\Foundation\\ProviderRepository->compileManifest(Array)
#2 C:\\Users\\dell\\Documents\\Github\\saudiex\\vendor\\laravel\\framework\\src\\Illuminate\\Foundation\\Application.php(689): Illuminate\\Foundation\\ProviderRepository->load(Array)
#3 C:\\Users\\dell\\Documents\\Github\\saudiex\\vendor\\laravel\\framework\\src\\Illuminate\\Foundation\\Bootstrap\\RegisterProviders.php(17): Illuminate\\Foundation\\Application->registerConfiguredProviders()
#4 C:\\Users\\dell\\Documents\\Github\\saudiex\\vendor\\laravel\\framework\\src\\Illuminate\\Foundation\\Application.php(265): Illuminate\\Foundation\\Bootstrap\\RegisterProviders->bootstrap(Object(Illuminate\\Foundation\\Application))
#5 C:\\Users\\dell\\Documents\\Github\\saudiex\\vendor\\laravel\\framework\\src\\Illuminate\\Foundation\\Console\\Kernel.php(383): Illuminate\\Foundation\\Application->bootstrapWith(Array)
#6 C:\\Users\\dell\\Documents\\Github\\saudiex\\vendor\\laravel\\framework\\src\\Illuminate\\Foundation\\Console\\Kernel.php(153): Illuminate\\Foundation\\Console\\Kernel->bootstrap()
#7 Command line code(1): Illuminate\\Foundation\\Console\\Kernel->handle(Object(Symfony\\Component\\Console\\Input\\ArgvInput), Object(Symfony\\Component\\Console\\Output\\ConsoleOutput))
#8 {main}
"} 
[2025-10-24 12:08:20] local.ERROR: Class "Barryvdh\Debugbar\ServiceProvider" not found {"exception":"[object] (Error(code: 0): Class \"Barryvdh\\Debugbar\\ServiceProvider\" not found at C:\\Users\\dell\\Documents\\Github\\saudiex\\vendor\\laravel\\framework\\src\\Illuminate\\Foundation\\ProviderRepository.php:206)
[stacktrace]
#0 C:\\Users\\dell\\Documents\\Github\\saudiex\\vendor\\laravel\\framework\\src\\Illuminate\\Foundation\\ProviderRepository.php(142): Illuminate\\Foundation\\ProviderRepository->createProvider('Barryvdh\\\\Debugb...')
#1 C:\\Users\\dell\\Documents\\Github\\saudiex\\vendor\\laravel\\framework\\src\\Illuminate\\Foundation\\ProviderRepository.php(61): Illuminate\\Foundation\\ProviderRepository->compileManifest(Array)
#2 C:\\Users\\dell\\Documents\\Github\\saudiex\\vendor\\laravel\\framework\\src\\Illuminate\\Foundation\\Application.php(689): Illuminate\\Foundation\\ProviderRepository->load(Array)
#3 C:\\Users\\dell\\Documents\\Github\\saudiex\\vendor\\laravel\\framework\\src\\Illuminate\\Foundation\\Bootstrap\\RegisterProviders.php(17): Illuminate\\Foundation\\Application->registerConfiguredProviders()
#4 C:\\Users\\dell\\Documents\\Github\\saudiex\\vendor\\laravel\\framework\\src\\Illuminate\\Foundation\\Application.php(265): Illuminate\\Foundation\\Bootstrap\\RegisterProviders->bootstrap(Object(Illuminate\\Foundation\\Application))
#5 C:\\Users\\dell\\Documents\\Github\\saudiex\\vendor\\laravel\\framework\\src\\Illuminate\\Foundation\\Console\\Kernel.php(383): Illuminate\\Foundation\\Application->bootstrapWith(Array)
#6 C:\\Users\\dell\\Documents\\Github\\saudiex\\vendor\\laravel\\framework\\src\\Illuminate\\Foundation\\Console\\Kernel.php(153): Illuminate\\Foundation\\Console\\Kernel->bootstrap()
#7 Command line code(1): Illuminate\\Foundation\\Console\\Kernel->handle(Object(Symfony\\Component\\Console\\Input\\ArgvInput), Object(Symfony\\Component\\Console\\Output\\ConsoleOutput))
#8 {main}
"} 
[2025-10-24 12:08:44] local.ERROR: Class "Barryvdh\Debugbar\ServiceProvider" not found {"exception":"[object] (Error(code: 0): Class \"Barryvdh\\Debugbar\\ServiceProvider\" not found at C:\\Users\\dell\\Documents\\Github\\saudiex\\vendor\\laravel\\framework\\src\\Illuminate\\Foundation\\ProviderRepository.php:206)
[stacktrace]
#0 C:\\Users\\dell\\Documents\\Github\\saudiex\\vendor\\laravel\\framework\\src\\Illuminate\\Foundation\\ProviderRepository.php(142): Illuminate\\Foundation\\ProviderRepository->createProvider('Barryvdh\\\\Debugb...')
#1 C:\\Users\\dell\\Documents\\Github\\saudiex\\vendor\\laravel\\framework\\src\\Illuminate\\Foundation\\ProviderRepository.php(61): Illuminate\\Foundation\\ProviderRepository->compileManifest(Array)
#2 C:\\Users\\dell\\Documents\\Github\\saudiex\\vendor\\laravel\\framework\\src\\Illuminate\\Foundation\\Application.php(689): Illuminate\\Foundation\\ProviderRepository->load(Array)
#3 C:\\Users\\dell\\Documents\\Github\\saudiex\\vendor\\laravel\\framework\\src\\Illuminate\\Foundation\\Bootstrap\\RegisterProviders.php(17): Illuminate\\Foundation\\Application->registerConfiguredProviders()
#4 C:\\Users\\dell\\Documents\\Github\\saudiex\\vendor\\laravel\\framework\\src\\Illuminate\\Foundation\\Application.php(265): Illuminate\\Foundation\\Bootstrap\\RegisterProviders->bootstrap(Object(Illuminate\\Foundation\\Application))
#5 C:\\Users\\dell\\Documents\\Github\\saudiex\\vendor\\laravel\\framework\\src\\Illuminate\\Foundation\\Console\\Kernel.php(383): Illuminate\\Foundation\\Application->bootstrapWith(Array)
#6 C:\\Users\\dell\\Documents\\Github\\saudiex\\vendor\\laravel\\framework\\src\\Illuminate\\Foundation\\Console\\Kernel.php(153): Illuminate\\Foundation\\Console\\Kernel->bootstrap()
#7 Command line code(1): Illuminate\\Foundation\\Console\\Kernel->handle(Object(Symfony\\Component\\Console\\Input\\ArgvInput), Object(Symfony\\Component\\Console\\Output\\ConsoleOutput))
#8 {main}
"} 
[2025-10-24 12:08:49] local.ERROR: Class "Barryvdh\Debugbar\ServiceProvider" not found {"exception":"[object] (Error(code: 0): Class \"Barryvdh\\Debugbar\\ServiceProvider\" not found at C:\\Users\\dell\\Documents\\Github\\saudiex\\vendor\\laravel\\framework\\src\\Illuminate\\Foundation\\ProviderRepository.php:206)
[stacktrace]
#0 C:\\Users\\dell\\Documents\\Github\\saudiex\\vendor\\laravel\\framework\\src\\Illuminate\\Foundation\\ProviderRepository.php(142): Illuminate\\Foundation\\ProviderRepository->createProvider('Barryvdh\\\\Debugb...')
#1 C:\\Users\\dell\\Documents\\Github\\saudiex\\vendor\\laravel\\framework\\src\\Illuminate\\Foundation\\ProviderRepository.php(61): Illuminate\\Foundation\\ProviderRepository->compileManifest(Array)
#2 C:\\Users\\dell\\Documents\\Github\\saudiex\\vendor\\laravel\\framework\\src\\Illuminate\\Foundation\\Application.php(689): Illuminate\\Foundation\\ProviderRepository->load(Array)
#3 C:\\Users\\dell\\Documents\\Github\\saudiex\\vendor\\laravel\\framework\\src\\Illuminate\\Foundation\\Bootstrap\\RegisterProviders.php(17): Illuminate\\Foundation\\Application->registerConfiguredProviders()
#4 C:\\Users\\dell\\Documents\\Github\\saudiex\\vendor\\laravel\\framework\\src\\Illuminate\\Foundation\\Application.php(265): Illuminate\\Foundation\\Bootstrap\\RegisterProviders->bootstrap(Object(Illuminate\\Foundation\\Application))
#5 C:\\Users\\dell\\Documents\\Github\\saudiex\\vendor\\laravel\\framework\\src\\Illuminate\\Foundation\\Console\\Kernel.php(383): Illuminate\\Foundation\\Application->bootstrapWith(Array)
#6 C:\\Users\\dell\\Documents\\Github\\saudiex\\vendor\\laravel\\framework\\src\\Illuminate\\Foundation\\Console\\Kernel.php(153): Illuminate\\Foundation\\Console\\Kernel->bootstrap()
#7 Command line code(1): Illuminate\\Foundation\\Console\\Kernel->handle(Object(Symfony\\Component\\Console\\Input\\ArgvInput), Object(Symfony\\Component\\Console\\Output\\ConsoleOutput))
#8 {main}
"} 
[2025-10-24 12:08:49] local.ERROR: Class "Barryvdh\Debugbar\ServiceProvider" not found {"exception":"[object] (Error(code: 0): Class \"Barryvdh\\Debugbar\\ServiceProvider\" not found at C:\\Users\\dell\\Documents\\Github\\saudiex\\vendor\\laravel\\framework\\src\\Illuminate\\Foundation\\ProviderRepository.php:206)
[stacktrace]
#0 C:\\Users\\dell\\Documents\\Github\\saudiex\\vendor\\laravel\\framework\\src\\Illuminate\\Foundation\\ProviderRepository.php(142): Illuminate\\Foundation\\ProviderRepository->createProvider('Barryvdh\\\\Debugb...')
#1 C:\\Users\\dell\\Documents\\Github\\saudiex\\vendor\\laravel\\framework\\src\\Illuminate\\Foundation\\ProviderRepository.php(61): Illuminate\\Foundation\\ProviderRepository->compileManifest(Array)
#2 C:\\Users\\dell\\Documents\\Github\\saudiex\\vendor\\laravel\\framework\\src\\Illuminate\\Foundation\\Application.php(689): Illuminate\\Foundation\\ProviderRepository->load(Array)
#3 C:\\Users\\dell\\Documents\\Github\\saudiex\\vendor\\laravel\\framework\\src\\Illuminate\\Foundation\\Bootstrap\\RegisterProviders.php(17): Illuminate\\Foundation\\Application->registerConfiguredProviders()
#4 C:\\Users\\dell\\Documents\\Github\\saudiex\\vendor\\laravel\\framework\\src\\Illuminate\\Foundation\\Application.php(265): Illuminate\\Foundation\\Bootstrap\\RegisterProviders->bootstrap(Object(Illuminate\\Foundation\\Application))
#5 C:\\Users\\dell\\Documents\\Github\\saudiex\\vendor\\laravel\\framework\\src\\Illuminate\\Foundation\\Console\\Kernel.php(383): Illuminate\\Foundation\\Application->bootstrapWith(Array)
#6 C:\\Users\\dell\\Documents\\Github\\saudiex\\vendor\\laravel\\framework\\src\\Illuminate\\Foundation\\Console\\Kernel.php(153): Illuminate\\Foundation\\Console\\Kernel->bootstrap()
#7 Command line code(1): Illuminate\\Foundation\\Console\\Kernel->handle(Object(Symfony\\Component\\Console\\Input\\ArgvInput), Object(Symfony\\Component\\Console\\Output\\ConsoleOutput))
#8 {main}
"} 
[2025-10-24 12:08:49] local.ERROR: Class "Barryvdh\Debugbar\ServiceProvider" not found {"exception":"[object] (Error(code: 0): Class \"Barryvdh\\Debugbar\\ServiceProvider\" not found at C:\\Users\\dell\\Documents\\Github\\saudiex\\vendor\\laravel\\framework\\src\\Illuminate\\Foundation\\ProviderRepository.php:206)
[stacktrace]
#0 C:\\Users\\dell\\Documents\\Github\\saudiex\\vendor\\laravel\\framework\\src\\Illuminate\\Foundation\\ProviderRepository.php(142): Illuminate\\Foundation\\ProviderRepository->createProvider('Barryvdh\\\\Debugb...')
#1 C:\\Users\\dell\\Documents\\Github\\saudiex\\vendor\\laravel\\framework\\src\\Illuminate\\Foundation\\ProviderRepository.php(61): Illuminate\\Foundation\\ProviderRepository->compileManifest(Array)
#2 C:\\Users\\dell\\Documents\\Github\\saudiex\\vendor\\laravel\\framework\\src\\Illuminate\\Foundation\\Application.php(689): Illuminate\\Foundation\\ProviderRepository->load(Array)
#3 C:\\Users\\dell\\Documents\\Github\\saudiex\\vendor\\laravel\\framework\\src\\Illuminate\\Foundation\\Bootstrap\\RegisterProviders.php(17): Illuminate\\Foundation\\Application->registerConfiguredProviders()
#4 C:\\Users\\dell\\Documents\\Github\\saudiex\\vendor\\laravel\\framework\\src\\Illuminate\\Foundation\\Application.php(265): Illuminate\\Foundation\\Bootstrap\\RegisterProviders->bootstrap(Object(Illuminate\\Foundation\\Application))
#5 C:\\Users\\dell\\Documents\\Github\\saudiex\\vendor\\laravel\\framework\\src\\Illuminate\\Foundation\\Console\\Kernel.php(383): Illuminate\\Foundation\\Application->bootstrapWith(Array)
#6 C:\\Users\\dell\\Documents\\Github\\saudiex\\vendor\\laravel\\framework\\src\\Illuminate\\Foundation\\Console\\Kernel.php(153): Illuminate\\Foundation\\Console\\Kernel->bootstrap()
#7 Command line code(1): Illuminate\\Foundation\\Console\\Kernel->handle(Object(Symfony\\Component\\Console\\Input\\ArgvInput), Object(Symfony\\Component\\Console\\Output\\ConsoleOutput))
#8 {main}
"} 
[2025-10-24 12:09:49] local.ERROR: Class "Barryvdh\Debugbar\ServiceProvider" not found {"exception":"[object] (Error(code: 0): Class \"Barryvdh\\Debugbar\\ServiceProvider\" not found at C:\\Users\\dell\\Documents\\Github\\saudiex\\vendor\\laravel\\framework\\src\\Illuminate\\Foundation\\ProviderRepository.php:206)
[stacktrace]
#0 C:\\Users\\dell\\Documents\\Github\\saudiex\\vendor\\laravel\\framework\\src\\Illuminate\\Foundation\\ProviderRepository.php(142): Illuminate\\Foundation\\ProviderRepository->createProvider('Barryvdh\\\\Debugb...')
#1 C:\\Users\\dell\\Documents\\Github\\saudiex\\vendor\\laravel\\framework\\src\\Illuminate\\Foundation\\ProviderRepository.php(61): Illuminate\\Foundation\\ProviderRepository->compileManifest(Array)
#2 C:\\Users\\dell\\Documents\\Github\\saudiex\\vendor\\laravel\\framework\\src\\Illuminate\\Foundation\\Application.php(689): Illuminate\\Foundation\\ProviderRepository->load(Array)
#3 C:\\Users\\dell\\Documents\\Github\\saudiex\\vendor\\laravel\\framework\\src\\Illuminate\\Foundation\\Bootstrap\\RegisterProviders.php(17): Illuminate\\Foundation\\Application->registerConfiguredProviders()
#4 C:\\Users\\dell\\Documents\\Github\\saudiex\\vendor\\laravel\\framework\\src\\Illuminate\\Foundation\\Application.php(265): Illuminate\\Foundation\\Bootstrap\\RegisterProviders->bootstrap(Object(Illuminate\\Foundation\\Application))
#5 C:\\Users\\dell\\Documents\\Github\\saudiex\\vendor\\laravel\\framework\\src\\Illuminate\\Foundation\\Console\\Kernel.php(383): Illuminate\\Foundation\\Application->bootstrapWith(Array)
#6 C:\\Users\\dell\\Documents\\Github\\saudiex\\vendor\\laravel\\framework\\src\\Illuminate\\Foundation\\Console\\Kernel.php(153): Illuminate\\Foundation\\Console\\Kernel->bootstrap()
#7 Command line code(1): Illuminate\\Foundation\\Console\\Kernel->handle(Object(Symfony\\Component\\Console\\Input\\ArgvInput), Object(Symfony\\Component\\Console\\Output\\ConsoleOutput))
#8 {main}
"} 
[2025-10-24 12:09:49] local.ERROR: Class "Barryvdh\Debugbar\ServiceProvider" not found {"exception":"[object] (Error(code: 0): Class \"Barryvdh\\Debugbar\\ServiceProvider\" not found at C:\\Users\\dell\\Documents\\Github\\saudiex\\vendor\\laravel\\framework\\src\\Illuminate\\Foundation\\ProviderRepository.php:206)
[stacktrace]
#0 C:\\Users\\dell\\Documents\\Github\\saudiex\\vendor\\laravel\\framework\\src\\Illuminate\\Foundation\\ProviderRepository.php(142): Illuminate\\Foundation\\ProviderRepository->createProvider('Barryvdh\\\\Debugb...')
#1 C:\\Users\\dell\\Documents\\Github\\saudiex\\vendor\\laravel\\framework\\src\\Illuminate\\Foundation\\ProviderRepository.php(61): Illuminate\\Foundation\\ProviderRepository->compileManifest(Array)
#2 C:\\Users\\dell\\Documents\\Github\\saudiex\\vendor\\laravel\\framework\\src\\Illuminate\\Foundation\\Application.php(689): Illuminate\\Foundation\\ProviderRepository->load(Array)
#3 C:\\Users\\dell\\Documents\\Github\\saudiex\\vendor\\laravel\\framework\\src\\Illuminate\\Foundation\\Bootstrap\\RegisterProviders.php(17): Illuminate\\Foundation\\Application->registerConfiguredProviders()
#4 C:\\Users\\dell\\Documents\\Github\\saudiex\\vendor\\laravel\\framework\\src\\Illuminate\\Foundation\\Application.php(265): Illuminate\\Foundation\\Bootstrap\\RegisterProviders->bootstrap(Object(Illuminate\\Foundation\\Application))
#5 C:\\Users\\dell\\Documents\\Github\\saudiex\\vendor\\laravel\\framework\\src\\Illuminate\\Foundation\\Console\\Kernel.php(383): Illuminate\\Foundation\\Application->bootstrapWith(Array)
#6 C:\\Users\\dell\\Documents\\Github\\saudiex\\vendor\\laravel\\framework\\src\\Illuminate\\Foundation\\Console\\Kernel.php(153): Illuminate\\Foundation\\Console\\Kernel->bootstrap()
#7 Command line code(1): Illuminate\\Foundation\\Console\\Kernel->handle(Object(Symfony\\Component\\Console\\Input\\ArgvInput), Object(Symfony\\Component\\Console\\Output\\ConsoleOutput))
#8 {main}
"} 
[2025-10-24 12:10:40] local.ERROR: Please provide a valid cache path. {"exception":"[object] (InvalidArgumentException(code: 0): Please provide a valid cache path. at C:\\Users\\dell\\Documents\\Github\\saudiex\\vendor\\laravel\\framework\\src\\Illuminate\\View\\Compilers\\Compiler.php:66)
[stacktrace]
#0 C:\\Users\\dell\\Documents\\Github\\saudiex\\vendor\\laravel\\framework\\src\\Illuminate\\View\\ViewServiceProvider.php(96): Illuminate\\View\\Compilers\\Compiler->__construct(Object(Illuminate\\Filesystem\\Filesystem), false, '', true, 'php')
#1 C:\\Users\\dell\\Documents\\Github\\saudiex\\vendor\\laravel\\framework\\src\\Illuminate\\Container\\Container.php(885): Illuminate\\View\\ViewServiceProvider->Illuminate\\View\\{closure}(Object(Illuminate\\Foundation\\Application), Array)
#2 C:\\Users\\dell\\Documents\\Github\\saudiex\\vendor\\laravel\\framework\\src\\Illuminate\\Container\\Container.php(770): Illuminate\\Container\\Container->build(Object(Closure))
#3 C:\\Users\\dell\\Documents\\Github\\saudiex\\vendor\\laravel\\framework\\src\\Illuminate\\Foundation\\Application.php(881): Illuminate\\Container\\Container->resolve('blade.compiler', Array, true)
#4 C:\\Users\\dell\\Documents\\Github\\saudiex\\vendor\\laravel\\framework\\src\\Illuminate\\Container\\Container.php(706): Illuminate\\Foundation\\Application->resolve('blade.compiler', Array)
#5 C:\\Users\\dell\\Documents\\Github\\saudiex\\vendor\\laravel\\framework\\src\\Illuminate\\Foundation\\Application.php(866): Illuminate\\Container\\Container->make('blade.compiler', Array)
#6 C:\\Users\\dell\\Documents\\Github\\saudiex\\vendor\\laravel\\framework\\src\\Illuminate\\Container\\Container.php(1431): Illuminate\\Foundation\\Application->make('blade.compiler')
#7 C:\\Users\\dell\\Documents\\Github\\saudiex\\vendor\\laravel\\framework\\src\\Illuminate\\Support\\Facades\\Facade.php(222): Illuminate\\Container\\Container->offsetGet('blade.compiler')
#8 C:\\Users\\dell\\Documents\\Github\\saudiex\\vendor\\laravel\\framework\\src\\Illuminate\\Support\\Facades\\Facade.php(193): Illuminate\\Support\\Facades\\Facade::resolveFacadeInstance('blade.compiler')
#9 C:\\Users\\dell\\Documents\\Github\\saudiex\\vendor\\laravel\\framework\\src\\Illuminate\\Support\\Facades\\Facade.php(332): Illuminate\\Support\\Facades\\Facade::getFacadeRoot()
#10 C:\\Users\\dell\\Documents\\Github\\saudiex\\app\\Providers\\AppServiceProvider.php(62): Illuminate\\Support\\Facades\\Facade::__callStatic('withoutDoubleEn...', Array)
#11 C:\\Users\\dell\\Documents\\Github\\saudiex\\vendor\\laravel\\framework\\src\\Illuminate\\Foundation\\Application.php(712): App\\Providers\\AppServiceProvider->register()
#12 C:\\Users\\dell\\Documents\\Github\\saudiex\\vendor\\laravel\\framework\\src\\Illuminate\\Foundation\\ProviderRepository.php(75): Illuminate\\Foundation\\Application->register(Object(App\\Providers\\AppServiceProvider))
#13 C:\\Users\\dell\\Documents\\Github\\saudiex\\vendor\\laravel\\framework\\src\\Illuminate\\Foundation\\Application.php(689): Illuminate\\Foundation\\ProviderRepository->load(Array)
#14 C:\\Users\\dell\\Documents\\Github\\saudiex\\vendor\\laravel\\framework\\src\\Illuminate\\Foundation\\Bootstrap\\RegisterProviders.php(17): Illuminate\\Foundation\\Application->registerConfiguredProviders()
#15 C:\\Users\\dell\\Documents\\Github\\saudiex\\vendor\\laravel\\framework\\src\\Illuminate\\Foundation\\Application.php(265): Illuminate\\Foundation\\Bootstrap\\RegisterProviders->bootstrap(Object(Illuminate\\Foundation\\Application))
#16 C:\\Users\\dell\\Documents\\Github\\saudiex\\vendor\\laravel\\framework\\src\\Illuminate\\Foundation\\Console\\Kernel.php(383): Illuminate\\Foundation\\Application->bootstrapWith(Array)
#17 C:\\Users\\dell\\Documents\\Github\\saudiex\\vendor\\laravel\\framework\\src\\Illuminate\\Foundation\\Console\\Kernel.php(153): Illuminate\\Foundation\\Console\\Kernel->bootstrap()
#18 C:\\Users\\dell\\Documents\\Github\\saudiex\\artisan(33): Illuminate\\Foundation\\Console\\Kernel->handle(Object(Symfony\\Component\\Console\\Input\\ArgvInput), Object(Symfony\\Component\\Console\\Output\\ConsoleOutput))
#19 {main}
"} 
[2025-10-24 12:10:48] local.ERROR: Invalid key supplied  
[2025-10-24 12:10:49] local.ERROR: Invalid key supplied  
[2025-10-24 12:10:49] local.ERROR: Invalid key supplied  
[2025-10-24 12:10:52] local.ERROR: Invalid key supplied  
[2025-10-24 12:11:49] local.ERROR: Invalid key supplied  
[2025-10-24 12:11:49] local.ERROR: Invalid key supplied  
[2025-10-24 12:12:49] local.ERROR: Invalid key supplied  
[2025-10-24 12:12:49] local.ERROR: Invalid key supplied  
[2025-10-24 12:13:49] local.ERROR: Invalid key supplied  
[2025-10-24 12:13:49] local.ERROR: Invalid key supplied  
[2025-10-24 12:14:53] local.ERROR: Invalid key supplied  
[2025-10-24 12:14:54] local.ERROR: Invalid key supplied  
[2025-10-24 12:15:49] local.ERROR: Invalid key supplied  
[2025-10-24 12:15:49] local.ERROR: Invalid key supplied  
[2025-10-24 12:16:49] local.ERROR: Invalid key supplied  
[2025-10-24 12:16:49] local.ERROR: Invalid key supplied  
[2025-10-24 12:17:49] local.ERROR: Invalid key supplied  
[2025-10-24 12:17:49] local.ERROR: Invalid key supplied  
[2025-10-24 12:18:19] local.ERROR: Invalid key supplied  
[2025-10-24 12:18:49] local.ERROR: Invalid key supplied  
[2025-10-24 12:18:49] local.ERROR: Invalid key supplied  
[2025-10-24 12:19:49] local.ERROR: Invalid key supplied  
[2025-10-24 12:19:49] local.ERROR: Invalid key supplied  
[2025-10-24 12:20:49] local.ERROR: Invalid key supplied  
[2025-10-24 12:20:49] local.ERROR: Invalid key supplied  
[2025-10-24 12:21:49] local.ERROR: Invalid key supplied  
[2025-10-24 12:21:49] local.ERROR: Invalid key supplied  
[2025-10-24 12:22:49] local.ERROR: Invalid key supplied  
[2025-10-24 12:22:49] local.ERROR: Invalid key supplied  
[2025-10-24 12:23:49] local.ERROR: Invalid key supplied  
[2025-10-24 12:23:49] local.ERROR: Invalid key supplied  
[2025-10-24 12:24:49] local.ERROR: Invalid key supplied  
[2025-10-24 12:24:49] local.ERROR: Invalid key supplied  
[2025-10-24 12:25:49] local.ERROR: Invalid key supplied  
[2025-10-24 12:25:50] local.ERROR: Invalid key supplied  
[2025-10-24 12:26:49] local.ERROR: Invalid key supplied  
[2025-10-24 12:26:49] local.ERROR: Invalid key supplied  
[2025-10-24 12:27:49] local.ERROR: Invalid key supplied  
[2025-10-24 12:27:49] local.ERROR: Invalid key supplied  
[2025-10-24 12:28:19] local.ERROR: Invalid key supplied  
[2025-10-24 12:28:49] local.ERROR: Invalid key supplied  
[2025-10-24 12:28:49] local.ERROR: Invalid key supplied  
[2025-10-24 12:29:49] local.ERROR: Invalid key supplied  
[2025-10-24 12:29:49] local.ERROR: Invalid key supplied  
[2025-10-24 12:30:49] local.ERROR: Invalid key supplied  
[2025-10-24 12:30:49] local.ERROR: Invalid key supplied  
[2025-10-24 12:31:49] local.ERROR: Invalid key supplied  
[2025-10-24 12:31:49] local.ERROR: Invalid key supplied  
[2025-10-24 12:32:49] local.ERROR: Invalid key supplied  
[2025-10-24 12:32:49] local.ERROR: Invalid key supplied  
[2025-10-24 12:33:49] local.ERROR: Invalid key supplied  
[2025-10-24 12:33:49] local.ERROR: Invalid key supplied  
[2025-10-24 12:34:49] local.ERROR: Invalid key supplied  
[2025-10-24 12:34:49] local.ERROR: Invalid key supplied  
[2025-10-24 12:35:49] local.ERROR: Invalid key supplied  
[2025-10-24 12:35:49] local.ERROR: Invalid key supplied  
[2025-10-24 12:36:49] local.ERROR: Invalid key supplied  
[2025-10-24 12:36:49] local.ERROR: Invalid key supplied  
[2025-10-24 12:37:49] local.ERROR: Invalid key supplied  
[2025-10-24 12:37:49] local.ERROR: Invalid key supplied  
[2025-10-24 12:38:19] local.ERROR: Invalid key supplied  
[2025-10-24 12:38:49] local.ERROR: Invalid key supplied  
[2025-10-24 12:38:49] local.ERROR: Invalid key supplied  
[2025-10-24 12:39:49] local.ERROR: Invalid key supplied  
[2025-10-24 12:39:49] local.ERROR: Invalid key supplied  
[2025-10-24 12:40:49] local.ERROR: Invalid key supplied  
[2025-10-24 12:40:49] local.ERROR: Invalid key supplied  
[2025-10-24 12:41:49] local.ERROR: Invalid key supplied  
[2025-10-24 12:41:49] local.ERROR: Invalid key supplied  
[2025-10-24 12:42:49] local.ERROR: Invalid key supplied  
[2025-10-24 12:42:49] local.ERROR: Invalid key supplied  
[2025-10-24 12:43:58] local.ERROR: Invalid key supplied  
[2025-10-24 12:43:58] local.ERROR: Invalid key supplied  
[2025-10-24 12:44:49] local.ERROR: Invalid key supplied  
[2025-10-24 12:44:49] local.ERROR: Invalid key supplied  
[2025-10-24 12:45:49] local.ERROR: Invalid key supplied  
[2025-10-24 12:45:49] local.ERROR: Invalid key supplied  
[2025-10-24 12:46:49] local.ERROR: Invalid key supplied  
[2025-10-24 12:46:49] local.ERROR: Invalid key supplied  
[2025-10-24 12:47:49] local.ERROR: Invalid key supplied  
[2025-10-24 12:47:49] local.ERROR: Invalid key supplied  
[2025-10-24 12:48:19] local.ERROR: Invalid key supplied  
[2025-10-24 12:48:49] local.ERROR: Invalid key supplied  
[2025-10-24 12:48:49] local.ERROR: Invalid key supplied  
[2025-10-24 12:49:49] local.ERROR: Invalid key supplied  
[2025-10-24 12:49:49] local.ERROR: Invalid key supplied  
[2025-10-24 12:50:49] local.ERROR: Invalid key supplied  
[2025-10-24 12:50:49] local.ERROR: Invalid key supplied  
[2025-10-24 12:51:49] local.ERROR: Invalid key supplied  
[2025-10-24 12:51:49] local.ERROR: Invalid key supplied  
[2025-10-24 12:52:50] local.ERROR: Invalid key supplied  
[2025-10-24 12:52:50] local.ERROR: Invalid key supplied  
[2025-10-24 12:53:49] local.ERROR: Invalid key supplied  
[2025-10-24 12:53:49] local.ERROR: Invalid key supplied  
[2025-10-24 12:54:49] local.ERROR: Invalid key supplied  
[2025-10-24 12:54:49] local.ERROR: Invalid key supplied  
[2025-10-24 12:55:50] local.ERROR: Invalid key supplied  
[2025-10-24 12:55:50] local.ERROR: Invalid key supplied  
[2025-10-24 12:56:50] local.ERROR: Invalid key supplied  
[2025-10-24 12:56:50] local.ERROR: Invalid key supplied  
[2025-10-24 12:57:49] local.ERROR: Invalid key supplied  
[2025-10-24 12:57:50] local.ERROR: Invalid key supplied  
[2025-10-24 12:58:20] local.ERROR: Invalid key supplied  
[2025-10-24 12:58:50] local.ERROR: Invalid key supplied  
[2025-10-24 12:58:50] local.ERROR: Invalid key supplied  
[2025-10-24 12:59:49] local.ERROR: Invalid key supplied  
[2025-10-24 12:59:50] local.ERROR: Invalid key supplied  
[2025-10-24 13:00:50] local.ERROR: Invalid key supplied  
[2025-10-24 13:00:50] local.ERROR: Invalid key supplied  
[2025-10-24 13:01:50] local.ERROR: Invalid key supplied  
[2025-10-24 13:01:50] local.ERROR: Invalid key supplied  
[2025-10-24 13:02:50] local.ERROR: Invalid key supplied  
[2025-10-24 13:02:50] local.ERROR: Invalid key supplied  
[2025-10-24 13:03:50] local.ERROR: Invalid key supplied  
[2025-10-24 13:03:50] local.ERROR: Invalid key supplied  
[2025-10-24 13:04:50] local.ERROR: Invalid key supplied  
[2025-10-24 13:04:50] local.ERROR: Invalid key supplied  
[2025-10-24 13:05:49] local.ERROR: Invalid key supplied  
[2025-10-24 13:05:49] local.ERROR: Invalid key supplied  
[2025-10-24 13:06:49] local.ERROR: Invalid key supplied  
[2025-10-24 13:06:49] local.ERROR: Invalid key supplied  
[2025-10-24 13:07:50] local.ERROR: Invalid key supplied  
[2025-10-24 13:07:50] local.ERROR: Invalid key supplied  
[2025-10-24 13:08:20] local.ERROR: Invalid key supplied  
[2025-10-24 13:08:49] local.ERROR: Invalid key supplied  
[2025-10-24 13:08:49] local.ERROR: Invalid key supplied  
[2025-10-24 13:09:49] local.ERROR: Invalid key supplied  
[2025-10-24 13:09:49] local.ERROR: Invalid key supplied  
[2025-10-24 13:10:50] local.ERROR: Invalid key supplied  
[2025-10-24 13:10:50] local.ERROR: Invalid key supplied  
[2025-10-24 13:11:50] local.ERROR: Invalid key supplied  
[2025-10-24 13:11:50] local.ERROR: Invalid key supplied  
[2025-10-24 13:12:49] local.ERROR: Invalid key supplied  
[2025-10-24 13:12:50] local.ERROR: Invalid key supplied  
[2025-10-24 13:13:50] local.ERROR: Invalid key supplied  
[2025-10-24 13:13:50] local.ERROR: Invalid key supplied  
[2025-10-24 13:14:50] local.ERROR: Invalid key supplied  
[2025-10-24 13:14:50] local.ERROR: Invalid key supplied  
[2025-10-24 13:15:50] local.ERROR: Invalid key supplied  
[2025-10-24 13:15:50] local.ERROR: Invalid key supplied  
[2025-10-24 13:16:50] local.ERROR: Invalid key supplied  
[2025-10-24 13:16:50] local.ERROR: Invalid key supplied  
[2025-10-24 13:17:49] local.ERROR: Invalid key supplied  
[2025-10-24 13:17:49] local.ERROR: Invalid key supplied  
[2025-10-24 13:18:20] local.ERROR: Invalid key supplied  
[2025-10-24 13:18:49] local.ERROR: Invalid key supplied  
[2025-10-24 13:18:49] local.ERROR: Invalid key supplied  
[2025-10-24 13:19:50] local.ERROR: Invalid key supplied  
[2025-10-24 13:19:50] local.ERROR: Invalid key supplied  
[2025-10-24 13:20:50] local.ERROR: Invalid key supplied  
[2025-10-24 13:20:50] local.ERROR: Invalid key supplied  
[2025-10-24 13:21:49] local.ERROR: Invalid key supplied  
[2025-10-24 13:21:49] local.ERROR: Invalid key supplied  
[2025-10-24 13:22:50] local.ERROR: Invalid key supplied  
[2025-10-24 13:22:50] local.ERROR: Invalid key supplied  
[2025-10-24 13:23:49] local.ERROR: Invalid key supplied  
[2025-10-24 13:23:49] local.ERROR: Invalid key supplied  
[2025-10-24 13:24:50] local.ERROR: Invalid key supplied  
[2025-10-24 13:24:50] local.ERROR: Invalid key supplied  
[2025-10-24 13:25:50] local.ERROR: Invalid key supplied  
[2025-10-24 13:25:50] local.ERROR: Invalid key supplied  
[2025-10-24 13:26:50] local.ERROR: Invalid key supplied  
[2025-10-24 13:26:50] local.ERROR: Invalid key supplied  
[2025-10-24 13:27:49] local.ERROR: Invalid key supplied  
[2025-10-24 13:27:49] local.ERROR: Invalid key supplied  
[2025-10-24 13:28:19] local.ERROR: Invalid key supplied  
[2025-10-24 13:28:49] local.ERROR: Invalid key supplied  
[2025-10-24 13:28:49] local.ERROR: Invalid key supplied  
[2025-10-24 13:29:49] local.ERROR: Invalid key supplied  
[2025-10-24 13:29:49] local.ERROR: Invalid key supplied  
[2025-10-24 13:30:50] local.ERROR: Invalid key supplied  
[2025-10-24 13:30:50] local.ERROR: Invalid key supplied  
[2025-10-24 13:31:50] local.ERROR: Invalid key supplied  
[2025-10-24 13:31:50] local.ERROR: Invalid key supplied  
[2025-10-24 13:32:50] local.ERROR: Invalid key supplied  
[2025-10-24 13:32:50] local.ERROR: Invalid key supplied  
[2025-10-24 13:33:47] local.ERROR: Invalid key supplied  
[2025-10-24 13:33:51] local.ERROR: Invalid key supplied  
[2025-10-24 13:33:51] local.ERROR: Invalid key supplied  
[2025-10-24 13:34:02] local.ERROR: SQLSTATE[HY000] [1049] Unknown database 'gpswox_traccar' (SQL: select * from information_schema.tables where table_schema = gpswox_traccar and table_name = unregistered_devices_log and table_type = 'BASE TABLE') {"exception":"[object] (Illuminate\\Database\\QueryException(code: 1049): SQLSTATE[HY000] [1049] Unknown database 'gpswox_traccar' (SQL: select * from information_schema.tables where table_schema = gpswox_traccar and table_name = unregistered_devices_log and table_type = 'BASE TABLE') at C:\\Users\\dell\\Documents\\Github\\saudiex\\vendor\\laravel\\framework\\src\\Illuminate\\Database\\Connection.php:760)
[stacktrace]
#0 C:\\Users\\dell\\Documents\\Github\\saudiex\\vendor\\laravel\\framework\\src\\Illuminate\\Database\\Connection.php(720): Illuminate\\Database\\Connection->runQueryCallback('select * from i...', Array, Object(Closure))
#1 C:\\Users\\dell\\Documents\\Github\\saudiex\\vendor\\laravel\\framework\\src\\Illuminate\\Database\\Connection.php(405): Illuminate\\Database\\Connection->run('select * from i...', Array, Object(Closure))
#2 C:\\Users\\dell\\Documents\\Github\\saudiex\\vendor\\laravel\\framework\\src\\Illuminate\\Database\\Connection.php(392): Illuminate\\Database\\Connection->select('select * from i...', Array, false)
#3 C:\\Users\\dell\\Documents\\Github\\saudiex\\vendor\\laravel\\framework\\src\\Illuminate\\Database\\Schema\\MySqlBuilder.php(43): Illuminate\\Database\\Connection->selectFromWriteConnection('select * from i...', Array)
#4 C:\\Users\\dell\\Documents\\Github\\saudiex\\database\\migrations\\2016_09_09_185623_create_unregistered_devices_log_table.php(16): Illuminate\\Database\\Schema\\MySqlBuilder->hasTable('unregistered_de...')
#5 C:\\Users\\dell\\Documents\\Github\\saudiex\\vendor\\laravel\\framework\\src\\Illuminate\\Database\\Migrations\\Migrator.php(496): CreateUnregisteredDevicesLogTable->up()
#6 C:\\Users\\dell\\Documents\\Github\\saudiex\\vendor\\laravel\\framework\\src\\Illuminate\\Database\\Migrations\\Migrator.php(414): Illuminate\\Database\\Migrations\\Migrator->runMethod(Object(Illuminate\\Database\\MySqlConnection), Object(CreateUnregisteredDevicesLogTable), 'up')
#7 C:\\Users\\dell\\Documents\\Github\\saudiex\\vendor\\laravel\\framework\\src\\Illuminate\\Database\\Migrations\\Migrator.php(423): Illuminate\\Database\\Migrations\\Migrator->Illuminate\\Database\\Migrations\\{closure}()
#8 C:\\Users\\dell\\Documents\\Github\\saudiex\\vendor\\laravel\\framework\\src\\Illuminate\\Database\\Migrations\\Migrator.php(224): Illuminate\\Database\\Migrations\\Migrator->runMigration(Object(CreateUnregisteredDevicesLogTable), 'up')
#9 C:\\Users\\dell\\Documents\\Github\\saudiex\\vendor\\laravel\\framework\\src\\Illuminate\\Console\\View\\Components\\Task.php(37): Illuminate\\Database\\Migrations\\Migrator->Illuminate\\Database\\Migrations\\{closure}()
#10 C:\\Users\\dell\\Documents\\Github\\saudiex\\vendor\\laravel\\framework\\src\\Illuminate\\Database\\Migrations\\Migrator.php(778): Illuminate\\Console\\View\\Components\\Task->render('2016_09_09_1856...', Object(Closure))
#11 C:\\Users\\dell\\Documents\\Github\\saudiex\\vendor\\laravel\\framework\\src\\Illuminate\\Database\\Migrations\\Migrator.php(224): Illuminate\\Database\\Migrations\\Migrator->write('Illuminate\\\\Cons...', '2016_09_09_1856...', Object(Closure))
#12 C:\\Users\\dell\\Documents\\Github\\saudiex\\vendor\\laravel\\framework\\src\\Illuminate\\Database\\Migrations\\Migrator.php(189): Illuminate\\Database\\Migrations\\Migrator->runUp('C:\\\\Users\\\\dell\\\\D...', 1, false)
#13 C:\\Users\\dell\\Documents\\Github\\saudiex\\vendor\\laravel\\framework\\src\\Illuminate\\Database\\Migrations\\Migrator.php(132): Illuminate\\Database\\Migrations\\Migrator->runPending(Array, Array)
#14 C:\\Users\\dell\\Documents\\Github\\saudiex\\vendor\\laravel\\framework\\src\\Illuminate\\Database\\Console\\Migrations\\MigrateCommand.php(88): Illuminate\\Database\\Migrations\\Migrator->run(Array, Array)
#15 C:\\Users\\dell\\Documents\\Github\\saudiex\\vendor\\laravel\\framework\\src\\Illuminate\\Database\\Migrations\\Migrator.php(636): Illuminate\\Database\\Console\\Migrations\\MigrateCommand->Illuminate\\Database\\Console\\Migrations\\{closure}()
#16 C:\\Users\\dell\\Documents\\Github\\saudiex\\vendor\\laravel\\framework\\src\\Illuminate\\Database\\Console\\Migrations\\MigrateCommand.php(81): Illuminate\\Database\\Migrations\\Migrator->usingConnection(NULL, Object(Closure))
#17 C:\\Users\\dell\\Documents\\Github\\saudiex\\vendor\\laravel\\framework\\src\\Illuminate\\Container\\BoundMethod.php(36): Illuminate\\Database\\Console\\Migrations\\MigrateCommand->handle()
#18 C:\\Users\\dell\\Documents\\Github\\saudiex\\vendor\\laravel\\framework\\src\\Illuminate\\Container\\Util.php(41): Illuminate\\Container\\BoundMethod::Illuminate\\Container\\{closure}()
#19 C:\\Users\\dell\\Documents\\Github\\saudiex\\vendor\\laravel\\framework\\src\\Illuminate\\Container\\BoundMethod.php(93): Illuminate\\Container\\Util::unwrapIfClosure(Object(Closure))
#20 C:\\Users\\dell\\Documents\\Github\\saudiex\\vendor\\laravel\\framework\\src\\Illuminate\\Container\\BoundMethod.php(35): Illuminate\\Container\\BoundMethod::callBoundMethod(Object(Illuminate\\Foundation\\Application), Array, Object(Closure))
#21 C:\\Users\\dell\\Documents\\Github\\saudiex\\vendor\\laravel\\framework\\src\\Illuminate\\Container\\Container.php(661): Illuminate\\Container\\BoundMethod::call(Object(Illuminate\\Foundation\\Application), Array, Array, NULL)
#22 C:\\Users\\dell\\Documents\\Github\\saudiex\\vendor\\laravel\\framework\\src\\Illuminate\\Console\\Command.php(183): Illuminate\\Container\\Container->call(Array)
#23 C:\\Users\\dell\\Documents\\Github\\saudiex\\vendor\\symfony\\console\\Command\\Command.php(291): Illuminate\\Console\\Command->execute(Object(Symfony\\Component\\Console\\Input\\ArgvInput), Object(Illuminate\\Console\\OutputStyle))
#24 C:\\Users\\dell\\Documents\\Github\\saudiex\\vendor\\laravel\\framework\\src\\Illuminate\\Console\\Command.php(152): Symfony\\Component\\Console\\Command\\Command->run(Object(Symfony\\Component\\Console\\Input\\ArgvInput), Object(Illuminate\\Console\\OutputStyle))
#25 C:\\Users\\dell\\Documents\\Github\\saudiex\\vendor\\symfony\\console\\Application.php(1014): Illuminate\\Console\\Command->run(Object(Symfony\\Component\\Console\\Input\\ArgvInput), Object(Symfony\\Component\\Console\\Output\\ConsoleOutput))
#26 C:\\Users\\dell\\Documents\\Github\\saudiex\\vendor\\symfony\\console\\Application.php(301): Symfony\\Component\\Console\\Application->doRunCommand(Object(Illuminate\\Database\\Console\\Migrations\\MigrateCommand), Object(Symfony\\Component\\Console\\Input\\ArgvInput), Object(Symfony\\Component\\Console\\Output\\ConsoleOutput))
#27 C:\\Users\\dell\\Documents\\Github\\saudiex\\vendor\\symfony\\console\\Application.php(171): Symfony\\Component\\Console\\Application->doRun(Object(Symfony\\Component\\Console\\Input\\ArgvInput), Object(Symfony\\Component\\Console\\Output\\ConsoleOutput))
#28 C:\\Users\\dell\\Documents\\Github\\saudiex\\vendor\\laravel\\framework\\src\\Illuminate\\Console\\Application.php(102): Symfony\\Component\\Console\\Application->run(Object(Symfony\\Component\\Console\\Input\\ArgvInput), Object(Symfony\\Component\\Console\\Output\\ConsoleOutput))
#29 C:\\Users\\dell\\Documents\\Github\\saudiex\\vendor\\laravel\\framework\\src\\Illuminate\\Foundation\\Console\\Kernel.php(155): Illuminate\\Console\\Application->run(Object(Symfony\\Component\\Console\\Input\\ArgvInput), Object(Symfony\\Component\\Console\\Output\\ConsoleOutput))
#30 C:\\Users\\dell\\Documents\\Github\\saudiex\\artisan(33): Illuminate\\Foundation\\Console\\Kernel->handle(Object(Symfony\\Component\\Console\\Input\\ArgvInput), Object(Symfony\\Component\\Console\\Output\\ConsoleOutput))
#31 {main}

[previous exception] [object] (Doctrine\\DBAL\\Driver\\PDO\\Exception(code: 1049): SQLSTATE[HY000] [1049] Unknown database 'gpswox_traccar' at C:\\Users\\dell\\Documents\\Github\\saudiex\\vendor\\doctrine\\dbal\\lib\\Doctrine\\DBAL\\Driver\\PDO\\Exception.php:18)
[stacktrace]
#0 C:\\Users\\dell\\Documents\\Github\\saudiex\\vendor\\doctrine\\dbal\\lib\\Doctrine\\DBAL\\Driver\\PDOConnection.php(44): Doctrine\\DBAL\\Driver\\PDO\\Exception::new(Object(PDOException))
#1 C:\\Users\\dell\\Documents\\Github\\saudiex\\vendor\\laravel\\framework\\src\\Illuminate\\Database\\Connectors\\Connector.php(67): Doctrine\\DBAL\\Driver\\PDOConnection->__construct('mysql:host=127....', 'root', '', Array)
#2 C:\\Users\\dell\\Documents\\Github\\saudiex\\vendor\\laravel\\framework\\src\\Illuminate\\Database\\Connectors\\Connector.php(45): Illuminate\\Database\\Connectors\\Connector->createPdoConnection('mysql:host=127....', 'root', '', Array)
#3 C:\\Users\\dell\\Documents\\Github\\saudiex\\vendor\\laravel\\framework\\src\\Illuminate\\Database\\Connectors\\MySqlConnector.php(24): Illuminate\\Database\\Connectors\\Connector->createConnection('mysql:host=127....', Array, Array)
#4 C:\\Users\\dell\\Documents\\Github\\saudiex\\vendor\\laravel\\framework\\src\\Illuminate\\Database\\Connectors\\ConnectionFactory.php(184): Illuminate\\Database\\Connectors\\MySqlConnector->connect(Array)
#5 [internal function]: Illuminate\\Database\\Connectors\\ConnectionFactory->Illuminate\\Database\\Connectors\\{closure}()
#6 C:\\Users\\dell\\Documents\\Github\\saudiex\\vendor\\laravel\\framework\\src\\Illuminate\\Database\\Connection.php(1181): call_user_func(Object(Closure))
#7 C:\\Users\\dell\\Documents\\Github\\saudiex\\vendor\\laravel\\framework\\src\\Illuminate\\Database\\Connection.php(486): Illuminate\\Database\\Connection->getPdo()
#8 C:\\Users\\dell\\Documents\\Github\\saudiex\\vendor\\laravel\\framework\\src\\Illuminate\\Database\\Connection.php(414): Illuminate\\Database\\Connection->getPdoForSelect(false)
#9 C:\\Users\\dell\\Documents\\Github\\saudiex\\vendor\\laravel\\framework\\src\\Illuminate\\Database\\Connection.php(753): Illuminate\\Database\\Connection->Illuminate\\Database\\{closure}('select * from i...', Array)
#10 C:\\Users\\dell\\Documents\\Github\\saudiex\\vendor\\laravel\\framework\\src\\Illuminate\\Database\\Connection.php(720): Illuminate\\Database\\Connection->runQueryCallback('select * from i...', Array, Object(Closure))
#11 C:\\Users\\dell\\Documents\\Github\\saudiex\\vendor\\laravel\\framework\\src\\Illuminate\\Database\\Connection.php(405): Illuminate\\Database\\Connection->run('select * from i...', Array, Object(Closure))
#12 C:\\Users\\dell\\Documents\\Github\\saudiex\\vendor\\laravel\\framework\\src\\Illuminate\\Database\\Connection.php(392): Illuminate\\Database\\Connection->select('select * from i...', Array, false)
#13 C:\\Users\\dell\\Documents\\Github\\saudiex\\vendor\\laravel\\framework\\src\\Illuminate\\Database\\Schema\\MySqlBuilder.php(43): Illuminate\\Database\\Connection->selectFromWriteConnection('select * from i...', Array)
#14 C:\\Users\\dell\\Documents\\Github\\saudiex\\database\\migrations\\2016_09_09_185623_create_unregistered_devices_log_table.php(16): Illuminate\\Database\\Schema\\MySqlBuilder->hasTable('unregistered_de...')
#15 C:\\Users\\dell\\Documents\\Github\\saudiex\\vendor\\laravel\\framework\\src\\Illuminate\\Database\\Migrations\\Migrator.php(496): CreateUnregisteredDevicesLogTable->up()
#16 C:\\Users\\dell\\Documents\\Github\\saudiex\\vendor\\laravel\\framework\\src\\Illuminate\\Database\\Migrations\\Migrator.php(414): Illuminate\\Database\\Migrations\\Migrator->runMethod(Object(Illuminate\\Database\\MySqlConnection), Object(CreateUnregisteredDevicesLogTable), 'up')
#17 C:\\Users\\dell\\Documents\\Github\\saudiex\\vendor\\laravel\\framework\\src\\Illuminate\\Database\\Migrations\\Migrator.php(423): Illuminate\\Database\\Migrations\\Migrator->Illuminate\\Database\\Migrations\\{closure}()
#18 C:\\Users\\dell\\Documents\\Github\\saudiex\\vendor\\laravel\\framework\\src\\Illuminate\\Database\\Migrations\\Migrator.php(224): Illuminate\\Database\\Migrations\\Migrator->runMigration(Object(CreateUnregisteredDevicesLogTable), 'up')
#19 C:\\Users\\dell\\Documents\\Github\\saudiex\\vendor\\laravel\\framework\\src\\Illuminate\\Console\\View\\Components\\Task.php(37): Illuminate\\Database\\Migrations\\Migrator->Illuminate\\Database\\Migrations\\{closure}()
#20 C:\\Users\\dell\\Documents\\Github\\saudiex\\vendor\\laravel\\framework\\src\\Illuminate\\Database\\Migrations\\Migrator.php(778): Illuminate\\Console\\View\\Components\\Task->render('2016_09_09_1856...', Object(Closure))
#21 C:\\Users\\dell\\Documents\\Github\\saudiex\\vendor\\laravel\\framework\\src\\Illuminate\\Database\\Migrations\\Migrator.php(224): Illuminate\\Database\\Migrations\\Migrator->write('Illuminate\\\\Cons...', '2016_09_09_1856...', Object(Closure))
#22 C:\\Users\\dell\\Documents\\Github\\saudiex\\vendor\\laravel\\framework\\src\\Illuminate\\Database\\Migrations\\Migrator.php(189): Illuminate\\Database\\Migrations\\Migrator->runUp('C:\\\\Users\\\\dell\\\\D...', 1, false)
#23 C:\\Users\\dell\\Documents\\Github\\saudiex\\vendor\\laravel\\framework\\src\\Illuminate\\Database\\Migrations\\Migrator.php(132): Illuminate\\Database\\Migrations\\Migrator->runPending(Array, Array)
#24 C:\\Users\\dell\\Documents\\Github\\saudiex\\vendor\\laravel\\framework\\src\\Illuminate\\Database\\Console\\Migrations\\MigrateCommand.php(88): Illuminate\\Database\\Migrations\\Migrator->run(Array, Array)
#25 C:\\Users\\dell\\Documents\\Github\\saudiex\\vendor\\laravel\\framework\\src\\Illuminate\\Database\\Migrations\\Migrator.php(636): Illuminate\\Database\\Console\\Migrations\\MigrateCommand->Illuminate\\Database\\Console\\Migrations\\{closure}()
#26 C:\\Users\\dell\\Documents\\Github\\saudiex\\vendor\\laravel\\framework\\src\\Illuminate\\Database\\Console\\Migrations\\MigrateCommand.php(81): Illuminate\\Database\\Migrations\\Migrator->usingConnection(NULL, Object(Closure))
#27 C:\\Users\\dell\\Documents\\Github\\saudiex\\vendor\\laravel\\framework\\src\\Illuminate\\Container\\BoundMethod.php(36): Illuminate\\Database\\Console\\Migrations\\MigrateCommand->handle()
#28 C:\\Users\\dell\\Documents\\Github\\saudiex\\vendor\\laravel\\framework\\src\\Illuminate\\Container\\Util.php(41): Illuminate\\Container\\BoundMethod::Illuminate\\Container\\{closure}()
#29 C:\\Users\\dell\\Documents\\Github\\saudiex\\vendor\\laravel\\framework\\src\\Illuminate\\Container\\BoundMethod.php(93): Illuminate\\Container\\Util::unwrapIfClosure(Object(Closure))
#30 C:\\Users\\dell\\Documents\\Github\\saudiex\\vendor\\laravel\\framework\\src\\Illuminate\\Container\\BoundMethod.php(35): Illuminate\\Container\\BoundMethod::callBoundMethod(Object(Illuminate\\Foundation\\Application), Array, Object(Closure))
#31 C:\\Users\\dell\\Documents\\Github\\saudiex\\vendor\\laravel\\framework\\src\\Illuminate\\Container\\Container.php(661): Illuminate\\Container\\BoundMethod::call(Object(Illuminate\\Foundation\\Application), Array, Array, NULL)
#32 C:\\Users\\dell\\Documents\\Github\\saudiex\\vendor\\laravel\\framework\\src\\Illuminate\\Console\\Command.php(183): Illuminate\\Container\\Container->call(Array)
#33 C:\\Users\\dell\\Documents\\Github\\saudiex\\vendor\\symfony\\console\\Command\\Command.php(291): Illuminate\\Console\\Command->execute(Object(Symfony\\Component\\Console\\Input\\ArgvInput), Object(Illuminate\\Console\\OutputStyle))
#34 C:\\Users\\dell\\Documents\\Github\\saudiex\\vendor\\laravel\\framework\\src\\Illuminate\\Console\\Command.php(152): Symfony\\Component\\Console\\Command\\Command->run(Object(Symfony\\Component\\Console\\Input\\ArgvInput), Object(Illuminate\\Console\\OutputStyle))
#35 C:\\Users\\dell\\Documents\\Github\\saudiex\\vendor\\symfony\\console\\Application.php(1014): Illuminate\\Console\\Command->run(Object(Symfony\\Component\\Console\\Input\\ArgvInput), Object(Symfony\\Component\\Console\\Output\\ConsoleOutput))
#36 C:\\Users\\dell\\Documents\\Github\\saudiex\\vendor\\symfony\\console\\Application.php(301): Symfony\\Component\\Console\\Application->doRunCommand(Object(Illuminate\\Database\\Console\\Migrations\\MigrateCommand), Object(Symfony\\Component\\Console\\Input\\ArgvInput), Object(Symfony\\Component\\Console\\Output\\ConsoleOutput))
#37 C:\\Users\\dell\\Documents\\Github\\saudiex\\vendor\\symfony\\console\\Application.php(171): Symfony\\Component\\Console\\Application->doRun(Object(Symfony\\Component\\Console\\Input\\ArgvInput), Object(Symfony\\Component\\Console\\Output\\ConsoleOutput))
#38 C:\\Users\\dell\\Documents\\Github\\saudiex\\vendor\\laravel\\framework\\src\\Illuminate\\Console\\Application.php(102): Symfony\\Component\\Console\\Application->run(Object(Symfony\\Component\\Console\\Input\\ArgvInput), Object(Symfony\\Component\\Console\\Output\\ConsoleOutput))
#39 C:\\Users\\dell\\Documents\\Github\\saudiex\\vendor\\laravel\\framework\\src\\Illuminate\\Foundation\\Console\\Kernel.php(155): Illuminate\\Console\\Application->run(Object(Symfony\\Component\\Console\\Input\\ArgvInput), Object(Symfony\\Component\\Console\\Output\\ConsoleOutput))
#40 C:\\Users\\dell\\Documents\\Github\\saudiex\\artisan(33): Illuminate\\Foundation\\Console\\Kernel->handle(Object(Symfony\\Component\\Console\\Input\\ArgvInput), Object(Symfony\\Component\\Console\\Output\\ConsoleOutput))
#41 {main}

[previous exception] [object] (PDOException(code: 1049): SQLSTATE[HY000] [1049] Unknown database 'gpswox_traccar' at C:\\Users\\dell\\Documents\\Github\\saudiex\\vendor\\doctrine\\dbal\\lib\\Doctrine\\DBAL\\Driver\\PDOConnection.php:40)
[stacktrace]
#0 C:\\Users\\dell\\Documents\\Github\\saudiex\\vendor\\doctrine\\dbal\\lib\\Doctrine\\DBAL\\Driver\\PDOConnection.php(40): PDO->__construct('mysql:host=127....', 'root', Object(SensitiveParameterValue), Array)
#1 C:\\Users\\dell\\Documents\\Github\\saudiex\\vendor\\laravel\\framework\\src\\Illuminate\\Database\\Connectors\\Connector.php(67): Doctrine\\DBAL\\Driver\\PDOConnection->__construct('mysql:host=127....', 'root', '', Array)
#2 C:\\Users\\dell\\Documents\\Github\\saudiex\\vendor\\laravel\\framework\\src\\Illuminate\\Database\\Connectors\\Connector.php(45): Illuminate\\Database\\Connectors\\Connector->createPdoConnection('mysql:host=127....', 'root', '', Array)
#3 C:\\Users\\dell\\Documents\\Github\\saudiex\\vendor\\laravel\\framework\\src\\Illuminate\\Database\\Connectors\\MySqlConnector.php(24): Illuminate\\Database\\Connectors\\Connector->createConnection('mysql:host=127....', Array, Array)
#4 C:\\Users\\dell\\Documents\\Github\\saudiex\\vendor\\laravel\\framework\\src\\Illuminate\\Database\\Connectors\\ConnectionFactory.php(184): Illuminate\\Database\\Connectors\\MySqlConnector->connect(Array)
#5 [internal function]: Illuminate\\Database\\Connectors\\ConnectionFactory->Illuminate\\Database\\Connectors\\{closure}()
#6 C:\\Users\\dell\\Documents\\Github\\saudiex\\vendor\\laravel\\framework\\src\\Illuminate\\Database\\Connection.php(1181): call_user_func(Object(Closure))
#7 C:\\Users\\dell\\Documents\\Github\\saudiex\\vendor\\laravel\\framework\\src\\Illuminate\\Database\\Connection.php(486): Illuminate\\Database\\Connection->getPdo()
#8 C:\\Users\\dell\\Documents\\Github\\saudiex\\vendor\\laravel\\framework\\src\\Illuminate\\Database\\Connection.php(414): Illuminate\\Database\\Connection->getPdoForSelect(false)
#9 C:\\Users\\dell\\Documents\\Github\\saudiex\\vendor\\laravel\\framework\\src\\Illuminate\\Database\\Connection.php(753): Illuminate\\Database\\Connection->Illuminate\\Database\\{closure}('select * from i...', Array)
#10 C:\\Users\\dell\\Documents\\Github\\saudiex\\vendor\\laravel\\framework\\src\\Illuminate\\Database\\Connection.php(720): Illuminate\\Database\\Connection->runQueryCallback('select * from i...', Array, Object(Closure))
#11 C:\\Users\\dell\\Documents\\Github\\saudiex\\vendor\\laravel\\framework\\src\\Illuminate\\Database\\Connection.php(405): Illuminate\\Database\\Connection->run('select * from i...', Array, Object(Closure))
#12 C:\\Users\\dell\\Documents\\Github\\saudiex\\vendor\\laravel\\framework\\src\\Illuminate\\Database\\Connection.php(392): Illuminate\\Database\\Connection->select('select * from i...', Array, false)
#13 C:\\Users\\dell\\Documents\\Github\\saudiex\\vendor\\laravel\\framework\\src\\Illuminate\\Database\\Schema\\MySqlBuilder.php(43): Illuminate\\Database\\Connection->selectFromWriteConnection('select * from i...', Array)
#14 C:\\Users\\dell\\Documents\\Github\\saudiex\\database\\migrations\\2016_09_09_185623_create_unregistered_devices_log_table.php(16): Illuminate\\Database\\Schema\\MySqlBuilder->hasTable('unregistered_de...')
#15 C:\\Users\\dell\\Documents\\Github\\saudiex\\vendor\\laravel\\framework\\src\\Illuminate\\Database\\Migrations\\Migrator.php(496): CreateUnregisteredDevicesLogTable->up()
#16 C:\\Users\\dell\\Documents\\Github\\saudiex\\vendor\\laravel\\framework\\src\\Illuminate\\Database\\Migrations\\Migrator.php(414): Illuminate\\Database\\Migrations\\Migrator->runMethod(Object(Illuminate\\Database\\MySqlConnection), Object(CreateUnregisteredDevicesLogTable), 'up')
#17 C:\\Users\\dell\\Documents\\Github\\saudiex\\vendor\\laravel\\framework\\src\\Illuminate\\Database\\Migrations\\Migrator.php(423): Illuminate\\Database\\Migrations\\Migrator->Illuminate\\Database\\Migrations\\{closure}()
#18 C:\\Users\\dell\\Documents\\Github\\saudiex\\vendor\\laravel\\framework\\src\\Illuminate\\Database\\Migrations\\Migrator.php(224): Illuminate\\Database\\Migrations\\Migrator->runMigration(Object(CreateUnregisteredDevicesLogTable), 'up')
#19 C:\\Users\\dell\\Documents\\Github\\saudiex\\vendor\\laravel\\framework\\src\\Illuminate\\Console\\View\\Components\\Task.php(37): Illuminate\\Database\\Migrations\\Migrator->Illuminate\\Database\\Migrations\\{closure}()
#20 C:\\Users\\dell\\Documents\\Github\\saudiex\\vendor\\laravel\\framework\\src\\Illuminate\\Database\\Migrations\\Migrator.php(778): Illuminate\\Console\\View\\Components\\Task->render('2016_09_09_1856...', Object(Closure))
#21 C:\\Users\\dell\\Documents\\Github\\saudiex\\vendor\\laravel\\framework\\src\\Illuminate\\Database\\Migrations\\Migrator.php(224): Illuminate\\Database\\Migrations\\Migrator->write('Illuminate\\\\Cons...', '2016_09_09_1856...', Object(Closure))
#22 C:\\Users\\dell\\Documents\\Github\\saudiex\\vendor\\laravel\\framework\\src\\Illuminate\\Database\\Migrations\\Migrator.php(189): Illuminate\\Database\\Migrations\\Migrator->runUp('C:\\\\Users\\\\dell\\\\D...', 1, false)
#23 C:\\Users\\dell\\Documents\\Github\\saudiex\\vendor\\laravel\\framework\\src\\Illuminate\\Database\\Migrations\\Migrator.php(132): Illuminate\\Database\\Migrations\\Migrator->runPending(Array, Array)
#24 C:\\Users\\dell\\Documents\\Github\\saudiex\\vendor\\laravel\\framework\\src\\Illuminate\\Database\\Console\\Migrations\\MigrateCommand.php(88): Illuminate\\Database\\Migrations\\Migrator->run(Array, Array)
#25 C:\\Users\\dell\\Documents\\Github\\saudiex\\vendor\\laravel\\framework\\src\\Illuminate\\Database\\Migrations\\Migrator.php(636): Illuminate\\Database\\Console\\Migrations\\MigrateCommand->Illuminate\\Database\\Console\\Migrations\\{closure}()
#26 C:\\Users\\dell\\Documents\\Github\\saudiex\\vendor\\laravel\\framework\\src\\Illuminate\\Database\\Console\\Migrations\\MigrateCommand.php(81): Illuminate\\Database\\Migrations\\Migrator->usingConnection(NULL, Object(Closure))
#27 C:\\Users\\dell\\Documents\\Github\\saudiex\\vendor\\laravel\\framework\\src\\Illuminate\\Container\\BoundMethod.php(36): Illuminate\\Database\\Console\\Migrations\\MigrateCommand->handle()
#28 C:\\Users\\dell\\Documents\\Github\\saudiex\\vendor\\laravel\\framework\\src\\Illuminate\\Container\\Util.php(41): Illuminate\\Container\\BoundMethod::Illuminate\\Container\\{closure}()
#29 C:\\Users\\dell\\Documents\\Github\\saudiex\\vendor\\laravel\\framework\\src\\Illuminate\\Container\\BoundMethod.php(93): Illuminate\\Container\\Util::unwrapIfClosure(Object(Closure))
#30 C:\\Users\\dell\\Documents\\Github\\saudiex\\vendor\\laravel\\framework\\src\\Illuminate\\Container\\BoundMethod.php(35): Illuminate\\Container\\BoundMethod::callBoundMethod(Object(Illuminate\\Foundation\\Application), Array, Object(Closure))
#31 C:\\Users\\dell\\Documents\\Github\\saudiex\\vendor\\laravel\\framework\\src\\Illuminate\\Container\\Container.php(661): Illuminate\\Container\\BoundMethod::call(Object(Illuminate\\Foundation\\Application), Array, Array, NULL)
#32 C:\\Users\\dell\\Documents\\Github\\saudiex\\vendor\\laravel\\framework\\src\\Illuminate\\Console\\Command.php(183): Illuminate\\Container\\Container->call(Array)
#33 C:\\Users\\dell\\Documents\\Github\\saudiex\\vendor\\symfony\\console\\Command\\Command.php(291): Illuminate\\Console\\Command->execute(Object(Symfony\\Component\\Console\\Input\\ArgvInput), Object(Illuminate\\Console\\OutputStyle))
#34 C:\\Users\\dell\\Documents\\Github\\saudiex\\vendor\\laravel\\framework\\src\\Illuminate\\Console\\Command.php(152): Symfony\\Component\\Console\\Command\\Command->run(Object(Symfony\\Component\\Console\\Input\\ArgvInput), Object(Illuminate\\Console\\OutputStyle))
#35 C:\\Users\\dell\\Documents\\Github\\saudiex\\vendor\\symfony\\console\\Application.php(1014): Illuminate\\Console\\Command->run(Object(Symfony\\Component\\Console\\Input\\ArgvInput), Object(Symfony\\Component\\Console\\Output\\ConsoleOutput))
#36 C:\\Users\\dell\\Documents\\Github\\saudiex\\vendor\\symfony\\console\\Application.php(301): Symfony\\Component\\Console\\Application->doRunCommand(Object(Illuminate\\Database\\Console\\Migrations\\MigrateCommand), Object(Symfony\\Component\\Console\\Input\\ArgvInput), Object(Symfony\\Component\\Console\\Output\\ConsoleOutput))
#37 C:\\Users\\dell\\Documents\\Github\\saudiex\\vendor\\symfony\\console\\Application.php(171): Symfony\\Component\\Console\\Application->doRun(Object(Symfony\\Component\\Console\\Input\\ArgvInput), Object(Symfony\\Component\\Console\\Output\\ConsoleOutput))
#38 C:\\Users\\dell\\Documents\\Github\\saudiex\\vendor\\laravel\\framework\\src\\Illuminate\\Console\\Application.php(102): Symfony\\Component\\Console\\Application->run(Object(Symfony\\Component\\Console\\Input\\ArgvInput), Object(Symfony\\Component\\Console\\Output\\ConsoleOutput))
#39 C:\\Users\\dell\\Documents\\Github\\saudiex\\vendor\\laravel\\framework\\src\\Illuminate\\Foundation\\Console\\Kernel.php(155): Illuminate\\Console\\Application->run(Object(Symfony\\Component\\Console\\Input\\ArgvInput), Object(Symfony\\Component\\Console\\Output\\ConsoleOutput))
#40 C:\\Users\\dell\\Documents\\Github\\saudiex\\artisan(33): Illuminate\\Foundation\\Console\\Kernel->handle(Object(Symfony\\Component\\Console\\Input\\ArgvInput), Object(Symfony\\Component\\Console\\Output\\ConsoleOutput))
#41 {main}
"} 
[2025-10-24 13:34:10] local.ERROR: Invalid key supplied  
[2025-10-24 13:34:31] local.ERROR: No connection could be made because the target machine actively refused it [tcp://127.0.0.1:6379] {"exception":"[object] (Predis\\Connection\\ConnectionException(code: 10061): No connection could be made because the target machine actively refused it [tcp://127.0.0.1:6379] at C:\\Users\\dell\\Documents\\Github\\saudiex\\vendor\\predis\\predis\\src\\Connection\\AbstractConnection.php:155)
[stacktrace]
#0 C:\\Users\\dell\\Documents\\Github\\saudiex\\vendor\\predis\\predis\\src\\Connection\\StreamConnection.php(128): Predis\\Connection\\AbstractConnection->onConnectionError('No connection c...', 10061)
#1 C:\\Users\\dell\\Documents\\Github\\saudiex\\vendor\\predis\\predis\\src\\Connection\\StreamConnection.php(178): Predis\\Connection\\StreamConnection->createStreamSocket(Object(Predis\\Connection\\Parameters), 'tcp://127.0.0.1...', 4)
#2 C:\\Users\\dell\\Documents\\Github\\saudiex\\vendor\\predis\\predis\\src\\Connection\\StreamConnection.php(100): Predis\\Connection\\StreamConnection->tcpStreamInitializer(Object(Predis\\Connection\\Parameters))
#3 C:\\Users\\dell\\Documents\\Github\\saudiex\\vendor\\predis\\predis\\src\\Connection\\AbstractConnection.php(81): Predis\\Connection\\StreamConnection->createResource()
#4 C:\\Users\\dell\\Documents\\Github\\saudiex\\vendor\\predis\\predis\\src\\Connection\\StreamConnection.php(258): Predis\\Connection\\AbstractConnection->connect()
#5 C:\\Users\\dell\\Documents\\Github\\saudiex\\vendor\\predis\\predis\\src\\Connection\\AbstractConnection.php(180): Predis\\Connection\\StreamConnection->connect()
#6 C:\\Users\\dell\\Documents\\Github\\saudiex\\vendor\\predis\\predis\\src\\Connection\\StreamConnection.php(288): Predis\\Connection\\AbstractConnection->getResource()
#7 C:\\Users\\dell\\Documents\\Github\\saudiex\\vendor\\predis\\predis\\src\\Connection\\StreamConnection.php(394): Predis\\Connection\\StreamConnection->write('*2\\r\\n$4\\r\\nKEYS\\r\\n$...')
#8 C:\\Users\\dell\\Documents\\Github\\saudiex\\vendor\\predis\\predis\\src\\Connection\\AbstractConnection.php(110): Predis\\Connection\\StreamConnection->writeRequest(Object(Predis\\Command\\KeyKeys))
#9 C:\\Users\\dell\\Documents\\Github\\saudiex\\vendor\\predis\\predis\\src\\Client.php(331): Predis\\Connection\\AbstractConnection->executeCommand(Object(Predis\\Command\\KeyKeys))
#10 C:\\Users\\dell\\Documents\\Github\\saudiex\\vendor\\predis\\predis\\src\\Client.php(313): Predis\\Client->executeCommand(Object(Predis\\Command\\KeyKeys))
#11 C:\\Users\\dell\\Documents\\Github\\saudiex\\vendor\\laravel\\framework\\src\\Illuminate\\Redis\\Connections\\Connection.php(116): Predis\\Client->__call('keys', Array)
#12 C:\\Users\\dell\\Documents\\Github\\saudiex\\vendor\\laravel\\framework\\src\\Illuminate\\Redis\\Connections\\Connection.php(229): Illuminate\\Redis\\Connections\\Connection->command('keys', Array)
#13 C:\\Users\\dell\\Documents\\Github\\saudiex\\app\\Console\\ProcessManager.php(117): Illuminate\\Redis\\Connections\\Connection->__call('keys', Array)
#14 C:\\Users\\dell\\Documents\\Github\\saudiex\\app\\Console\\ProcessManager.php(38): App\\Console\\ProcessManager->cleanKilledProcess()
#15 C:\\Users\\dell\\Documents\\Github\\saudiex\\app\\Console\\Commands\\CleanEventsCommand.php(35): App\\Console\\ProcessManager->__construct('events:clean', 3600, 1)
#16 C:\\Users\\dell\\Documents\\Github\\saudiex\\vendor\\laravel\\framework\\src\\Illuminate\\Container\\BoundMethod.php(36): App\\Console\\Commands\\CleanEventsCommand->handle()
#17 C:\\Users\\dell\\Documents\\Github\\saudiex\\vendor\\laravel\\framework\\src\\Illuminate\\Container\\Util.php(41): Illuminate\\Container\\BoundMethod::Illuminate\\Container\\{closure}()
#18 C:\\Users\\dell\\Documents\\Github\\saudiex\\vendor\\laravel\\framework\\src\\Illuminate\\Container\\BoundMethod.php(93): Illuminate\\Container\\Util::unwrapIfClosure(Object(Closure))
#19 C:\\Users\\dell\\Documents\\Github\\saudiex\\vendor\\laravel\\framework\\src\\Illuminate\\Container\\BoundMethod.php(35): Illuminate\\Container\\BoundMethod::callBoundMethod(Object(Illuminate\\Foundation\\Application), Array, Object(Closure))
#20 C:\\Users\\dell\\Documents\\Github\\saudiex\\vendor\\laravel\\framework\\src\\Illuminate\\Container\\Container.php(661): Illuminate\\Container\\BoundMethod::call(Object(Illuminate\\Foundation\\Application), Array, Array, NULL)
#21 C:\\Users\\dell\\Documents\\Github\\saudiex\\vendor\\laravel\\framework\\src\\Illuminate\\Console\\Command.php(183): Illuminate\\Container\\Container->call(Array)
#22 C:\\Users\\dell\\Documents\\Github\\saudiex\\vendor\\symfony\\console\\Command\\Command.php(291): Illuminate\\Console\\Command->execute(Object(Symfony\\Component\\Console\\Input\\ArrayInput), Object(Illuminate\\Console\\OutputStyle))
#23 C:\\Users\\dell\\Documents\\Github\\saudiex\\vendor\\laravel\\framework\\src\\Illuminate\\Console\\Command.php(152): Symfony\\Component\\Console\\Command\\Command->run(Object(Symfony\\Component\\Console\\Input\\ArrayInput), Object(Illuminate\\Console\\OutputStyle))
#24 C:\\Users\\dell\\Documents\\Github\\saudiex\\vendor\\symfony\\console\\Application.php(1014): Illuminate\\Console\\Command->run(Object(Symfony\\Component\\Console\\Input\\ArrayInput), Object(Symfony\\Component\\Console\\Output\\BufferedOutput))
#25 C:\\Users\\dell\\Documents\\Github\\saudiex\\vendor\\symfony\\console\\Application.php(301): Symfony\\Component\\Console\\Application->doRunCommand(Object(App\\Console\\Commands\\CleanEventsCommand), Object(Symfony\\Component\\Console\\Input\\ArrayInput), Object(Symfony\\Component\\Console\\Output\\BufferedOutput))
#26 C:\\Users\\dell\\Documents\\Github\\saudiex\\vendor\\symfony\\console\\Application.php(171): Symfony\\Component\\Console\\Application->doRun(Object(Symfony\\Component\\Console\\Input\\ArrayInput), Object(Symfony\\Component\\Console\\Output\\BufferedOutput))
#27 C:\\Users\\dell\\Documents\\Github\\saudiex\\vendor\\laravel\\framework\\src\\Illuminate\\Console\\Application.php(102): Symfony\\Component\\Console\\Application->run(Object(Symfony\\Component\\Console\\Input\\ArrayInput), Object(Symfony\\Component\\Console\\Output\\BufferedOutput))
#28 C:\\Users\\dell\\Documents\\Github\\saudiex\\vendor\\laravel\\framework\\src\\Illuminate\\Console\\Application.php(193): Illuminate\\Console\\Application->run(Object(Symfony\\Component\\Console\\Input\\ArrayInput), Object(Symfony\\Component\\Console\\Output\\BufferedOutput))
#29 C:\\Users\\dell\\Documents\\Github\\saudiex\\vendor\\laravel\\framework\\src\\Illuminate\\Foundation\\Console\\Kernel.php(336): Illuminate\\Console\\Application->call('events:clean', Array, NULL)
#30 C:\\Users\\dell\\Documents\\Github\\saudiex\\vendor\\laravel\\framework\\src\\Illuminate\\Support\\Facades\\Facade.php(338): Illuminate\\Foundation\\Console\\Kernel->call('events:clean', Array)
#31 C:\\Users\\dell\\Documents\\Github\\saudiex\\database\\migrations\\2021_02_25_195650_alter_poi_events_table.php(49): Illuminate\\Support\\Facades\\Facade::__callStatic('call', Array)
#32 C:\\Users\\dell\\Documents\\Github\\saudiex\\database\\migrations\\2021_02_25_195650_alter_poi_events_table.php(20): AlterPoiEventsTable->cleanEvents()
#33 C:\\Users\\dell\\Documents\\Github\\saudiex\\vendor\\laravel\\framework\\src\\Illuminate\\Database\\Migrations\\Migrator.php(496): AlterPoiEventsTable->up()
#34 C:\\Users\\dell\\Documents\\Github\\saudiex\\vendor\\laravel\\framework\\src\\Illuminate\\Database\\Migrations\\Migrator.php(414): Illuminate\\Database\\Migrations\\Migrator->runMethod(Object(Illuminate\\Database\\MySqlConnection), Object(AlterPoiEventsTable), 'up')
#35 C:\\Users\\dell\\Documents\\Github\\saudiex\\vendor\\laravel\\framework\\src\\Illuminate\\Database\\Migrations\\Migrator.php(423): Illuminate\\Database\\Migrations\\Migrator->Illuminate\\Database\\Migrations\\{closure}()
#36 C:\\Users\\dell\\Documents\\Github\\saudiex\\vendor\\laravel\\framework\\src\\Illuminate\\Database\\Migrations\\Migrator.php(224): Illuminate\\Database\\Migrations\\Migrator->runMigration(Object(AlterPoiEventsTable), 'up')
#37 C:\\Users\\dell\\Documents\\Github\\saudiex\\vendor\\laravel\\framework\\src\\Illuminate\\Console\\View\\Components\\Task.php(37): Illuminate\\Database\\Migrations\\Migrator->Illuminate\\Database\\Migrations\\{closure}()
#38 C:\\Users\\dell\\Documents\\Github\\saudiex\\vendor\\laravel\\framework\\src\\Illuminate\\Database\\Migrations\\Migrator.php(778): Illuminate\\Console\\View\\Components\\Task->render('2021_02_25_1956...', Object(Closure))
#39 C:\\Users\\dell\\Documents\\Github\\saudiex\\vendor\\laravel\\framework\\src\\Illuminate\\Database\\Migrations\\Migrator.php(224): Illuminate\\Database\\Migrations\\Migrator->write('Illuminate\\\\Cons...', '2021_02_25_1956...', Object(Closure))
#40 C:\\Users\\dell\\Documents\\Github\\saudiex\\vendor\\laravel\\framework\\src\\Illuminate\\Database\\Migrations\\Migrator.php(189): Illuminate\\Database\\Migrations\\Migrator->runUp('C:\\\\Users\\\\dell\\\\D...', 2, false)
#41 C:\\Users\\dell\\Documents\\Github\\saudiex\\vendor\\laravel\\framework\\src\\Illuminate\\Database\\Migrations\\Migrator.php(132): Illuminate\\Database\\Migrations\\Migrator->runPending(Array, Array)
#42 C:\\Users\\dell\\Documents\\Github\\saudiex\\vendor\\laravel\\framework\\src\\Illuminate\\Database\\Console\\Migrations\\MigrateCommand.php(88): Illuminate\\Database\\Migrations\\Migrator->run(Array, Array)
#43 C:\\Users\\dell\\Documents\\Github\\saudiex\\vendor\\laravel\\framework\\src\\Illuminate\\Database\\Migrations\\Migrator.php(636): Illuminate\\Database\\Console\\Migrations\\MigrateCommand->Illuminate\\Database\\Console\\Migrations\\{closure}()
#44 C:\\Users\\dell\\Documents\\Github\\saudiex\\vendor\\laravel\\framework\\src\\Illuminate\\Database\\Console\\Migrations\\MigrateCommand.php(81): Illuminate\\Database\\Migrations\\Migrator->usingConnection(NULL, Object(Closure))
#45 C:\\Users\\dell\\Documents\\Github\\saudiex\\vendor\\laravel\\framework\\src\\Illuminate\\Container\\BoundMethod.php(36): Illuminate\\Database\\Console\\Migrations\\MigrateCommand->handle()
#46 C:\\Users\\dell\\Documents\\Github\\saudiex\\vendor\\laravel\\framework\\src\\Illuminate\\Container\\Util.php(41): Illuminate\\Container\\BoundMethod::Illuminate\\Container\\{closure}()
#47 C:\\Users\\dell\\Documents\\Github\\saudiex\\vendor\\laravel\\framework\\src\\Illuminate\\Container\\BoundMethod.php(93): Illuminate\\Container\\Util::unwrapIfClosure(Object(Closure))
#48 C:\\Users\\dell\\Documents\\Github\\saudiex\\vendor\\laravel\\framework\\src\\Illuminate\\Container\\BoundMethod.php(35): Illuminate\\Container\\BoundMethod::callBoundMethod(Object(Illuminate\\Foundation\\Application), Array, Object(Closure))
#49 C:\\Users\\dell\\Documents\\Github\\saudiex\\vendor\\laravel\\framework\\src\\Illuminate\\Container\\Container.php(661): Illuminate\\Container\\BoundMethod::call(Object(Illuminate\\Foundation\\Application), Array, Array, NULL)
#50 C:\\Users\\dell\\Documents\\Github\\saudiex\\vendor\\laravel\\framework\\src\\Illuminate\\Console\\Command.php(183): Illuminate\\Container\\Container->call(Array)
#51 C:\\Users\\dell\\Documents\\Github\\saudiex\\vendor\\symfony\\console\\Command\\Command.php(291): Illuminate\\Console\\Command->execute(Object(Symfony\\Component\\Console\\Input\\ArgvInput), Object(Illuminate\\Console\\OutputStyle))
#52 C:\\Users\\dell\\Documents\\Github\\saudiex\\vendor\\laravel\\framework\\src\\Illuminate\\Console\\Command.php(152): Symfony\\Component\\Console\\Command\\Command->run(Object(Symfony\\Component\\Console\\Input\\ArgvInput), Object(Illuminate\\Console\\OutputStyle))
#53 C:\\Users\\dell\\Documents\\Github\\saudiex\\vendor\\symfony\\console\\Application.php(1014): Illuminate\\Console\\Command->run(Object(Symfony\\Component\\Console\\Input\\ArgvInput), Object(Symfony\\Component\\Console\\Output\\ConsoleOutput))
#54 C:\\Users\\dell\\Documents\\Github\\saudiex\\vendor\\symfony\\console\\Application.php(301): Symfony\\Component\\Console\\Application->doRunCommand(Object(Illuminate\\Database\\Console\\Migrations\\MigrateCommand), Object(Symfony\\Component\\Console\\Input\\ArgvInput), Object(Symfony\\Component\\Console\\Output\\ConsoleOutput))
#55 C:\\Users\\dell\\Documents\\Github\\saudiex\\vendor\\symfony\\console\\Application.php(171): Symfony\\Component\\Console\\Application->doRun(Object(Symfony\\Component\\Console\\Input\\ArgvInput), Object(Symfony\\Component\\Console\\Output\\ConsoleOutput))
#56 C:\\Users\\dell\\Documents\\Github\\saudiex\\vendor\\laravel\\framework\\src\\Illuminate\\Console\\Application.php(102): Symfony\\Component\\Console\\Application->run(Object(Symfony\\Component\\Console\\Input\\ArgvInput), Object(Symfony\\Component\\Console\\Output\\ConsoleOutput))
#57 C:\\Users\\dell\\Documents\\Github\\saudiex\\vendor\\laravel\\framework\\src\\Illuminate\\Foundation\\Console\\Kernel.php(155): Illuminate\\Console\\Application->run(Object(Symfony\\Component\\Console\\Input\\ArgvInput), Object(Symfony\\Component\\Console\\Output\\ConsoleOutput))
#58 C:\\Users\\dell\\Documents\\Github\\saudiex\\artisan(33): Illuminate\\Foundation\\Console\\Kernel->handle(Object(Symfony\\Component\\Console\\Input\\ArgvInput), Object(Symfony\\Component\\Console\\Output\\ConsoleOutput))
#59 {main}
"} 
[2025-10-24 13:34:50] local.ERROR: Invalid key supplied  
[2025-10-24 13:34:50] local.ERROR: Invalid key supplied  
[2025-10-24 13:35:50] local.ERROR: Invalid key supplied  
[2025-10-24 13:35:50] local.ERROR: Invalid key supplied  
[2025-10-24 13:36:50] local.ERROR: Invalid key supplied  
[2025-10-24 13:36:50] local.ERROR: Invalid key supplied  
[2025-10-24 13:37:49] local.ERROR: Invalid key supplied  
[2025-10-24 13:37:49] local.ERROR: Invalid key supplied  
[2025-10-24 13:38:19] local.ERROR: Invalid key supplied  
[2025-10-24 13:38:50] local.ERROR: Invalid key supplied  
[2025-10-24 13:38:50] local.ERROR: Invalid key supplied  
[2025-10-24 13:39:50] local.ERROR: Invalid key supplied  
[2025-10-24 13:39:50] local.ERROR: Invalid key supplied  
[2025-10-24 13:40:50] local.ERROR: Invalid key supplied  
[2025-10-24 13:40:50] local.ERROR: Invalid key supplied  
[2025-10-24 13:41:50] local.ERROR: Invalid key supplied  
[2025-10-24 13:41:50] local.ERROR: Invalid key supplied  
[2025-10-24 13:42:50] local.ERROR: Invalid key supplied  
[2025-10-24 13:42:50] local.ERROR: Invalid key supplied  
[2025-10-24 13:43:50] local.ERROR: Invalid key supplied  
[2025-10-24 13:43:50] local.ERROR: Invalid key supplied  
[2025-10-24 13:44:50] local.ERROR: Invalid key supplied  
[2025-10-24 13:44:50] local.ERROR: Invalid key supplied  
[2025-10-24 13:45:50] local.ERROR: Invalid key supplied  
[2025-10-24 13:45:50] local.ERROR: Invalid key supplied  
[2025-10-24 13:46:50] local.ERROR: Invalid key supplied  
[2025-10-24 13:46:50] local.ERROR: Invalid key supplied  
[2025-10-24 13:47:50] local.ERROR: Invalid key supplied  
[2025-10-24 13:47:50] local.ERROR: Invalid key supplied  
[2025-10-24 13:48:19] local.ERROR: Invalid key supplied  
[2025-10-24 13:48:50] local.ERROR: Invalid key supplied  
[2025-10-24 13:48:50] local.ERROR: Invalid key supplied  
[2025-10-24 13:49:49] local.ERROR: Invalid key supplied  
[2025-10-24 13:49:49] local.ERROR: Invalid key supplied  
[2025-10-24 13:50:50] local.ERROR: Invalid key supplied  
[2025-10-24 13:50:50] local.ERROR: Invalid key supplied  
[2025-10-24 13:51:50] local.ERROR: Invalid key supplied  
[2025-10-24 13:51:50] local.ERROR: Invalid key supplied  
[2025-10-24 13:52:50] local.ERROR: Invalid key supplied  
[2025-10-24 13:52:50] local.ERROR: Invalid key supplied  
[2025-10-24 13:53:50] local.ERROR: Invalid key supplied  
[2025-10-24 13:53:50] local.ERROR: Invalid key supplied  
[2025-10-24 13:54:50] local.ERROR: Invalid key supplied  
[2025-10-24 13:54:50] local.ERROR: Invalid key supplied  
[2025-10-24 13:55:50] local.ERROR: Invalid key supplied  
[2025-10-24 13:55:50] local.ERROR: Invalid key supplied  
[2025-10-24 13:56:50] local.ERROR: Invalid key supplied  
[2025-10-24 13:56:50] local.ERROR: Invalid key supplied  
[2025-10-24 13:57:50] local.ERROR: Invalid key supplied  
[2025-10-24 13:57:50] local.ERROR: Invalid key supplied  
[2025-10-24 13:58:19] local.ERROR: Invalid key supplied  
[2025-10-24 13:58:50] local.ERROR: Invalid key supplied  
[2025-10-24 13:58:50] local.ERROR: Invalid key supplied  
[2025-10-24 13:59:50] local.ERROR: Invalid key supplied  
[2025-10-24 13:59:50] local.ERROR: Invalid key supplied  
[2025-10-24 14:00:50] local.ERROR: Invalid key supplied  
[2025-10-24 14:00:50] local.ERROR: Invalid key supplied  
[2025-10-24 14:01:50] local.ERROR: Invalid key supplied  
[2025-10-24 14:01:50] local.ERROR: Invalid key supplied  
[2025-10-24 14:02:50] local.ERROR: Invalid key supplied  
[2025-10-24 14:02:50] local.ERROR: Invalid key supplied  
[2025-10-24 14:03:50] local.ERROR: Invalid key supplied  
[2025-10-24 14:03:50] local.ERROR: Invalid key supplied  
[2025-10-24 14:04:50] local.ERROR: Invalid key supplied  
[2025-10-24 14:04:50] local.ERROR: Invalid key supplied  
[2025-10-24 14:05:50] local.ERROR: Invalid key supplied  
[2025-10-24 14:05:50] local.ERROR: Invalid key supplied  
[2025-10-24 14:06:50] local.ERROR: Invalid key supplied  
[2025-10-24 14:06:50] local.ERROR: Invalid key supplied  
[2025-10-24 14:07:50] local.ERROR: Invalid key supplied  
[2025-10-24 14:07:50] local.ERROR: Invalid key supplied  
[2025-10-24 14:08:20] local.ERROR: Invalid key supplied  
[2025-10-24 14:08:50] local.ERROR: Invalid key supplied  
[2025-10-24 14:08:50] local.ERROR: Invalid key supplied  
[2025-10-24 14:09:50] local.ERROR: Invalid key supplied  
[2025-10-24 14:09:50] local.ERROR: Invalid key supplied  
[2025-10-24 14:10:50] local.ERROR: Invalid key supplied  
[2025-10-24 14:10:50] local.ERROR: Invalid key supplied  
[2025-10-24 14:11:50] local.ERROR: Invalid key supplied  
[2025-10-24 14:11:50] local.ERROR: Invalid key supplied  
[2025-10-24 14:12:50] local.ERROR: Invalid key supplied  
[2025-10-24 14:12:50] local.ERROR: Invalid key supplied  
[2025-10-24 14:13:50] local.ERROR: Invalid key supplied  
[2025-10-24 14:13:50] local.ERROR: Invalid key supplied  
[2025-10-24 14:14:50] local.ERROR: Invalid key supplied  
[2025-10-24 14:14:50] local.ERROR: Invalid key supplied  
[2025-10-24 14:15:50] local.ERROR: Invalid key supplied  
[2025-10-24 14:15:50] local.ERROR: Invalid key supplied  
[2025-10-24 14:16:50] local.ERROR: Invalid key supplied  
[2025-10-24 14:16:50] local.ERROR: Invalid key supplied  
[2025-10-24 14:17:50] local.ERROR: Invalid key supplied  
[2025-10-24 14:17:50] local.ERROR: Invalid key supplied  
[2025-10-24 14:18:19] local.ERROR: Invalid key supplied  
[2025-10-24 14:18:50] local.ERROR: Invalid key supplied  
[2025-10-24 14:18:50] local.ERROR: Invalid key supplied  
[2025-10-24 14:19:50] local.ERROR: Invalid key supplied  
[2025-10-24 14:19:50] local.ERROR: Invalid key supplied  
[2025-10-24 14:20:50] local.ERROR: Invalid key supplied  
[2025-10-24 14:20:50] local.ERROR: Invalid key supplied  
[2025-10-24 14:21:50] local.ERROR: Invalid key supplied  
[2025-10-24 14:21:50] local.ERROR: Invalid key supplied  
[2025-10-24 14:22:50] local.ERROR: Invalid key supplied  
[2025-10-24 14:22:50] local.ERROR: Invalid key supplied  
[2025-10-24 14:23:50] local.ERROR: Invalid key supplied  
[2025-10-24 14:23:50] local.ERROR: Invalid key supplied  
[2025-10-24 14:24:50] local.ERROR: Invalid key supplied  
[2025-10-24 14:24:50] local.ERROR: Invalid key supplied  
[2025-10-24 14:25:50] local.ERROR: Invalid key supplied  
[2025-10-24 14:25:50] local.ERROR: Invalid key supplied  
[2025-10-24 14:26:50] local.ERROR: Invalid key supplied  
[2025-10-24 14:26:50] local.ERROR: Invalid key supplied  
[2025-10-24 14:27:50] local.ERROR: Invalid key supplied  
[2025-10-24 14:27:50] local.ERROR: Invalid key supplied  
[2025-10-24 14:28:19] local.ERROR: Invalid key supplied  
[2025-10-24 14:28:50] local.ERROR: Invalid key supplied  
[2025-10-24 14:28:50] local.ERROR: Invalid key supplied  
[2025-10-24 14:29:50] local.ERROR: Invalid key supplied  
[2025-10-24 14:29:50] local.ERROR: Invalid key supplied  
[2025-10-24 14:30:50] local.ERROR: Invalid key supplied  
[2025-10-24 14:30:50] local.ERROR: Invalid key supplied  
[2025-10-24 14:31:50] local.ERROR: Invalid key supplied  
[2025-10-24 14:31:50] local.ERROR: Invalid key supplied  
[2025-10-24 14:32:50] local.ERROR: Invalid key supplied  
[2025-10-24 14:32:50] local.ERROR: Invalid key supplied  
[2025-10-24 14:33:50] local.ERROR: Invalid key supplied  
[2025-10-24 14:33:50] local.ERROR: Invalid key supplied  
[2025-10-24 14:34:50] local.ERROR: Invalid key supplied  
[2025-10-24 14:34:50] local.ERROR: Invalid key supplied  
[2025-10-24 14:35:50] local.ERROR: Invalid key supplied  
[2025-10-24 14:35:50] local.ERROR: Invalid key supplied  
[2025-10-24 14:36:50] local.ERROR: Invalid key supplied  
[2025-10-24 14:36:50] local.ERROR: Invalid key supplied  
[2025-10-24 14:37:50] local.ERROR: Invalid key supplied  
[2025-10-24 14:37:50] local.ERROR: Invalid key supplied  
[2025-10-24 14:38:19] local.ERROR: Invalid key supplied  
[2025-10-24 14:38:50] local.ERROR: Invalid key supplied  
[2025-10-24 14:38:50] local.ERROR: Invalid key supplied  
[2025-10-24 14:39:50] local.ERROR: Invalid key supplied  
[2025-10-24 14:39:50] local.ERROR: Invalid key supplied  
[2025-10-24 14:40:50] local.ERROR: Invalid key supplied  
[2025-10-24 14:40:50] local.ERROR: Invalid key supplied  
[2025-10-24 14:41:50] local.ERROR: Invalid key supplied  
[2025-10-24 14:41:50] local.ERROR: Invalid key supplied  
[2025-10-24 14:42:50] local.ERROR: Invalid key supplied  
[2025-10-24 14:42:50] local.ERROR: Invalid key supplied  
[2025-10-24 14:43:50] local.ERROR: Invalid key supplied  
[2025-10-24 14:43:50] local.ERROR: Invalid key supplied  
[2025-10-24 14:44:50] local.ERROR: Invalid key supplied  
[2025-10-24 14:44:50] local.ERROR: Invalid key supplied  
[2025-10-24 14:45:50] local.ERROR: Invalid key supplied  
[2025-10-24 14:45:50] local.ERROR: Invalid key supplied  
[2025-10-24 14:46:50] local.ERROR: Invalid key supplied  
[2025-10-24 14:46:50] local.ERROR: Invalid key supplied  
[2025-10-24 14:47:50] local.ERROR: Invalid key supplied  
[2025-10-24 14:47:50] local.ERROR: Invalid key supplied  
[2025-10-24 14:48:19] local.ERROR: Invalid key supplied  
[2025-10-24 14:48:50] local.ERROR: Invalid key supplied  
[2025-10-24 14:48:50] local.ERROR: Invalid key supplied  
[2025-10-24 14:49:51] local.ERROR: Invalid key supplied  
[2025-10-24 14:49:51] local.ERROR: Invalid key supplied  
[2025-10-24 14:50:50] local.ERROR: Invalid key supplied  
[2025-10-24 14:50:50] local.ERROR: Invalid key supplied  
[2025-10-24 14:51:50] local.ERROR: Invalid key supplied  
[2025-10-24 14:51:50] local.ERROR: Invalid key supplied  
[2025-10-24 14:52:50] local.ERROR: Invalid key supplied  
[2025-10-24 14:52:50] local.ERROR: Invalid key supplied  
[2025-10-24 14:53:50] local.ERROR: Invalid key supplied  
[2025-10-24 14:53:50] local.ERROR: Invalid key supplied  
[2025-10-24 14:54:50] local.ERROR: Invalid key supplied  
[2025-10-24 14:54:50] local.ERROR: Invalid key supplied  
[2025-10-24 14:55:50] local.ERROR: Invalid key supplied  
[2025-10-24 14:55:50] local.ERROR: Invalid key supplied  
[2025-10-24 14:56:51] local.ERROR: Invalid key supplied  
[2025-10-24 14:56:51] local.ERROR: Invalid key supplied  
[2025-10-24 14:57:50] local.ERROR: Invalid key supplied  
[2025-10-24 14:57:50] local.ERROR: Invalid key supplied  
[2025-10-24 14:58:19] local.ERROR: Invalid key supplied  
[2025-10-24 14:58:50] local.ERROR: Invalid key supplied  
[2025-10-24 14:58:50] local.ERROR: Invalid key supplied  
[2025-10-24 16:42:56] local.ERROR: Invalid key supplied  
[2025-10-24 16:42:56] local.ERROR: Invalid key supplied  
[2025-10-24 16:42:57] local.ERROR: Invalid key supplied  
[2025-10-24 16:43:49] local.ERROR: Invalid key supplied  
[2025-10-24 16:43:52] local.ERROR: Invalid key supplied  
[2025-10-24 16:44:30] local.ERROR: Invalid key supplied  
[2025-10-24 16:44:32] local.ERROR: Invalid key supplied  
[2025-10-24 16:44:32] local.ERROR: Invalid key supplied  
[2025-10-24 16:44:34] local.ERROR: No connection could be made because the target machine actively refused it [tcp://127.0.0.1:6379] {"exception":"[object] (Predis\\Connection\\ConnectionException(code: 10061): No connection could be made because the target machine actively refused it [tcp://127.0.0.1:6379] at C:\\Users\\dell\\Documents\\Github\\saudiex\\vendor\\predis\\predis\\src\\Connection\\AbstractConnection.php:155)
[stacktrace]
#0 C:\\Users\\dell\\Documents\\Github\\saudiex\\vendor\\predis\\predis\\src\\Connection\\StreamConnection.php(128): Predis\\Connection\\AbstractConnection->onConnectionError('No connection c...', 10061)
#1 C:\\Users\\dell\\Documents\\Github\\saudiex\\vendor\\predis\\predis\\src\\Connection\\StreamConnection.php(178): Predis\\Connection\\StreamConnection->createStreamSocket(Object(Predis\\Connection\\Parameters), 'tcp://127.0.0.1...', 4)
#2 C:\\Users\\dell\\Documents\\Github\\saudiex\\vendor\\predis\\predis\\src\\Connection\\StreamConnection.php(100): Predis\\Connection\\StreamConnection->tcpStreamInitializer(Object(Predis\\Connection\\Parameters))
#3 C:\\Users\\dell\\Documents\\Github\\saudiex\\vendor\\predis\\predis\\src\\Connection\\AbstractConnection.php(81): Predis\\Connection\\StreamConnection->createResource()
#4 C:\\Users\\dell\\Documents\\Github\\saudiex\\vendor\\predis\\predis\\src\\Connection\\StreamConnection.php(258): Predis\\Connection\\AbstractConnection->connect()
#5 C:\\Users\\dell\\Documents\\Github\\saudiex\\vendor\\predis\\predis\\src\\Connection\\AbstractConnection.php(180): Predis\\Connection\\StreamConnection->connect()
#6 C:\\Users\\dell\\Documents\\Github\\saudiex\\vendor\\predis\\predis\\src\\Connection\\StreamConnection.php(288): Predis\\Connection\\AbstractConnection->getResource()
#7 C:\\Users\\dell\\Documents\\Github\\saudiex\\vendor\\predis\\predis\\src\\Connection\\StreamConnection.php(394): Predis\\Connection\\StreamConnection->write('*2\\r\\n$4\\r\\nKEYS\\r\\n$...')
#8 C:\\Users\\dell\\Documents\\Github\\saudiex\\vendor\\predis\\predis\\src\\Connection\\AbstractConnection.php(110): Predis\\Connection\\StreamConnection->writeRequest(Object(Predis\\Command\\KeyKeys))
#9 C:\\Users\\dell\\Documents\\Github\\saudiex\\vendor\\predis\\predis\\src\\Client.php(331): Predis\\Connection\\AbstractConnection->executeCommand(Object(Predis\\Command\\KeyKeys))
#10 C:\\Users\\dell\\Documents\\Github\\saudiex\\vendor\\predis\\predis\\src\\Client.php(313): Predis\\Client->executeCommand(Object(Predis\\Command\\KeyKeys))
#11 C:\\Users\\dell\\Documents\\Github\\saudiex\\vendor\\laravel\\framework\\src\\Illuminate\\Redis\\Connections\\Connection.php(116): Predis\\Client->__call('keys', Array)
#12 C:\\Users\\dell\\Documents\\Github\\saudiex\\vendor\\laravel\\framework\\src\\Illuminate\\Redis\\Connections\\Connection.php(229): Illuminate\\Redis\\Connections\\Connection->command('keys', Array)
#13 C:\\Users\\dell\\Documents\\Github\\saudiex\\app\\Console\\ProcessManager.php(117): Illuminate\\Redis\\Connections\\Connection->__call('keys', Array)
#14 C:\\Users\\dell\\Documents\\Github\\saudiex\\app\\Console\\ProcessManager.php(38): App\\Console\\ProcessManager->cleanKilledProcess()
#15 C:\\Users\\dell\\Documents\\Github\\saudiex\\app\\Console\\Commands\\CleanEventsCommand.php(35): App\\Console\\ProcessManager->__construct('events:clean', 3600, 1)
#16 C:\\Users\\dell\\Documents\\Github\\saudiex\\vendor\\laravel\\framework\\src\\Illuminate\\Container\\BoundMethod.php(36): App\\Console\\Commands\\CleanEventsCommand->handle()
#17 C:\\Users\\dell\\Documents\\Github\\saudiex\\vendor\\laravel\\framework\\src\\Illuminate\\Container\\Util.php(41): Illuminate\\Container\\BoundMethod::Illuminate\\Container\\{closure}()
#18 C:\\Users\\dell\\Documents\\Github\\saudiex\\vendor\\laravel\\framework\\src\\Illuminate\\Container\\BoundMethod.php(93): Illuminate\\Container\\Util::unwrapIfClosure(Object(Closure))
#19 C:\\Users\\dell\\Documents\\Github\\saudiex\\vendor\\laravel\\framework\\src\\Illuminate\\Container\\BoundMethod.php(35): Illuminate\\Container\\BoundMethod::callBoundMethod(Object(Illuminate\\Foundation\\Application), Array, Object(Closure))
#20 C:\\Users\\dell\\Documents\\Github\\saudiex\\vendor\\laravel\\framework\\src\\Illuminate\\Container\\Container.php(661): Illuminate\\Container\\BoundMethod::call(Object(Illuminate\\Foundation\\Application), Array, Array, NULL)
#21 C:\\Users\\dell\\Documents\\Github\\saudiex\\vendor\\laravel\\framework\\src\\Illuminate\\Console\\Command.php(183): Illuminate\\Container\\Container->call(Array)
#22 C:\\Users\\dell\\Documents\\Github\\saudiex\\vendor\\symfony\\console\\Command\\Command.php(291): Illuminate\\Console\\Command->execute(Object(Symfony\\Component\\Console\\Input\\ArrayInput), Object(Illuminate\\Console\\OutputStyle))
#23 C:\\Users\\dell\\Documents\\Github\\saudiex\\vendor\\laravel\\framework\\src\\Illuminate\\Console\\Command.php(152): Symfony\\Component\\Console\\Command\\Command->run(Object(Symfony\\Component\\Console\\Input\\ArrayInput), Object(Illuminate\\Console\\OutputStyle))
#24 C:\\Users\\dell\\Documents\\Github\\saudiex\\vendor\\symfony\\console\\Application.php(1014): Illuminate\\Console\\Command->run(Object(Symfony\\Component\\Console\\Input\\ArrayInput), Object(Symfony\\Component\\Console\\Output\\BufferedOutput))
#25 C:\\Users\\dell\\Documents\\Github\\saudiex\\vendor\\symfony\\console\\Application.php(301): Symfony\\Component\\Console\\Application->doRunCommand(Object(App\\Console\\Commands\\CleanEventsCommand), Object(Symfony\\Component\\Console\\Input\\ArrayInput), Object(Symfony\\Component\\Console\\Output\\BufferedOutput))
#26 C:\\Users\\dell\\Documents\\Github\\saudiex\\vendor\\symfony\\console\\Application.php(171): Symfony\\Component\\Console\\Application->doRun(Object(Symfony\\Component\\Console\\Input\\ArrayInput), Object(Symfony\\Component\\Console\\Output\\BufferedOutput))
#27 C:\\Users\\dell\\Documents\\Github\\saudiex\\vendor\\laravel\\framework\\src\\Illuminate\\Console\\Application.php(102): Symfony\\Component\\Console\\Application->run(Object(Symfony\\Component\\Console\\Input\\ArrayInput), Object(Symfony\\Component\\Console\\Output\\BufferedOutput))
#28 C:\\Users\\dell\\Documents\\Github\\saudiex\\vendor\\laravel\\framework\\src\\Illuminate\\Console\\Application.php(193): Illuminate\\Console\\Application->run(Object(Symfony\\Component\\Console\\Input\\ArrayInput), Object(Symfony\\Component\\Console\\Output\\BufferedOutput))
#29 C:\\Users\\dell\\Documents\\Github\\saudiex\\vendor\\laravel\\framework\\src\\Illuminate\\Foundation\\Console\\Kernel.php(336): Illuminate\\Console\\Application->call('events:clean', Array, NULL)
#30 C:\\Users\\dell\\Documents\\Github\\saudiex\\vendor\\laravel\\framework\\src\\Illuminate\\Support\\Facades\\Facade.php(338): Illuminate\\Foundation\\Console\\Kernel->call('events:clean', Array)
#31 C:\\Users\\dell\\Documents\\Github\\saudiex\\database\\migrations\\2021_02_25_195650_alter_poi_events_table.php(49): Illuminate\\Support\\Facades\\Facade::__callStatic('call', Array)
#32 C:\\Users\\dell\\Documents\\Github\\saudiex\\database\\migrations\\2021_02_25_195650_alter_poi_events_table.php(20): AlterPoiEventsTable->cleanEvents()
#33 C:\\Users\\dell\\Documents\\Github\\saudiex\\vendor\\laravel\\framework\\src\\Illuminate\\Database\\Migrations\\Migrator.php(496): AlterPoiEventsTable->up()
#34 C:\\Users\\dell\\Documents\\Github\\saudiex\\vendor\\laravel\\framework\\src\\Illuminate\\Database\\Migrations\\Migrator.php(414): Illuminate\\Database\\Migrations\\Migrator->runMethod(Object(Illuminate\\Database\\MySqlConnection), Object(AlterPoiEventsTable), 'up')
#35 C:\\Users\\dell\\Documents\\Github\\saudiex\\vendor\\laravel\\framework\\src\\Illuminate\\Database\\Migrations\\Migrator.php(423): Illuminate\\Database\\Migrations\\Migrator->Illuminate\\Database\\Migrations\\{closure}()
#36 C:\\Users\\dell\\Documents\\Github\\saudiex\\vendor\\laravel\\framework\\src\\Illuminate\\Database\\Migrations\\Migrator.php(224): Illuminate\\Database\\Migrations\\Migrator->runMigration(Object(AlterPoiEventsTable), 'up')
#37 C:\\Users\\dell\\Documents\\Github\\saudiex\\vendor\\laravel\\framework\\src\\Illuminate\\Console\\View\\Components\\Task.php(37): Illuminate\\Database\\Migrations\\Migrator->Illuminate\\Database\\Migrations\\{closure}()
#38 C:\\Users\\dell\\Documents\\Github\\saudiex\\vendor\\laravel\\framework\\src\\Illuminate\\Database\\Migrations\\Migrator.php(778): Illuminate\\Console\\View\\Components\\Task->render('2021_02_25_1956...', Object(Closure))
#39 C:\\Users\\dell\\Documents\\Github\\saudiex\\vendor\\laravel\\framework\\src\\Illuminate\\Database\\Migrations\\Migrator.php(224): Illuminate\\Database\\Migrations\\Migrator->write('Illuminate\\\\Cons...', '2021_02_25_1956...', Object(Closure))
#40 C:\\Users\\dell\\Documents\\Github\\saudiex\\vendor\\laravel\\framework\\src\\Illuminate\\Database\\Migrations\\Migrator.php(189): Illuminate\\Database\\Migrations\\Migrator->runUp('C:\\\\Users\\\\dell\\\\D...', 3, false)
#41 C:\\Users\\dell\\Documents\\Github\\saudiex\\vendor\\laravel\\framework\\src\\Illuminate\\Database\\Migrations\\Migrator.php(132): Illuminate\\Database\\Migrations\\Migrator->runPending(Array, Array)
#42 C:\\Users\\dell\\Documents\\Github\\saudiex\\vendor\\laravel\\framework\\src\\Illuminate\\Database\\Console\\Migrations\\MigrateCommand.php(88): Illuminate\\Database\\Migrations\\Migrator->run(Array, Array)
#43 C:\\Users\\dell\\Documents\\Github\\saudiex\\vendor\\laravel\\framework\\src\\Illuminate\\Database\\Migrations\\Migrator.php(636): Illuminate\\Database\\Console\\Migrations\\MigrateCommand->Illuminate\\Database\\Console\\Migrations\\{closure}()
#44 C:\\Users\\dell\\Documents\\Github\\saudiex\\vendor\\laravel\\framework\\src\\Illuminate\\Database\\Console\\Migrations\\MigrateCommand.php(81): Illuminate\\Database\\Migrations\\Migrator->usingConnection(NULL, Object(Closure))
#45 C:\\Users\\dell\\Documents\\Github\\saudiex\\vendor\\laravel\\framework\\src\\Illuminate\\Container\\BoundMethod.php(36): Illuminate\\Database\\Console\\Migrations\\MigrateCommand->handle()
#46 C:\\Users\\dell\\Documents\\Github\\saudiex\\vendor\\laravel\\framework\\src\\Illuminate\\Container\\Util.php(41): Illuminate\\Container\\BoundMethod::Illuminate\\Container\\{closure}()
#47 C:\\Users\\dell\\Documents\\Github\\saudiex\\vendor\\laravel\\framework\\src\\Illuminate\\Container\\BoundMethod.php(93): Illuminate\\Container\\Util::unwrapIfClosure(Object(Closure))
#48 C:\\Users\\dell\\Documents\\Github\\saudiex\\vendor\\laravel\\framework\\src\\Illuminate\\Container\\BoundMethod.php(35): Illuminate\\Container\\BoundMethod::callBoundMethod(Object(Illuminate\\Foundation\\Application), Array, Object(Closure))
#49 C:\\Users\\dell\\Documents\\Github\\saudiex\\vendor\\laravel\\framework\\src\\Illuminate\\Container\\Container.php(661): Illuminate\\Container\\BoundMethod::call(Object(Illuminate\\Foundation\\Application), Array, Array, NULL)
#50 C:\\Users\\dell\\Documents\\Github\\saudiex\\vendor\\laravel\\framework\\src\\Illuminate\\Console\\Command.php(183): Illuminate\\Container\\Container->call(Array)
#51 C:\\Users\\dell\\Documents\\Github\\saudiex\\vendor\\symfony\\console\\Command\\Command.php(291): Illuminate\\Console\\Command->execute(Object(Symfony\\Component\\Console\\Input\\ArgvInput), Object(Illuminate\\Console\\OutputStyle))
#52 C:\\Users\\dell\\Documents\\Github\\saudiex\\vendor\\laravel\\framework\\src\\Illuminate\\Console\\Command.php(152): Symfony\\Component\\Console\\Command\\Command->run(Object(Symfony\\Component\\Console\\Input\\ArgvInput), Object(Illuminate\\Console\\OutputStyle))
#53 C:\\Users\\dell\\Documents\\Github\\saudiex\\vendor\\symfony\\console\\Application.php(1014): Illuminate\\Console\\Command->run(Object(Symfony\\Component\\Console\\Input\\ArgvInput), Object(Symfony\\Component\\Console\\Output\\ConsoleOutput))
#54 C:\\Users\\dell\\Documents\\Github\\saudiex\\vendor\\symfony\\console\\Application.php(301): Symfony\\Component\\Console\\Application->doRunCommand(Object(Illuminate\\Database\\Console\\Migrations\\MigrateCommand), Object(Symfony\\Component\\Console\\Input\\ArgvInput), Object(Symfony\\Component\\Console\\Output\\ConsoleOutput))
#55 C:\\Users\\dell\\Documents\\Github\\saudiex\\vendor\\symfony\\console\\Application.php(171): Symfony\\Component\\Console\\Application->doRun(Object(Symfony\\Component\\Console\\Input\\ArgvInput), Object(Symfony\\Component\\Console\\Output\\ConsoleOutput))
#56 C:\\Users\\dell\\Documents\\Github\\saudiex\\vendor\\laravel\\framework\\src\\Illuminate\\Console\\Application.php(102): Symfony\\Component\\Console\\Application->run(Object(Symfony\\Component\\Console\\Input\\ArgvInput), Object(Symfony\\Component\\Console\\Output\\ConsoleOutput))
#57 C:\\Users\\dell\\Documents\\Github\\saudiex\\vendor\\laravel\\framework\\src\\Illuminate\\Foundation\\Console\\Kernel.php(155): Illuminate\\Console\\Application->run(Object(Symfony\\Component\\Console\\Input\\ArgvInput), Object(Symfony\\Component\\Console\\Output\\ConsoleOutput))
#58 C:\\Users\\dell\\Documents\\Github\\saudiex\\artisan(33): Illuminate\\Foundation\\Console\\Kernel->handle(Object(Symfony\\Component\\Console\\Input\\ArgvInput), Object(Symfony\\Component\\Console\\Output\\ConsoleOutput))
#59 {main}
"} 
[2025-10-24 16:44:52] local.ERROR: Invalid key supplied  
[2025-10-24 16:44:55] local.ERROR: No connection could be made because the target machine actively refused it [tcp://127.0.0.1:6379] {"exception":"[object] (Predis\\Connection\\ConnectionException(code: 10061): No connection could be made because the target machine actively refused it [tcp://127.0.0.1:6379] at C:\\Users\\dell\\Documents\\Github\\saudiex\\vendor\\predis\\predis\\src\\Connection\\AbstractConnection.php:155)
[stacktrace]
#0 C:\\Users\\dell\\Documents\\Github\\saudiex\\vendor\\predis\\predis\\src\\Connection\\StreamConnection.php(128): Predis\\Connection\\AbstractConnection->onConnectionError('No connection c...', 10061)
#1 C:\\Users\\dell\\Documents\\Github\\saudiex\\vendor\\predis\\predis\\src\\Connection\\StreamConnection.php(178): Predis\\Connection\\StreamConnection->createStreamSocket(Object(Predis\\Connection\\Parameters), 'tcp://127.0.0.1...', 4)
#2 C:\\Users\\dell\\Documents\\Github\\saudiex\\vendor\\predis\\predis\\src\\Connection\\StreamConnection.php(100): Predis\\Connection\\StreamConnection->tcpStreamInitializer(Object(Predis\\Connection\\Parameters))
#3 C:\\Users\\dell\\Documents\\Github\\saudiex\\vendor\\predis\\predis\\src\\Connection\\AbstractConnection.php(81): Predis\\Connection\\StreamConnection->createResource()
#4 C:\\Users\\dell\\Documents\\Github\\saudiex\\vendor\\predis\\predis\\src\\Connection\\StreamConnection.php(258): Predis\\Connection\\AbstractConnection->connect()
#5 C:\\Users\\dell\\Documents\\Github\\saudiex\\vendor\\predis\\predis\\src\\Connection\\AbstractConnection.php(180): Predis\\Connection\\StreamConnection->connect()
#6 C:\\Users\\dell\\Documents\\Github\\saudiex\\vendor\\predis\\predis\\src\\Connection\\StreamConnection.php(288): Predis\\Connection\\AbstractConnection->getResource()
#7 C:\\Users\\dell\\Documents\\Github\\saudiex\\vendor\\predis\\predis\\src\\Connection\\StreamConnection.php(394): Predis\\Connection\\StreamConnection->write('*2\\r\\n$4\\r\\nKEYS\\r\\n$...')
#8 C:\\Users\\dell\\Documents\\Github\\saudiex\\vendor\\predis\\predis\\src\\Connection\\AbstractConnection.php(110): Predis\\Connection\\StreamConnection->writeRequest(Object(Predis\\Command\\KeyKeys))
#9 C:\\Users\\dell\\Documents\\Github\\saudiex\\vendor\\predis\\predis\\src\\Client.php(331): Predis\\Connection\\AbstractConnection->executeCommand(Object(Predis\\Command\\KeyKeys))
#10 C:\\Users\\dell\\Documents\\Github\\saudiex\\vendor\\predis\\predis\\src\\Client.php(313): Predis\\Client->executeCommand(Object(Predis\\Command\\KeyKeys))
#11 C:\\Users\\dell\\Documents\\Github\\saudiex\\vendor\\laravel\\framework\\src\\Illuminate\\Redis\\Connections\\Connection.php(116): Predis\\Client->__call('keys', Array)
#12 C:\\Users\\dell\\Documents\\Github\\saudiex\\vendor\\laravel\\framework\\src\\Illuminate\\Redis\\Connections\\Connection.php(229): Illuminate\\Redis\\Connections\\Connection->command('keys', Array)
#13 C:\\Users\\dell\\Documents\\Github\\saudiex\\app\\Console\\ProcessManager.php(117): Illuminate\\Redis\\Connections\\Connection->__call('keys', Array)
#14 C:\\Users\\dell\\Documents\\Github\\saudiex\\app\\Console\\ProcessManager.php(38): App\\Console\\ProcessManager->cleanKilledProcess()
#15 C:\\Users\\dell\\Documents\\Github\\saudiex\\app\\Console\\Commands\\CleanEventsCommand.php(35): App\\Console\\ProcessManager->__construct('events:clean', 3600, 1)
#16 C:\\Users\\dell\\Documents\\Github\\saudiex\\vendor\\laravel\\framework\\src\\Illuminate\\Container\\BoundMethod.php(36): App\\Console\\Commands\\CleanEventsCommand->handle()
#17 C:\\Users\\dell\\Documents\\Github\\saudiex\\vendor\\laravel\\framework\\src\\Illuminate\\Container\\Util.php(41): Illuminate\\Container\\BoundMethod::Illuminate\\Container\\{closure}()
#18 C:\\Users\\dell\\Documents\\Github\\saudiex\\vendor\\laravel\\framework\\src\\Illuminate\\Container\\BoundMethod.php(93): Illuminate\\Container\\Util::unwrapIfClosure(Object(Closure))
#19 C:\\Users\\dell\\Documents\\Github\\saudiex\\vendor\\laravel\\framework\\src\\Illuminate\\Container\\BoundMethod.php(35): Illuminate\\Container\\BoundMethod::callBoundMethod(Object(Illuminate\\Foundation\\Application), Array, Object(Closure))
#20 C:\\Users\\dell\\Documents\\Github\\saudiex\\vendor\\laravel\\framework\\src\\Illuminate\\Container\\Container.php(661): Illuminate\\Container\\BoundMethod::call(Object(Illuminate\\Foundation\\Application), Array, Array, NULL)
#21 C:\\Users\\dell\\Documents\\Github\\saudiex\\vendor\\laravel\\framework\\src\\Illuminate\\Console\\Command.php(183): Illuminate\\Container\\Container->call(Array)
#22 C:\\Users\\dell\\Documents\\Github\\saudiex\\vendor\\symfony\\console\\Command\\Command.php(291): Illuminate\\Console\\Command->execute(Object(Symfony\\Component\\Console\\Input\\ArrayInput), Object(Illuminate\\Console\\OutputStyle))
#23 C:\\Users\\dell\\Documents\\Github\\saudiex\\vendor\\laravel\\framework\\src\\Illuminate\\Console\\Command.php(152): Symfony\\Component\\Console\\Command\\Command->run(Object(Symfony\\Component\\Console\\Input\\ArrayInput), Object(Illuminate\\Console\\OutputStyle))
#24 C:\\Users\\dell\\Documents\\Github\\saudiex\\vendor\\symfony\\console\\Application.php(1014): Illuminate\\Console\\Command->run(Object(Symfony\\Component\\Console\\Input\\ArrayInput), Object(Symfony\\Component\\Console\\Output\\BufferedOutput))
#25 C:\\Users\\dell\\Documents\\Github\\saudiex\\vendor\\symfony\\console\\Application.php(301): Symfony\\Component\\Console\\Application->doRunCommand(Object(App\\Console\\Commands\\CleanEventsCommand), Object(Symfony\\Component\\Console\\Input\\ArrayInput), Object(Symfony\\Component\\Console\\Output\\BufferedOutput))
#26 C:\\Users\\dell\\Documents\\Github\\saudiex\\vendor\\symfony\\console\\Application.php(171): Symfony\\Component\\Console\\Application->doRun(Object(Symfony\\Component\\Console\\Input\\ArrayInput), Object(Symfony\\Component\\Console\\Output\\BufferedOutput))
#27 C:\\Users\\dell\\Documents\\Github\\saudiex\\vendor\\laravel\\framework\\src\\Illuminate\\Console\\Application.php(102): Symfony\\Component\\Console\\Application->run(Object(Symfony\\Component\\Console\\Input\\ArrayInput), Object(Symfony\\Component\\Console\\Output\\BufferedOutput))
#28 C:\\Users\\dell\\Documents\\Github\\saudiex\\vendor\\laravel\\framework\\src\\Illuminate\\Console\\Application.php(193): Illuminate\\Console\\Application->run(Object(Symfony\\Component\\Console\\Input\\ArrayInput), Object(Symfony\\Component\\Console\\Output\\BufferedOutput))
#29 C:\\Users\\dell\\Documents\\Github\\saudiex\\vendor\\laravel\\framework\\src\\Illuminate\\Foundation\\Console\\Kernel.php(336): Illuminate\\Console\\Application->call('events:clean', Array, NULL)
#30 C:\\Users\\dell\\Documents\\Github\\saudiex\\vendor\\laravel\\framework\\src\\Illuminate\\Support\\Facades\\Facade.php(338): Illuminate\\Foundation\\Console\\Kernel->call('events:clean', Array)
#31 C:\\Users\\dell\\Documents\\Github\\saudiex\\database\\migrations\\2021_02_25_195650_alter_poi_events_table.php(49): Illuminate\\Support\\Facades\\Facade::__callStatic('call', Array)
#32 C:\\Users\\dell\\Documents\\Github\\saudiex\\database\\migrations\\2021_02_25_195650_alter_poi_events_table.php(20): AlterPoiEventsTable->cleanEvents()
#33 C:\\Users\\dell\\Documents\\Github\\saudiex\\vendor\\laravel\\framework\\src\\Illuminate\\Database\\Migrations\\Migrator.php(496): AlterPoiEventsTable->up()
#34 C:\\Users\\dell\\Documents\\Github\\saudiex\\vendor\\laravel\\framework\\src\\Illuminate\\Database\\Migrations\\Migrator.php(414): Illuminate\\Database\\Migrations\\Migrator->runMethod(Object(Illuminate\\Database\\MySqlConnection), Object(AlterPoiEventsTable), 'up')
#35 C:\\Users\\dell\\Documents\\Github\\saudiex\\vendor\\laravel\\framework\\src\\Illuminate\\Database\\Migrations\\Migrator.php(423): Illuminate\\Database\\Migrations\\Migrator->Illuminate\\Database\\Migrations\\{closure}()
#36 C:\\Users\\dell\\Documents\\Github\\saudiex\\vendor\\laravel\\framework\\src\\Illuminate\\Database\\Migrations\\Migrator.php(224): Illuminate\\Database\\Migrations\\Migrator->runMigration(Object(AlterPoiEventsTable), 'up')
#37 C:\\Users\\dell\\Documents\\Github\\saudiex\\vendor\\laravel\\framework\\src\\Illuminate\\Console\\View\\Components\\Task.php(37): Illuminate\\Database\\Migrations\\Migrator->Illuminate\\Database\\Migrations\\{closure}()
#38 C:\\Users\\dell\\Documents\\Github\\saudiex\\vendor\\laravel\\framework\\src\\Illuminate\\Database\\Migrations\\Migrator.php(778): Illuminate\\Console\\View\\Components\\Task->render('2021_02_25_1956...', Object(Closure))
#39 C:\\Users\\dell\\Documents\\Github\\saudiex\\vendor\\laravel\\framework\\src\\Illuminate\\Database\\Migrations\\Migrator.php(224): Illuminate\\Database\\Migrations\\Migrator->write('Illuminate\\\\Cons...', '2021_02_25_1956...', Object(Closure))
#40 C:\\Users\\dell\\Documents\\Github\\saudiex\\vendor\\laravel\\framework\\src\\Illuminate\\Database\\Migrations\\Migrator.php(189): Illuminate\\Database\\Migrations\\Migrator->runUp('C:\\\\Users\\\\dell\\\\D...', 3, false)
#41 C:\\Users\\dell\\Documents\\Github\\saudiex\\vendor\\laravel\\framework\\src\\Illuminate\\Database\\Migrations\\Migrator.php(132): Illuminate\\Database\\Migrations\\Migrator->runPending(Array, Array)
#42 C:\\Users\\dell\\Documents\\Github\\saudiex\\vendor\\laravel\\framework\\src\\Illuminate\\Database\\Console\\Migrations\\MigrateCommand.php(88): Illuminate\\Database\\Migrations\\Migrator->run(Array, Array)
#43 C:\\Users\\dell\\Documents\\Github\\saudiex\\vendor\\laravel\\framework\\src\\Illuminate\\Database\\Migrations\\Migrator.php(636): Illuminate\\Database\\Console\\Migrations\\MigrateCommand->Illuminate\\Database\\Console\\Migrations\\{closure}()
#44 C:\\Users\\dell\\Documents\\Github\\saudiex\\vendor\\laravel\\framework\\src\\Illuminate\\Database\\Console\\Migrations\\MigrateCommand.php(81): Illuminate\\Database\\Migrations\\Migrator->usingConnection(NULL, Object(Closure))
#45 C:\\Users\\dell\\Documents\\Github\\saudiex\\vendor\\laravel\\framework\\src\\Illuminate\\Container\\BoundMethod.php(36): Illuminate\\Database\\Console\\Migrations\\MigrateCommand->handle()
#46 C:\\Users\\dell\\Documents\\Github\\saudiex\\vendor\\laravel\\framework\\src\\Illuminate\\Container\\Util.php(41): Illuminate\\Container\\BoundMethod::Illuminate\\Container\\{closure}()
#47 C:\\Users\\dell\\Documents\\Github\\saudiex\\vendor\\laravel\\framework\\src\\Illuminate\\Container\\BoundMethod.php(93): Illuminate\\Container\\Util::unwrapIfClosure(Object(Closure))
#48 C:\\Users\\dell\\Documents\\Github\\saudiex\\vendor\\laravel\\framework\\src\\Illuminate\\Container\\BoundMethod.php(35): Illuminate\\Container\\BoundMethod::callBoundMethod(Object(Illuminate\\Foundation\\Application), Array, Object(Closure))
#49 C:\\Users\\dell\\Documents\\Github\\saudiex\\vendor\\laravel\\framework\\src\\Illuminate\\Container\\Container.php(661): Illuminate\\Container\\BoundMethod::call(Object(Illuminate\\Foundation\\Application), Array, Array, NULL)
#50 C:\\Users\\dell\\Documents\\Github\\saudiex\\vendor\\laravel\\framework\\src\\Illuminate\\Console\\Command.php(183): Illuminate\\Container\\Container->call(Array)
#51 C:\\Users\\dell\\Documents\\Github\\saudiex\\vendor\\symfony\\console\\Command\\Command.php(291): Illuminate\\Console\\Command->execute(Object(Symfony\\Component\\Console\\Input\\ArgvInput), Object(Illuminate\\Console\\OutputStyle))
#52 C:\\Users\\dell\\Documents\\Github\\saudiex\\vendor\\laravel\\framework\\src\\Illuminate\\Console\\Command.php(152): Symfony\\Component\\Console\\Command\\Command->run(Object(Symfony\\Component\\Console\\Input\\ArgvInput), Object(Illuminate\\Console\\OutputStyle))
#53 C:\\Users\\dell\\Documents\\Github\\saudiex\\vendor\\symfony\\console\\Application.php(1014): Illuminate\\Console\\Command->run(Object(Symfony\\Component\\Console\\Input\\ArgvInput), Object(Symfony\\Component\\Console\\Output\\ConsoleOutput))
#54 C:\\Users\\dell\\Documents\\Github\\saudiex\\vendor\\symfony\\console\\Application.php(301): Symfony\\Component\\Console\\Application->doRunCommand(Object(Illuminate\\Database\\Console\\Migrations\\MigrateCommand), Object(Symfony\\Component\\Console\\Input\\ArgvInput), Object(Symfony\\Component\\Console\\Output\\ConsoleOutput))
#55 C:\\Users\\dell\\Documents\\Github\\saudiex\\vendor\\symfony\\console\\Application.php(171): Symfony\\Component\\Console\\Application->doRun(Object(Symfony\\Component\\Console\\Input\\ArgvInput), Object(Symfony\\Component\\Console\\Output\\ConsoleOutput))
#56 C:\\Users\\dell\\Documents\\Github\\saudiex\\vendor\\laravel\\framework\\src\\Illuminate\\Console\\Application.php(102): Symfony\\Component\\Console\\Application->run(Object(Symfony\\Component\\Console\\Input\\ArgvInput), Object(Symfony\\Component\\Console\\Output\\ConsoleOutput))
#57 C:\\Users\\dell\\Documents\\Github\\saudiex\\vendor\\laravel\\framework\\src\\Illuminate\\Foundation\\Console\\Kernel.php(155): Illuminate\\Console\\Application->run(Object(Symfony\\Component\\Console\\Input\\ArgvInput), Object(Symfony\\Component\\Console\\Output\\ConsoleOutput))
#58 C:\\Users\\dell\\Documents\\Github\\saudiex\\artisan(33): Illuminate\\Foundation\\Console\\Kernel->handle(Object(Symfony\\Component\\Console\\Input\\ArgvInput), Object(Symfony\\Component\\Console\\Output\\ConsoleOutput))
#59 {main}
"} 
[2025-10-24 16:45:05] local.ERROR: Invalid key supplied  
[2025-10-24 16:45:09] local.ERROR: No connection could be made because the target machine actively refused it [tcp://127.0.0.1:6379] {"exception":"[object] (Predis\\Connection\\ConnectionException(code: 10061): No connection could be made because the target machine actively refused it [tcp://127.0.0.1:6379] at C:\\Users\\dell\\Documents\\Github\\saudiex\\vendor\\predis\\predis\\src\\Connection\\AbstractConnection.php:155)
[stacktrace]
#0 C:\\Users\\dell\\Documents\\Github\\saudiex\\vendor\\predis\\predis\\src\\Connection\\StreamConnection.php(128): Predis\\Connection\\AbstractConnection->onConnectionError('No connection c...', 10061)
#1 C:\\Users\\dell\\Documents\\Github\\saudiex\\vendor\\predis\\predis\\src\\Connection\\StreamConnection.php(178): Predis\\Connection\\StreamConnection->createStreamSocket(Object(Predis\\Connection\\Parameters), 'tcp://127.0.0.1...', 4)
#2 C:\\Users\\dell\\Documents\\Github\\saudiex\\vendor\\predis\\predis\\src\\Connection\\StreamConnection.php(100): Predis\\Connection\\StreamConnection->tcpStreamInitializer(Object(Predis\\Connection\\Parameters))
#3 C:\\Users\\dell\\Documents\\Github\\saudiex\\vendor\\predis\\predis\\src\\Connection\\AbstractConnection.php(81): Predis\\Connection\\StreamConnection->createResource()
#4 C:\\Users\\dell\\Documents\\Github\\saudiex\\vendor\\predis\\predis\\src\\Connection\\StreamConnection.php(258): Predis\\Connection\\AbstractConnection->connect()
#5 C:\\Users\\dell\\Documents\\Github\\saudiex\\vendor\\predis\\predis\\src\\Connection\\AbstractConnection.php(180): Predis\\Connection\\StreamConnection->connect()
#6 C:\\Users\\dell\\Documents\\Github\\saudiex\\vendor\\predis\\predis\\src\\Connection\\StreamConnection.php(288): Predis\\Connection\\AbstractConnection->getResource()
#7 C:\\Users\\dell\\Documents\\Github\\saudiex\\vendor\\predis\\predis\\src\\Connection\\StreamConnection.php(394): Predis\\Connection\\StreamConnection->write('*2\\r\\n$4\\r\\nKEYS\\r\\n$...')
#8 C:\\Users\\dell\\Documents\\Github\\saudiex\\vendor\\predis\\predis\\src\\Connection\\AbstractConnection.php(110): Predis\\Connection\\StreamConnection->writeRequest(Object(Predis\\Command\\KeyKeys))
#9 C:\\Users\\dell\\Documents\\Github\\saudiex\\vendor\\predis\\predis\\src\\Client.php(331): Predis\\Connection\\AbstractConnection->executeCommand(Object(Predis\\Command\\KeyKeys))
#10 C:\\Users\\dell\\Documents\\Github\\saudiex\\vendor\\predis\\predis\\src\\Client.php(313): Predis\\Client->executeCommand(Object(Predis\\Command\\KeyKeys))
#11 C:\\Users\\dell\\Documents\\Github\\saudiex\\vendor\\laravel\\framework\\src\\Illuminate\\Redis\\Connections\\Connection.php(116): Predis\\Client->__call('keys', Array)
#12 C:\\Users\\dell\\Documents\\Github\\saudiex\\vendor\\laravel\\framework\\src\\Illuminate\\Redis\\Connections\\Connection.php(229): Illuminate\\Redis\\Connections\\Connection->command('keys', Array)
#13 C:\\Users\\dell\\Documents\\Github\\saudiex\\app\\Console\\ProcessManager.php(117): Illuminate\\Redis\\Connections\\Connection->__call('keys', Array)
#14 C:\\Users\\dell\\Documents\\Github\\saudiex\\app\\Console\\ProcessManager.php(38): App\\Console\\ProcessManager->cleanKilledProcess()
#15 C:\\Users\\dell\\Documents\\Github\\saudiex\\app\\Console\\Commands\\CleanEventsCommand.php(35): App\\Console\\ProcessManager->__construct('events:clean', 3600, 1)
#16 C:\\Users\\dell\\Documents\\Github\\saudiex\\vendor\\laravel\\framework\\src\\Illuminate\\Container\\BoundMethod.php(36): App\\Console\\Commands\\CleanEventsCommand->handle()
#17 C:\\Users\\dell\\Documents\\Github\\saudiex\\vendor\\laravel\\framework\\src\\Illuminate\\Container\\Util.php(41): Illuminate\\Container\\BoundMethod::Illuminate\\Container\\{closure}()
#18 C:\\Users\\dell\\Documents\\Github\\saudiex\\vendor\\laravel\\framework\\src\\Illuminate\\Container\\BoundMethod.php(93): Illuminate\\Container\\Util::unwrapIfClosure(Object(Closure))
#19 C:\\Users\\dell\\Documents\\Github\\saudiex\\vendor\\laravel\\framework\\src\\Illuminate\\Container\\BoundMethod.php(35): Illuminate\\Container\\BoundMethod::callBoundMethod(Object(Illuminate\\Foundation\\Application), Array, Object(Closure))
#20 C:\\Users\\dell\\Documents\\Github\\saudiex\\vendor\\laravel\\framework\\src\\Illuminate\\Container\\Container.php(661): Illuminate\\Container\\BoundMethod::call(Object(Illuminate\\Foundation\\Application), Array, Array, NULL)
#21 C:\\Users\\dell\\Documents\\Github\\saudiex\\vendor\\laravel\\framework\\src\\Illuminate\\Console\\Command.php(183): Illuminate\\Container\\Container->call(Array)
#22 C:\\Users\\dell\\Documents\\Github\\saudiex\\vendor\\symfony\\console\\Command\\Command.php(291): Illuminate\\Console\\Command->execute(Object(Symfony\\Component\\Console\\Input\\ArrayInput), Object(Illuminate\\Console\\OutputStyle))
#23 C:\\Users\\dell\\Documents\\Github\\saudiex\\vendor\\laravel\\framework\\src\\Illuminate\\Console\\Command.php(152): Symfony\\Component\\Console\\Command\\Command->run(Object(Symfony\\Component\\Console\\Input\\ArrayInput), Object(Illuminate\\Console\\OutputStyle))
#24 C:\\Users\\dell\\Documents\\Github\\saudiex\\vendor\\symfony\\console\\Application.php(1014): Illuminate\\Console\\Command->run(Object(Symfony\\Component\\Console\\Input\\ArrayInput), Object(Symfony\\Component\\Console\\Output\\BufferedOutput))
#25 C:\\Users\\dell\\Documents\\Github\\saudiex\\vendor\\symfony\\console\\Application.php(301): Symfony\\Component\\Console\\Application->doRunCommand(Object(App\\Console\\Commands\\CleanEventsCommand), Object(Symfony\\Component\\Console\\Input\\ArrayInput), Object(Symfony\\Component\\Console\\Output\\BufferedOutput))
#26 C:\\Users\\dell\\Documents\\Github\\saudiex\\vendor\\symfony\\console\\Application.php(171): Symfony\\Component\\Console\\Application->doRun(Object(Symfony\\Component\\Console\\Input\\ArrayInput), Object(Symfony\\Component\\Console\\Output\\BufferedOutput))
#27 C:\\Users\\dell\\Documents\\Github\\saudiex\\vendor\\laravel\\framework\\src\\Illuminate\\Console\\Application.php(102): Symfony\\Component\\Console\\Application->run(Object(Symfony\\Component\\Console\\Input\\ArrayInput), Object(Symfony\\Component\\Console\\Output\\BufferedOutput))
#28 C:\\Users\\dell\\Documents\\Github\\saudiex\\vendor\\laravel\\framework\\src\\Illuminate\\Console\\Application.php(193): Illuminate\\Console\\Application->run(Object(Symfony\\Component\\Console\\Input\\ArrayInput), Object(Symfony\\Component\\Console\\Output\\BufferedOutput))
#29 C:\\Users\\dell\\Documents\\Github\\saudiex\\vendor\\laravel\\framework\\src\\Illuminate\\Foundation\\Console\\Kernel.php(336): Illuminate\\Console\\Application->call('events:clean', Array, NULL)
#30 C:\\Users\\dell\\Documents\\Github\\saudiex\\vendor\\laravel\\framework\\src\\Illuminate\\Support\\Facades\\Facade.php(338): Illuminate\\Foundation\\Console\\Kernel->call('events:clean', Array)
#31 C:\\Users\\dell\\Documents\\Github\\saudiex\\database\\migrations\\2021_02_25_195650_alter_poi_events_table.php(49): Illuminate\\Support\\Facades\\Facade::__callStatic('call', Array)
#32 C:\\Users\\dell\\Documents\\Github\\saudiex\\database\\migrations\\2021_02_25_195650_alter_poi_events_table.php(20): AlterPoiEventsTable->cleanEvents()
#33 C:\\Users\\dell\\Documents\\Github\\saudiex\\vendor\\laravel\\framework\\src\\Illuminate\\Database\\Migrations\\Migrator.php(496): AlterPoiEventsTable->up()
#34 C:\\Users\\dell\\Documents\\Github\\saudiex\\vendor\\laravel\\framework\\src\\Illuminate\\Database\\Migrations\\Migrator.php(414): Illuminate\\Database\\Migrations\\Migrator->runMethod(Object(Illuminate\\Database\\MySqlConnection), Object(AlterPoiEventsTable), 'up')
#35 C:\\Users\\dell\\Documents\\Github\\saudiex\\vendor\\laravel\\framework\\src\\Illuminate\\Database\\Migrations\\Migrator.php(423): Illuminate\\Database\\Migrations\\Migrator->Illuminate\\Database\\Migrations\\{closure}()
#36 C:\\Users\\dell\\Documents\\Github\\saudiex\\vendor\\laravel\\framework\\src\\Illuminate\\Database\\Migrations\\Migrator.php(224): Illuminate\\Database\\Migrations\\Migrator->runMigration(Object(AlterPoiEventsTable), 'up')
#37 C:\\Users\\dell\\Documents\\Github\\saudiex\\vendor\\laravel\\framework\\src\\Illuminate\\Console\\View\\Components\\Task.php(37): Illuminate\\Database\\Migrations\\Migrator->Illuminate\\Database\\Migrations\\{closure}()
#38 C:\\Users\\dell\\Documents\\Github\\saudiex\\vendor\\laravel\\framework\\src\\Illuminate\\Database\\Migrations\\Migrator.php(778): Illuminate\\Console\\View\\Components\\Task->render('2021_02_25_1956...', Object(Closure))
#39 C:\\Users\\dell\\Documents\\Github\\saudiex\\vendor\\laravel\\framework\\src\\Illuminate\\Database\\Migrations\\Migrator.php(224): Illuminate\\Database\\Migrations\\Migrator->write('Illuminate\\\\Cons...', '2021_02_25_1956...', Object(Closure))
#40 C:\\Users\\dell\\Documents\\Github\\saudiex\\vendor\\laravel\\framework\\src\\Illuminate\\Database\\Migrations\\Migrator.php(189): Illuminate\\Database\\Migrations\\Migrator->runUp('C:\\\\Users\\\\dell\\\\D...', 3, false)
#41 C:\\Users\\dell\\Documents\\Github\\saudiex\\vendor\\laravel\\framework\\src\\Illuminate\\Database\\Migrations\\Migrator.php(132): Illuminate\\Database\\Migrations\\Migrator->runPending(Array, Array)
#42 C:\\Users\\dell\\Documents\\Github\\saudiex\\vendor\\laravel\\framework\\src\\Illuminate\\Database\\Console\\Migrations\\MigrateCommand.php(88): Illuminate\\Database\\Migrations\\Migrator->run(Array, Array)
#43 C:\\Users\\dell\\Documents\\Github\\saudiex\\vendor\\laravel\\framework\\src\\Illuminate\\Database\\Migrations\\Migrator.php(636): Illuminate\\Database\\Console\\Migrations\\MigrateCommand->Illuminate\\Database\\Console\\Migrations\\{closure}()
#44 C:\\Users\\dell\\Documents\\Github\\saudiex\\vendor\\laravel\\framework\\src\\Illuminate\\Database\\Console\\Migrations\\MigrateCommand.php(81): Illuminate\\Database\\Migrations\\Migrator->usingConnection(NULL, Object(Closure))
#45 C:\\Users\\dell\\Documents\\Github\\saudiex\\vendor\\laravel\\framework\\src\\Illuminate\\Container\\BoundMethod.php(36): Illuminate\\Database\\Console\\Migrations\\MigrateCommand->handle()
#46 C:\\Users\\dell\\Documents\\Github\\saudiex\\vendor\\laravel\\framework\\src\\Illuminate\\Container\\Util.php(41): Illuminate\\Container\\BoundMethod::Illuminate\\Container\\{closure}()
#47 C:\\Users\\dell\\Documents\\Github\\saudiex\\vendor\\laravel\\framework\\src\\Illuminate\\Container\\BoundMethod.php(93): Illuminate\\Container\\Util::unwrapIfClosure(Object(Closure))
#48 C:\\Users\\dell\\Documents\\Github\\saudiex\\vendor\\laravel\\framework\\src\\Illuminate\\Container\\BoundMethod.php(35): Illuminate\\Container\\BoundMethod::callBoundMethod(Object(Illuminate\\Foundation\\Application), Array, Object(Closure))
#49 C:\\Users\\dell\\Documents\\Github\\saudiex\\vendor\\laravel\\framework\\src\\Illuminate\\Container\\Container.php(661): Illuminate\\Container\\BoundMethod::call(Object(Illuminate\\Foundation\\Application), Array, Array, NULL)
#50 C:\\Users\\dell\\Documents\\Github\\saudiex\\vendor\\laravel\\framework\\src\\Illuminate\\Console\\Command.php(183): Illuminate\\Container\\Container->call(Array)
#51 C:\\Users\\dell\\Documents\\Github\\saudiex\\vendor\\symfony\\console\\Command\\Command.php(291): Illuminate\\Console\\Command->execute(Object(Symfony\\Component\\Console\\Input\\ArgvInput), Object(Illuminate\\Console\\OutputStyle))
#52 C:\\Users\\dell\\Documents\\Github\\saudiex\\vendor\\laravel\\framework\\src\\Illuminate\\Console\\Command.php(152): Symfony\\Component\\Console\\Command\\Command->run(Object(Symfony\\Component\\Console\\Input\\ArgvInput), Object(Illuminate\\Console\\OutputStyle))
#53 C:\\Users\\dell\\Documents\\Github\\saudiex\\vendor\\symfony\\console\\Application.php(1014): Illuminate\\Console\\Command->run(Object(Symfony\\Component\\Console\\Input\\ArgvInput), Object(Symfony\\Component\\Console\\Output\\ConsoleOutput))
#54 C:\\Users\\dell\\Documents\\Github\\saudiex\\vendor\\symfony\\console\\Application.php(301): Symfony\\Component\\Console\\Application->doRunCommand(Object(Illuminate\\Database\\Console\\Migrations\\MigrateCommand), Object(Symfony\\Component\\Console\\Input\\ArgvInput), Object(Symfony\\Component\\Console\\Output\\ConsoleOutput))
#55 C:\\Users\\dell\\Documents\\Github\\saudiex\\vendor\\symfony\\console\\Application.php(171): Symfony\\Component\\Console\\Application->doRun(Object(Symfony\\Component\\Console\\Input\\ArgvInput), Object(Symfony\\Component\\Console\\Output\\ConsoleOutput))
#56 C:\\Users\\dell\\Documents\\Github\\saudiex\\vendor\\laravel\\framework\\src\\Illuminate\\Console\\Application.php(102): Symfony\\Component\\Console\\Application->run(Object(Symfony\\Component\\Console\\Input\\ArgvInput), Object(Symfony\\Component\\Console\\Output\\ConsoleOutput))
#57 C:\\Users\\dell\\Documents\\Github\\saudiex\\vendor\\laravel\\framework\\src\\Illuminate\\Foundation\\Console\\Kernel.php(155): Illuminate\\Console\\Application->run(Object(Symfony\\Component\\Console\\Input\\ArgvInput), Object(Symfony\\Component\\Console\\Output\\ConsoleOutput))
#58 C:\\Users\\dell\\Documents\\Github\\saudiex\\artisan(33): Illuminate\\Foundation\\Console\\Kernel->handle(Object(Symfony\\Component\\Console\\Input\\ArgvInput), Object(Symfony\\Component\\Console\\Output\\ConsoleOutput))
#59 {main}
"} 
[2025-10-24 16:45:32] local.ERROR: Invalid key supplied  
[2025-10-24 16:45:33] local.ERROR: Invalid key supplied  
[2025-10-24 16:46:32] local.ERROR: Invalid key supplied  
[2025-10-24 16:46:32] local.ERROR: Invalid key supplied  
[2025-10-24 16:47:03] local.ERROR: Invalid key supplied  
[2025-10-24 16:47:32] local.ERROR: Invalid key supplied  
[2025-10-24 16:47:32] local.ERROR: Invalid key supplied  
[2025-10-24 16:48:32] local.ERROR: Invalid key supplied  
[2025-10-24 16:48:32] local.ERROR: Invalid key supplied  
[2025-10-24 16:49:32] local.ERROR: Invalid key supplied  
[2025-10-24 16:49:32] local.ERROR: Invalid key supplied  
[2025-10-24 16:50:33] local.ERROR: Invalid key supplied  
[2025-10-24 16:50:33] local.ERROR: Invalid key supplied  
[2025-10-24 16:51:32] local.ERROR: Invalid key supplied  
[2025-10-24 16:51:32] local.ERROR: Invalid key supplied  
[2025-10-24 16:52:33] local.ERROR: Invalid key supplied  
[2025-10-24 16:52:33] local.ERROR: Invalid key supplied  
[2025-10-24 16:52:34] local.ERROR: Invalid key supplied  
[2025-10-24 16:53:32] local.ERROR: Invalid key supplied  
[2025-10-24 16:53:32] local.ERROR: Invalid key supplied  
[2025-10-24 16:54:33] local.ERROR: Invalid key supplied  
[2025-10-24 16:54:33] local.ERROR: Invalid key supplied  
[2025-10-24 20:15:46] local.ERROR: Invalid key supplied  
[2025-10-24 20:16:01] local.ERROR: Invalid key supplied  
[2025-10-24 20:16:08] local.ERROR: Invalid key supplied  
[2025-10-24 20:26:00] local.ERROR: Invalid key supplied  
[2025-10-24 20:49:32] local.ERROR: Invalid key supplied  
[2025-10-24 20:49:37] local.ERROR: SQLSTATE[HY000] [2002] No connection could be made because the target machine actively refused it (SQL: select * from `configs` where `title` = main_settings limit 1) {"exception":"[object] (Illuminate\\Database\\QueryException(code: 2002): SQLSTATE[HY000] [2002] No connection could be made because the target machine actively refused it (SQL: select * from `configs` where `title` = main_settings limit 1) at C:\\laragon6\\www\\saudix\\vendor\\laravel\\framework\\src\\Illuminate\\Database\\Connection.php:760)
[stacktrace]
#0 C:\\laragon6\\www\\saudix\\vendor\\laravel\\framework\\src\\Illuminate\\Database\\Connection.php(720): Illuminate\\Database\\Connection->runQueryCallback('select * from `...', Array, Object(Closure))
#1 C:\\laragon6\\www\\saudix\\vendor\\laravel\\framework\\src\\Illuminate\\Database\\Connection.php(405): Illuminate\\Database\\Connection->run('select * from `...', Array, Object(Closure))
#2 C:\\laragon6\\www\\saudix\\vendor\\laravel\\framework\\src\\Illuminate\\Database\\Query\\Builder.php(2705): Illuminate\\Database\\Connection->select('select * from `...', Array, true)
#3 C:\\laragon6\\www\\saudix\\vendor\\laravel\\framework\\src\\Illuminate\\Database\\Query\\Builder.php(2694): Illuminate\\Database\\Query\\Builder->runSelect()
#4 C:\\laragon6\\www\\saudix\\vendor\\laravel\\framework\\src\\Illuminate\\Database\\Query\\Builder.php(3230): Illuminate\\Database\\Query\\Builder->Illuminate\\Database\\Query\\{closure}()
#5 C:\\laragon6\\www\\saudix\\vendor\\laravel\\framework\\src\\Illuminate\\Database\\Query\\Builder.php(2693): Illuminate\\Database\\Query\\Builder->onceWithColumns(Array, Object(Closure))
#6 C:\\laragon6\\www\\saudix\\vendor\\laravel\\framework\\src\\Illuminate\\Database\\Concerns\\BuildsQueries.php(296): Illuminate\\Database\\Query\\Builder->get(Array)
#7 C:\\laragon6\\www\\saudix\\Tobuli\\Helpers\\Settings\\SettingsDB.php(26): Illuminate\\Database\\Query\\Builder->first()
#8 C:\\laragon6\\www\\saudix\\vendor\\laravel\\framework\\src\\Illuminate\\Cache\\Repository.php(397): Tobuli\\Helpers\\Settings\\SettingsDB->Tobuli\\Helpers\\Settings\\{closure}()
#9 C:\\laragon6\\www\\saudix\\Tobuli\\Helpers\\Settings\\SettingsDB.php(25): Illuminate\\Cache\\Repository->remember('settings.main_s...', 900, Object(Closure))
#10 C:\\laragon6\\www\\saudix\\Tobuli\\Helpers\\Settings\\Settings.php(93): Tobuli\\Helpers\\Settings\\SettingsDB->_has('main_settings')
#11 C:\\laragon6\\www\\saudix\\Tobuli\\Helpers\\Settings\\Settings.php(30): Tobuli\\Helpers\\Settings\\Settings->withParent('main_settings')
#12 C:\\laragon6\\www\\saudix\\vendor\\laravel\\framework\\src\\Illuminate\\Cache\\Repository.php(438): Tobuli\\Helpers\\Settings\\Settings->Tobuli\\Helpers\\Settings\\{closure}()
#13 C:\\laragon6\\www\\saudix\\Tobuli\\Helpers\\Settings\\Settings.php(27): Illuminate\\Cache\\Repository->rememberForever('SettingsDBmain_...', Object(Closure))
#14 C:\\laragon6\\www\\saudix\\Tobuli\\Helpers\\Settings\\helper.php(16): Tobuli\\Helpers\\Settings\\Settings->get('main_settings')
#15 C:\\laragon6\\www\\saudix\\Tobuli\\Services\\AppearanceService.php(219): settings('main_settings')
#16 C:\\laragon6\\www\\saudix\\Tobuli\\Services\\AppearanceService.php(88): Tobuli\\Services\\AppearanceService->loadSettings()
#17 C:\\laragon6\\www\\saudix\\Tobuli\\Services\\AppearanceService.php(77): Tobuli\\Services\\AppearanceService->getSettings()
#18 C:\\laragon6\\www\\saudix\\app\\Http\\Middleware\\SetLang.php(54): Tobuli\\Services\\AppearanceService->getSetting('default_languag...')
#19 C:\\laragon6\\www\\saudix\\vendor\\laravel\\framework\\src\\Illuminate\\Pipeline\\Pipeline.php(180): App\\Http\\Middleware\\SetLang->handle(Object(Illuminate\\Http\\Request), Object(Closure))
#20 C:\\laragon6\\www\\saudix\\app\\Http\\Middleware\\RefreshToken.php(21): Illuminate\\Pipeline\\Pipeline->Illuminate\\Pipeline\\{closure}(Object(Illuminate\\Http\\Request))
#21 C:\\laragon6\\www\\saudix\\vendor\\laravel\\framework\\src\\Illuminate\\Pipeline\\Pipeline.php(180): App\\Http\\Middleware\\RefreshToken->handle(Object(Illuminate\\Http\\Request), Object(Closure))
#22 C:\\laragon6\\www\\saudix\\app\\Http\\Middleware\\Referer.php(46): Illuminate\\Pipeline\\Pipeline->Illuminate\\Pipeline\\{closure}(Object(Illuminate\\Http\\Request))
#23 C:\\laragon6\\www\\saudix\\vendor\\laravel\\framework\\src\\Illuminate\\Pipeline\\Pipeline.php(180): App\\Http\\Middleware\\Referer->handle(Object(Illuminate\\Http\\Request), Object(Closure))
#24 C:\\laragon6\\www\\saudix\\vendor\\laravel\\framework\\src\\Illuminate\\View\\Middleware\\ShareErrorsFromSession.php(49): Illuminate\\Pipeline\\Pipeline->Illuminate\\Pipeline\\{closure}(Object(Illuminate\\Http\\Request))
#25 C:\\laragon6\\www\\saudix\\vendor\\laravel\\framework\\src\\Illuminate\\Pipeline\\Pipeline.php(180): Illuminate\\View\\Middleware\\ShareErrorsFromSession->handle(Object(Illuminate\\Http\\Request), Object(Closure))
#26 C:\\laragon6\\www\\saudix\\vendor\\laravel\\framework\\src\\Illuminate\\Session\\Middleware\\StartSession.php(121): Illuminate\\Pipeline\\Pipeline->Illuminate\\Pipeline\\{closure}(Object(Illuminate\\Http\\Request))
#27 C:\\laragon6\\www\\saudix\\vendor\\laravel\\framework\\src\\Illuminate\\Session\\Middleware\\StartSession.php(64): Illuminate\\Session\\Middleware\\StartSession->handleStatefulRequest(Object(Illuminate\\Http\\Request), Object(Illuminate\\Session\\Store), Object(Closure))
#28 C:\\laragon6\\www\\saudix\\vendor\\laravel\\framework\\src\\Illuminate\\Pipeline\\Pipeline.php(180): Illuminate\\Session\\Middleware\\StartSession->handle(Object(Illuminate\\Http\\Request), Object(Closure))
#29 C:\\laragon6\\www\\saudix\\vendor\\laravel\\framework\\src\\Illuminate\\Cookie\\Middleware\\AddQueuedCookiesToResponse.php(37): Illuminate\\Pipeline\\Pipeline->Illuminate\\Pipeline\\{closure}(Object(Illuminate\\Http\\Request))
#30 C:\\laragon6\\www\\saudix\\vendor\\laravel\\framework\\src\\Illuminate\\Pipeline\\Pipeline.php(180): Illuminate\\Cookie\\Middleware\\AddQueuedCookiesToResponse->handle(Object(Illuminate\\Http\\Request), Object(Closure))
#31 C:\\laragon6\\www\\saudix\\vendor\\laravel\\framework\\src\\Illuminate\\Cookie\\Middleware\\EncryptCookies.php(67): Illuminate\\Pipeline\\Pipeline->Illuminate\\Pipeline\\{closure}(Object(Illuminate\\Http\\Request))
#32 C:\\laragon6\\www\\saudix\\vendor\\laravel\\framework\\src\\Illuminate\\Pipeline\\Pipeline.php(180): Illuminate\\Cookie\\Middleware\\EncryptCookies->handle(Object(Illuminate\\Http\\Request), Object(Closure))
#33 C:\\laragon6\\www\\saudix\\vendor\\laravel\\framework\\src\\Illuminate\\Pipeline\\Pipeline.php(116): Illuminate\\Pipeline\\Pipeline->Illuminate\\Pipeline\\{closure}(Object(Illuminate\\Http\\Request))
#34 C:\\laragon6\\www\\saudix\\vendor\\laravel\\framework\\src\\Illuminate\\Routing\\Router.php(797): Illuminate\\Pipeline\\Pipeline->then(Object(Closure))
#35 C:\\laragon6\\www\\saudix\\vendor\\laravel\\framework\\src\\Illuminate\\Routing\\Router.php(776): Illuminate\\Routing\\Router->runRouteWithinStack(Object(Illuminate\\Routing\\Route), Object(Illuminate\\Http\\Request))
#36 C:\\laragon6\\www\\saudix\\vendor\\laravel\\framework\\src\\Illuminate\\Routing\\Router.php(740): Illuminate\\Routing\\Router->runRoute(Object(Illuminate\\Http\\Request), Object(Illuminate\\Routing\\Route))
#37 C:\\laragon6\\www\\saudix\\vendor\\laravel\\framework\\src\\Illuminate\\Routing\\Router.php(729): Illuminate\\Routing\\Router->dispatchToRoute(Object(Illuminate\\Http\\Request))
#38 C:\\laragon6\\www\\saudix\\vendor\\laravel\\framework\\src\\Illuminate\\Foundation\\Http\\Kernel.php(190): Illuminate\\Routing\\Router->dispatch(Object(Illuminate\\Http\\Request))
#39 C:\\laragon6\\www\\saudix\\vendor\\laravel\\framework\\src\\Illuminate\\Pipeline\\Pipeline.php(141): Illuminate\\Foundation\\Http\\Kernel->Illuminate\\Foundation\\Http\\{closure}(Object(Illuminate\\Http\\Request))
#40 C:\\laragon6\\www\\saudix\\vendor\\barryvdh\\laravel-debugbar\\src\\Middleware\\InjectDebugbar.php(66): Illuminate\\Pipeline\\Pipeline->Illuminate\\Pipeline\\{closure}(Object(Illuminate\\Http\\Request))
#41 C:\\laragon6\\www\\saudix\\vendor\\laravel\\framework\\src\\Illuminate\\Pipeline\\Pipeline.php(180): Barryvdh\\Debugbar\\Middleware\\InjectDebugbar->handle(Object(Illuminate\\Http\\Request), Object(Closure))
#42 C:\\laragon6\\www\\saudix\\vendor\\laravel\\framework\\src\\Illuminate\\Http\\Middleware\\TrustHosts.php(48): Illuminate\\Pipeline\\Pipeline->Illuminate\\Pipeline\\{closure}(Object(Illuminate\\Http\\Request))
#43 C:\\laragon6\\www\\saudix\\vendor\\laravel\\framework\\src\\Illuminate\\Pipeline\\Pipeline.php(180): Illuminate\\Http\\Middleware\\TrustHosts->handle(Object(Illuminate\\Http\\Request), Object(Closure))
#44 C:\\laragon6\\www\\saudix\\vendor\\laravel\\framework\\src\\Illuminate\\Http\\Middleware\\HandleCors.php(49): Illuminate\\Pipeline\\Pipeline->Illuminate\\Pipeline\\{closure}(Object(Illuminate\\Http\\Request))
#45 C:\\laragon6\\www\\saudix\\vendor\\laravel\\framework\\src\\Illuminate\\Pipeline\\Pipeline.php(180): Illuminate\\Http\\Middleware\\HandleCors->handle(Object(Illuminate\\Http\\Request), Object(Closure))
#46 C:\\laragon6\\www\\saudix\\vendor\\laravel\\framework\\src\\Illuminate\\Http\\Middleware\\TrustProxies.php(39): Illuminate\\Pipeline\\Pipeline->Illuminate\\Pipeline\\{closure}(Object(Illuminate\\Http\\Request))
#47 C:\\laragon6\\www\\saudix\\vendor\\laravel\\framework\\src\\Illuminate\\Pipeline\\Pipeline.php(180): Illuminate\\Http\\Middleware\\TrustProxies->handle(Object(Illuminate\\Http\\Request), Object(Closure))
#48 C:\\laragon6\\www\\saudix\\app\\Http\\Middleware\\ServerActive.php(34): Illuminate\\Pipeline\\Pipeline->Illuminate\\Pipeline\\{closure}(Object(Illuminate\\Http\\Request))
#49 C:\\laragon6\\www\\saudix\\vendor\\laravel\\framework\\src\\Illuminate\\Pipeline\\Pipeline.php(180): App\\Http\\Middleware\\ServerActive->handle(Object(Illuminate\\Http\\Request), Object(Closure))
#50 C:\\laragon6\\www\\saudix\\vendor\\laravel\\framework\\src\\Illuminate\\Foundation\\Http\\Middleware\\PreventRequestsDuringMaintenance.php(86): Illuminate\\Pipeline\\Pipeline->Illuminate\\Pipeline\\{closure}(Object(Illuminate\\Http\\Request))
#51 C:\\laragon6\\www\\saudix\\vendor\\laravel\\framework\\src\\Illuminate\\Pipeline\\Pipeline.php(180): Illuminate\\Foundation\\Http\\Middleware\\PreventRequestsDuringMaintenance->handle(Object(Illuminate\\Http\\Request), Object(Closure))
#52 C:\\laragon6\\www\\saudix\\vendor\\laravel\\framework\\src\\Illuminate\\Pipeline\\Pipeline.php(116): Illuminate\\Pipeline\\Pipeline->Illuminate\\Pipeline\\{closure}(Object(Illuminate\\Http\\Request))
#53 C:\\laragon6\\www\\saudix\\vendor\\laravel\\framework\\src\\Illuminate\\Foundation\\Http\\Kernel.php(165): Illuminate\\Pipeline\\Pipeline->then(Object(Closure))
#54 C:\\laragon6\\www\\saudix\\vendor\\laravel\\framework\\src\\Illuminate\\Foundation\\Http\\Kernel.php(134): Illuminate\\Foundation\\Http\\Kernel->sendRequestThroughRouter(Object(Illuminate\\Http\\Request))
#55 C:\\laragon6\\www\\saudix\\public\\index.php(51): Illuminate\\Foundation\\Http\\Kernel->handle(Object(Illuminate\\Http\\Request))
#56 C:\\laragon6\\www\\saudix\\server.php(21): require_once('C:\\\\laragon6\\\\www...')
#57 {main}

[previous exception] [object] (Doctrine\\DBAL\\Driver\\PDO\\Exception(code: 2002): SQLSTATE[HY000] [2002] No connection could be made because the target machine actively refused it at C:\\laragon6\\www\\saudix\\vendor\\doctrine\\dbal\\lib\\Doctrine\\DBAL\\Driver\\PDO\\Exception.php:18)
[stacktrace]
#0 C:\\laragon6\\www\\saudix\\vendor\\doctrine\\dbal\\lib\\Doctrine\\DBAL\\Driver\\PDOConnection.php(44): Doctrine\\DBAL\\Driver\\PDO\\Exception::new(Object(PDOException))
#1 C:\\laragon6\\www\\saudix\\vendor\\laravel\\framework\\src\\Illuminate\\Database\\Connectors\\Connector.php(67): Doctrine\\DBAL\\Driver\\PDOConnection->__construct('mysql:host=127....', 'root', '', Array)
#2 C:\\laragon6\\www\\saudix\\vendor\\laravel\\framework\\src\\Illuminate\\Database\\Connectors\\Connector.php(45): Illuminate\\Database\\Connectors\\Connector->createPdoConnection('mysql:host=127....', 'root', '', Array)
#3 C:\\laragon6\\www\\saudix\\vendor\\laravel\\framework\\src\\Illuminate\\Database\\Connectors\\MySqlConnector.php(24): Illuminate\\Database\\Connectors\\Connector->createConnection('mysql:host=127....', Array, Array)
#4 C:\\laragon6\\www\\saudix\\vendor\\laravel\\framework\\src\\Illuminate\\Database\\Connectors\\ConnectionFactory.php(184): Illuminate\\Database\\Connectors\\MySqlConnector->connect(Array)
#5 [internal function]: Illuminate\\Database\\Connectors\\ConnectionFactory->Illuminate\\Database\\Connectors\\{closure}()
#6 C:\\laragon6\\www\\saudix\\vendor\\laravel\\framework\\src\\Illuminate\\Database\\Connection.php(1181): call_user_func(Object(Closure))
#7 C:\\laragon6\\www\\saudix\\vendor\\laravel\\framework\\src\\Illuminate\\Database\\Connection.php(1217): Illuminate\\Database\\Connection->getPdo()
#8 C:\\laragon6\\www\\saudix\\vendor\\laravel\\framework\\src\\Illuminate\\Database\\Connection.php(486): Illuminate\\Database\\Connection->getReadPdo()
#9 C:\\laragon6\\www\\saudix\\vendor\\laravel\\framework\\src\\Illuminate\\Database\\Connection.php(414): Illuminate\\Database\\Connection->getPdoForSelect(true)
#10 C:\\laragon6\\www\\saudix\\vendor\\laravel\\framework\\src\\Illuminate\\Database\\Connection.php(753): Illuminate\\Database\\Connection->Illuminate\\Database\\{closure}('select * from `...', Array)
#11 C:\\laragon6\\www\\saudix\\vendor\\laravel\\framework\\src\\Illuminate\\Database\\Connection.php(720): Illuminate\\Database\\Connection->runQueryCallback('select * from `...', Array, Object(Closure))
#12 C:\\laragon6\\www\\saudix\\vendor\\laravel\\framework\\src\\Illuminate\\Database\\Connection.php(405): Illuminate\\Database\\Connection->run('select * from `...', Array, Object(Closure))
#13 C:\\laragon6\\www\\saudix\\vendor\\laravel\\framework\\src\\Illuminate\\Database\\Query\\Builder.php(2705): Illuminate\\Database\\Connection->select('select * from `...', Array, true)
#14 C:\\laragon6\\www\\saudix\\vendor\\laravel\\framework\\src\\Illuminate\\Database\\Query\\Builder.php(2694): Illuminate\\Database\\Query\\Builder->runSelect()
#15 C:\\laragon6\\www\\saudix\\vendor\\laravel\\framework\\src\\Illuminate\\Database\\Query\\Builder.php(3230): Illuminate\\Database\\Query\\Builder->Illuminate\\Database\\Query\\{closure}()
#16 C:\\laragon6\\www\\saudix\\vendor\\laravel\\framework\\src\\Illuminate\\Database\\Query\\Builder.php(2693): Illuminate\\Database\\Query\\Builder->onceWithColumns(Array, Object(Closure))
#17 C:\\laragon6\\www\\saudix\\vendor\\laravel\\framework\\src\\Illuminate\\Database\\Concerns\\BuildsQueries.php(296): Illuminate\\Database\\Query\\Builder->get(Array)
#18 C:\\laragon6\\www\\saudix\\Tobuli\\Helpers\\Settings\\SettingsDB.php(26): Illuminate\\Database\\Query\\Builder->first()
#19 C:\\laragon6\\www\\saudix\\vendor\\laravel\\framework\\src\\Illuminate\\Cache\\Repository.php(397): Tobuli\\Helpers\\Settings\\SettingsDB->Tobuli\\Helpers\\Settings\\{closure}()
#20 C:\\laragon6\\www\\saudix\\Tobuli\\Helpers\\Settings\\SettingsDB.php(25): Illuminate\\Cache\\Repository->remember('settings.main_s...', 900, Object(Closure))
#21 C:\\laragon6\\www\\saudix\\Tobuli\\Helpers\\Settings\\Settings.php(93): Tobuli\\Helpers\\Settings\\SettingsDB->_has('main_settings')
#22 C:\\laragon6\\www\\saudix\\Tobuli\\Helpers\\Settings\\Settings.php(30): Tobuli\\Helpers\\Settings\\Settings->withParent('main_settings')
#23 C:\\laragon6\\www\\saudix\\vendor\\laravel\\framework\\src\\Illuminate\\Cache\\Repository.php(438): Tobuli\\Helpers\\Settings\\Settings->Tobuli\\Helpers\\Settings\\{closure}()
#24 C:\\laragon6\\www\\saudix\\Tobuli\\Helpers\\Settings\\Settings.php(27): Illuminate\\Cache\\Repository->rememberForever('SettingsDBmain_...', Object(Closure))
#25 C:\\laragon6\\www\\saudix\\Tobuli\\Helpers\\Settings\\helper.php(16): Tobuli\\Helpers\\Settings\\Settings->get('main_settings')
#26 C:\\laragon6\\www\\saudix\\Tobuli\\Services\\AppearanceService.php(219): settings('main_settings')
#27 C:\\laragon6\\www\\saudix\\Tobuli\\Services\\AppearanceService.php(88): Tobuli\\Services\\AppearanceService->loadSettings()
#28 C:\\laragon6\\www\\saudix\\Tobuli\\Services\\AppearanceService.php(77): Tobuli\\Services\\AppearanceService->getSettings()
#29 C:\\laragon6\\www\\saudix\\app\\Http\\Middleware\\SetLang.php(54): Tobuli\\Services\\AppearanceService->getSetting('default_languag...')
#30 C:\\laragon6\\www\\saudix\\vendor\\laravel\\framework\\src\\Illuminate\\Pipeline\\Pipeline.php(180): App\\Http\\Middleware\\SetLang->handle(Object(Illuminate\\Http\\Request), Object(Closure))
#31 C:\\laragon6\\www\\saudix\\app\\Http\\Middleware\\RefreshToken.php(21): Illuminate\\Pipeline\\Pipeline->Illuminate\\Pipeline\\{closure}(Object(Illuminate\\Http\\Request))
#32 C:\\laragon6\\www\\saudix\\vendor\\laravel\\framework\\src\\Illuminate\\Pipeline\\Pipeline.php(180): App\\Http\\Middleware\\RefreshToken->handle(Object(Illuminate\\Http\\Request), Object(Closure))
#33 C:\\laragon6\\www\\saudix\\app\\Http\\Middleware\\Referer.php(46): Illuminate\\Pipeline\\Pipeline->Illuminate\\Pipeline\\{closure}(Object(Illuminate\\Http\\Request))
#34 C:\\laragon6\\www\\saudix\\vendor\\laravel\\framework\\src\\Illuminate\\Pipeline\\Pipeline.php(180): App\\Http\\Middleware\\Referer->handle(Object(Illuminate\\Http\\Request), Object(Closure))
#35 C:\\laragon6\\www\\saudix\\vendor\\laravel\\framework\\src\\Illuminate\\View\\Middleware\\ShareErrorsFromSession.php(49): Illuminate\\Pipeline\\Pipeline->Illuminate\\Pipeline\\{closure}(Object(Illuminate\\Http\\Request))
#36 C:\\laragon6\\www\\saudix\\vendor\\laravel\\framework\\src\\Illuminate\\Pipeline\\Pipeline.php(180): Illuminate\\View\\Middleware\\ShareErrorsFromSession->handle(Object(Illuminate\\Http\\Request), Object(Closure))
#37 C:\\laragon6\\www\\saudix\\vendor\\laravel\\framework\\src\\Illuminate\\Session\\Middleware\\StartSession.php(121): Illuminate\\Pipeline\\Pipeline->Illuminate\\Pipeline\\{closure}(Object(Illuminate\\Http\\Request))
#38 C:\\laragon6\\www\\saudix\\vendor\\laravel\\framework\\src\\Illuminate\\Session\\Middleware\\StartSession.php(64): Illuminate\\Session\\Middleware\\StartSession->handleStatefulRequest(Object(Illuminate\\Http\\Request), Object(Illuminate\\Session\\Store), Object(Closure))
#39 C:\\laragon6\\www\\saudix\\vendor\\laravel\\framework\\src\\Illuminate\\Pipeline\\Pipeline.php(180): Illuminate\\Session\\Middleware\\StartSession->handle(Object(Illuminate\\Http\\Request), Object(Closure))
#40 C:\\laragon6\\www\\saudix\\vendor\\laravel\\framework\\src\\Illuminate\\Cookie\\Middleware\\AddQueuedCookiesToResponse.php(37): Illuminate\\Pipeline\\Pipeline->Illuminate\\Pipeline\\{closure}(Object(Illuminate\\Http\\Request))
#41 C:\\laragon6\\www\\saudix\\vendor\\laravel\\framework\\src\\Illuminate\\Pipeline\\Pipeline.php(180): Illuminate\\Cookie\\Middleware\\AddQueuedCookiesToResponse->handle(Object(Illuminate\\Http\\Request), Object(Closure))
#42 C:\\laragon6\\www\\saudix\\vendor\\laravel\\framework\\src\\Illuminate\\Cookie\\Middleware\\EncryptCookies.php(67): Illuminate\\Pipeline\\Pipeline->Illuminate\\Pipeline\\{closure}(Object(Illuminate\\Http\\Request))
#43 C:\\laragon6\\www\\saudix\\vendor\\laravel\\framework\\src\\Illuminate\\Pipeline\\Pipeline.php(180): Illuminate\\Cookie\\Middleware\\EncryptCookies->handle(Object(Illuminate\\Http\\Request), Object(Closure))
#44 C:\\laragon6\\www\\saudix\\vendor\\laravel\\framework\\src\\Illuminate\\Pipeline\\Pipeline.php(116): Illuminate\\Pipeline\\Pipeline->Illuminate\\Pipeline\\{closure}(Object(Illuminate\\Http\\Request))
#45 C:\\laragon6\\www\\saudix\\vendor\\laravel\\framework\\src\\Illuminate\\Routing\\Router.php(797): Illuminate\\Pipeline\\Pipeline->then(Object(Closure))
#46 C:\\laragon6\\www\\saudix\\vendor\\laravel\\framework\\src\\Illuminate\\Routing\\Router.php(776): Illuminate\\Routing\\Router->runRouteWithinStack(Object(Illuminate\\Routing\\Route), Object(Illuminate\\Http\\Request))
#47 C:\\laragon6\\www\\saudix\\vendor\\laravel\\framework\\src\\Illuminate\\Routing\\Router.php(740): Illuminate\\Routing\\Router->runRoute(Object(Illuminate\\Http\\Request), Object(Illuminate\\Routing\\Route))
#48 C:\\laragon6\\www\\saudix\\vendor\\laravel\\framework\\src\\Illuminate\\Routing\\Router.php(729): Illuminate\\Routing\\Router->dispatchToRoute(Object(Illuminate\\Http\\Request))
#49 C:\\laragon6\\www\\saudix\\vendor\\laravel\\framework\\src\\Illuminate\\Foundation\\Http\\Kernel.php(190): Illuminate\\Routing\\Router->dispatch(Object(Illuminate\\Http\\Request))
#50 C:\\laragon6\\www\\saudix\\vendor\\laravel\\framework\\src\\Illuminate\\Pipeline\\Pipeline.php(141): Illuminate\\Foundation\\Http\\Kernel->Illuminate\\Foundation\\Http\\{closure}(Object(Illuminate\\Http\\Request))
#51 C:\\laragon6\\www\\saudix\\vendor\\barryvdh\\laravel-debugbar\\src\\Middleware\\InjectDebugbar.php(66): Illuminate\\Pipeline\\Pipeline->Illuminate\\Pipeline\\{closure}(Object(Illuminate\\Http\\Request))
#52 C:\\laragon6\\www\\saudix\\vendor\\laravel\\framework\\src\\Illuminate\\Pipeline\\Pipeline.php(180): Barryvdh\\Debugbar\\Middleware\\InjectDebugbar->handle(Object(Illuminate\\Http\\Request), Object(Closure))
#53 C:\\laragon6\\www\\saudix\\vendor\\laravel\\framework\\src\\Illuminate\\Http\\Middleware\\TrustHosts.php(48): Illuminate\\Pipeline\\Pipeline->Illuminate\\Pipeline\\{closure}(Object(Illuminate\\Http\\Request))
#54 C:\\laragon6\\www\\saudix\\vendor\\laravel\\framework\\src\\Illuminate\\Pipeline\\Pipeline.php(180): Illuminate\\Http\\Middleware\\TrustHosts->handle(Object(Illuminate\\Http\\Request), Object(Closure))
#55 C:\\laragon6\\www\\saudix\\vendor\\laravel\\framework\\src\\Illuminate\\Http\\Middleware\\HandleCors.php(49): Illuminate\\Pipeline\\Pipeline->Illuminate\\Pipeline\\{closure}(Object(Illuminate\\Http\\Request))
#56 C:\\laragon6\\www\\saudix\\vendor\\laravel\\framework\\src\\Illuminate\\Pipeline\\Pipeline.php(180): Illuminate\\Http\\Middleware\\HandleCors->handle(Object(Illuminate\\Http\\Request), Object(Closure))
#57 C:\\laragon6\\www\\saudix\\vendor\\laravel\\framework\\src\\Illuminate\\Http\\Middleware\\TrustProxies.php(39): Illuminate\\Pipeline\\Pipeline->Illuminate\\Pipeline\\{closure}(Object(Illuminate\\Http\\Request))
#58 C:\\laragon6\\www\\saudix\\vendor\\laravel\\framework\\src\\Illuminate\\Pipeline\\Pipeline.php(180): Illuminate\\Http\\Middleware\\TrustProxies->handle(Object(Illuminate\\Http\\Request), Object(Closure))
#59 C:\\laragon6\\www\\saudix\\app\\Http\\Middleware\\ServerActive.php(34): Illuminate\\Pipeline\\Pipeline->Illuminate\\Pipeline\\{closure}(Object(Illuminate\\Http\\Request))
#60 C:\\laragon6\\www\\saudix\\vendor\\laravel\\framework\\src\\Illuminate\\Pipeline\\Pipeline.php(180): App\\Http\\Middleware\\ServerActive->handle(Object(Illuminate\\Http\\Request), Object(Closure))
#61 C:\\laragon6\\www\\saudix\\vendor\\laravel\\framework\\src\\Illuminate\\Foundation\\Http\\Middleware\\PreventRequestsDuringMaintenance.php(86): Illuminate\\Pipeline\\Pipeline->Illuminate\\Pipeline\\{closure}(Object(Illuminate\\Http\\Request))
#62 C:\\laragon6\\www\\saudix\\vendor\\laravel\\framework\\src\\Illuminate\\Pipeline\\Pipeline.php(180): Illuminate\\Foundation\\Http\\Middleware\\PreventRequestsDuringMaintenance->handle(Object(Illuminate\\Http\\Request), Object(Closure))
#63 C:\\laragon6\\www\\saudix\\vendor\\laravel\\framework\\src\\Illuminate\\Pipeline\\Pipeline.php(116): Illuminate\\Pipeline\\Pipeline->Illuminate\\Pipeline\\{closure}(Object(Illuminate\\Http\\Request))
#64 C:\\laragon6\\www\\saudix\\vendor\\laravel\\framework\\src\\Illuminate\\Foundation\\Http\\Kernel.php(165): Illuminate\\Pipeline\\Pipeline->then(Object(Closure))
#65 C:\\laragon6\\www\\saudix\\vendor\\laravel\\framework\\src\\Illuminate\\Foundation\\Http\\Kernel.php(134): Illuminate\\Foundation\\Http\\Kernel->sendRequestThroughRouter(Object(Illuminate\\Http\\Request))
#66 C:\\laragon6\\www\\saudix\\public\\index.php(51): Illuminate\\Foundation\\Http\\Kernel->handle(Object(Illuminate\\Http\\Request))
#67 C:\\laragon6\\www\\saudix\\server.php(21): require_once('C:\\\\laragon6\\\\www...')
#68 {main}

[previous exception] [object] (PDOException(code: 2002): SQLSTATE[HY000] [2002] No connection could be made because the target machine actively refused it at C:\\laragon6\\www\\saudix\\vendor\\doctrine\\dbal\\lib\\Doctrine\\DBAL\\Driver\\PDOConnection.php:40)
[stacktrace]
#0 C:\\laragon6\\www\\saudix\\vendor\\doctrine\\dbal\\lib\\Doctrine\\DBAL\\Driver\\PDOConnection.php(40): PDO->__construct('mysql:host=127....', 'root', Object(SensitiveParameterValue), Array)
#1 C:\\laragon6\\www\\saudix\\vendor\\laravel\\framework\\src\\Illuminate\\Database\\Connectors\\Connector.php(67): Doctrine\\DBAL\\Driver\\PDOConnection->__construct('mysql:host=127....', 'root', '', Array)
#2 C:\\laragon6\\www\\saudix\\vendor\\laravel\\framework\\src\\Illuminate\\Database\\Connectors\\Connector.php(45): Illuminate\\Database\\Connectors\\Connector->createPdoConnection('mysql:host=127....', 'root', '', Array)
#3 C:\\laragon6\\www\\saudix\\vendor\\laravel\\framework\\src\\Illuminate\\Database\\Connectors\\MySqlConnector.php(24): Illuminate\\Database\\Connectors\\Connector->createConnection('mysql:host=127....', Array, Array)
#4 C:\\laragon6\\www\\saudix\\vendor\\laravel\\framework\\src\\Illuminate\\Database\\Connectors\\ConnectionFactory.php(184): Illuminate\\Database\\Connectors\\MySqlConnector->connect(Array)
#5 [internal function]: Illuminate\\Database\\Connectors\\ConnectionFactory->Illuminate\\Database\\Connectors\\{closure}()
#6 C:\\laragon6\\www\\saudix\\vendor\\laravel\\framework\\src\\Illuminate\\Database\\Connection.php(1181): call_user_func(Object(Closure))
#7 C:\\laragon6\\www\\saudix\\vendor\\laravel\\framework\\src\\Illuminate\\Database\\Connection.php(1217): Illuminate\\Database\\Connection->getPdo()
#8 C:\\laragon6\\www\\saudix\\vendor\\laravel\\framework\\src\\Illuminate\\Database\\Connection.php(486): Illuminate\\Database\\Connection->getReadPdo()
#9 C:\\laragon6\\www\\saudix\\vendor\\laravel\\framework\\src\\Illuminate\\Database\\Connection.php(414): Illuminate\\Database\\Connection->getPdoForSelect(true)
#10 C:\\laragon6\\www\\saudix\\vendor\\laravel\\framework\\src\\Illuminate\\Database\\Connection.php(753): Illuminate\\Database\\Connection->Illuminate\\Database\\{closure}('select * from `...', Array)
#11 C:\\laragon6\\www\\saudix\\vendor\\laravel\\framework\\src\\Illuminate\\Database\\Connection.php(720): Illuminate\\Database\\Connection->runQueryCallback('select * from `...', Array, Object(Closure))
#12 C:\\laragon6\\www\\saudix\\vendor\\laravel\\framework\\src\\Illuminate\\Database\\Connection.php(405): Illuminate\\Database\\Connection->run('select * from `...', Array, Object(Closure))
#13 C:\\laragon6\\www\\saudix\\vendor\\laravel\\framework\\src\\Illuminate\\Database\\Query\\Builder.php(2705): Illuminate\\Database\\Connection->select('select * from `...', Array, true)
#14 C:\\laragon6\\www\\saudix\\vendor\\laravel\\framework\\src\\Illuminate\\Database\\Query\\Builder.php(2694): Illuminate\\Database\\Query\\Builder->runSelect()
#15 C:\\laragon6\\www\\saudix\\vendor\\laravel\\framework\\src\\Illuminate\\Database\\Query\\Builder.php(3230): Illuminate\\Database\\Query\\Builder->Illuminate\\Database\\Query\\{closure}()
#16 C:\\laragon6\\www\\saudix\\vendor\\laravel\\framework\\src\\Illuminate\\Database\\Query\\Builder.php(2693): Illuminate\\Database\\Query\\Builder->onceWithColumns(Array, Object(Closure))
#17 C:\\laragon6\\www\\saudix\\vendor\\laravel\\framework\\src\\Illuminate\\Database\\Concerns\\BuildsQueries.php(296): Illuminate\\Database\\Query\\Builder->get(Array)
#18 C:\\laragon6\\www\\saudix\\Tobuli\\Helpers\\Settings\\SettingsDB.php(26): Illuminate\\Database\\Query\\Builder->first()
#19 C:\\laragon6\\www\\saudix\\vendor\\laravel\\framework\\src\\Illuminate\\Cache\\Repository.php(397): Tobuli\\Helpers\\Settings\\SettingsDB->Tobuli\\Helpers\\Settings\\{closure}()
#20 C:\\laragon6\\www\\saudix\\Tobuli\\Helpers\\Settings\\SettingsDB.php(25): Illuminate\\Cache\\Repository->remember('settings.main_s...', 900, Object(Closure))
#21 C:\\laragon6\\www\\saudix\\Tobuli\\Helpers\\Settings\\Settings.php(93): Tobuli\\Helpers\\Settings\\SettingsDB->_has('main_settings')
#22 C:\\laragon6\\www\\saudix\\Tobuli\\Helpers\\Settings\\Settings.php(30): Tobuli\\Helpers\\Settings\\Settings->withParent('main_settings')
#23 C:\\laragon6\\www\\saudix\\vendor\\laravel\\framework\\src\\Illuminate\\Cache\\Repository.php(438): Tobuli\\Helpers\\Settings\\Settings->Tobuli\\Helpers\\Settings\\{closure}()
#24 C:\\laragon6\\www\\saudix\\Tobuli\\Helpers\\Settings\\Settings.php(27): Illuminate\\Cache\\Repository->rememberForever('SettingsDBmain_...', Object(Closure))
#25 C:\\laragon6\\www\\saudix\\Tobuli\\Helpers\\Settings\\helper.php(16): Tobuli\\Helpers\\Settings\\Settings->get('main_settings')
#26 C:\\laragon6\\www\\saudix\\Tobuli\\Services\\AppearanceService.php(219): settings('main_settings')
#27 C:\\laragon6\\www\\saudix\\Tobuli\\Services\\AppearanceService.php(88): Tobuli\\Services\\AppearanceService->loadSettings()
#28 C:\\laragon6\\www\\saudix\\Tobuli\\Services\\AppearanceService.php(77): Tobuli\\Services\\AppearanceService->getSettings()
#29 C:\\laragon6\\www\\saudix\\app\\Http\\Middleware\\SetLang.php(54): Tobuli\\Services\\AppearanceService->getSetting('default_languag...')
#30 C:\\laragon6\\www\\saudix\\vendor\\laravel\\framework\\src\\Illuminate\\Pipeline\\Pipeline.php(180): App\\Http\\Middleware\\SetLang->handle(Object(Illuminate\\Http\\Request), Object(Closure))
#31 C:\\laragon6\\www\\saudix\\app\\Http\\Middleware\\RefreshToken.php(21): Illuminate\\Pipeline\\Pipeline->Illuminate\\Pipeline\\{closure}(Object(Illuminate\\Http\\Request))
#32 C:\\laragon6\\www\\saudix\\vendor\\laravel\\framework\\src\\Illuminate\\Pipeline\\Pipeline.php(180): App\\Http\\Middleware\\RefreshToken->handle(Object(Illuminate\\Http\\Request), Object(Closure))
#33 C:\\laragon6\\www\\saudix\\app\\Http\\Middleware\\Referer.php(46): Illuminate\\Pipeline\\Pipeline->Illuminate\\Pipeline\\{closure}(Object(Illuminate\\Http\\Request))
#34 C:\\laragon6\\www\\saudix\\vendor\\laravel\\framework\\src\\Illuminate\\Pipeline\\Pipeline.php(180): App\\Http\\Middleware\\Referer->handle(Object(Illuminate\\Http\\Request), Object(Closure))
#35 C:\\laragon6\\www\\saudix\\vendor\\laravel\\framework\\src\\Illuminate\\View\\Middleware\\ShareErrorsFromSession.php(49): Illuminate\\Pipeline\\Pipeline->Illuminate\\Pipeline\\{closure}(Object(Illuminate\\Http\\Request))
#36 C:\\laragon6\\www\\saudix\\vendor\\laravel\\framework\\src\\Illuminate\\Pipeline\\Pipeline.php(180): Illuminate\\View\\Middleware\\ShareErrorsFromSession->handle(Object(Illuminate\\Http\\Request), Object(Closure))
#37 C:\\laragon6\\www\\saudix\\vendor\\laravel\\framework\\src\\Illuminate\\Session\\Middleware\\StartSession.php(121): Illuminate\\Pipeline\\Pipeline->Illuminate\\Pipeline\\{closure}(Object(Illuminate\\Http\\Request))
#38 C:\\laragon6\\www\\saudix\\vendor\\laravel\\framework\\src\\Illuminate\\Session\\Middleware\\StartSession.php(64): Illuminate\\Session\\Middleware\\StartSession->handleStatefulRequest(Object(Illuminate\\Http\\Request), Object(Illuminate\\Session\\Store), Object(Closure))
#39 C:\\laragon6\\www\\saudix\\vendor\\laravel\\framework\\src\\Illuminate\\Pipeline\\Pipeline.php(180): Illuminate\\Session\\Middleware\\StartSession->handle(Object(Illuminate\\Http\\Request), Object(Closure))
#40 C:\\laragon6\\www\\saudix\\vendor\\laravel\\framework\\src\\Illuminate\\Cookie\\Middleware\\AddQueuedCookiesToResponse.php(37): Illuminate\\Pipeline\\Pipeline->Illuminate\\Pipeline\\{closure}(Object(Illuminate\\Http\\Request))
#41 C:\\laragon6\\www\\saudix\\vendor\\laravel\\framework\\src\\Illuminate\\Pipeline\\Pipeline.php(180): Illuminate\\Cookie\\Middleware\\AddQueuedCookiesToResponse->handle(Object(Illuminate\\Http\\Request), Object(Closure))
#42 C:\\laragon6\\www\\saudix\\vendor\\laravel\\framework\\src\\Illuminate\\Cookie\\Middleware\\EncryptCookies.php(67): Illuminate\\Pipeline\\Pipeline->Illuminate\\Pipeline\\{closure}(Object(Illuminate\\Http\\Request))
#43 C:\\laragon6\\www\\saudix\\vendor\\laravel\\framework\\src\\Illuminate\\Pipeline\\Pipeline.php(180): Illuminate\\Cookie\\Middleware\\EncryptCookies->handle(Object(Illuminate\\Http\\Request), Object(Closure))
#44 C:\\laragon6\\www\\saudix\\vendor\\laravel\\framework\\src\\Illuminate\\Pipeline\\Pipeline.php(116): Illuminate\\Pipeline\\Pipeline->Illuminate\\Pipeline\\{closure}(Object(Illuminate\\Http\\Request))
#45 C:\\laragon6\\www\\saudix\\vendor\\laravel\\framework\\src\\Illuminate\\Routing\\Router.php(797): Illuminate\\Pipeline\\Pipeline->then(Object(Closure))
#46 C:\\laragon6\\www\\saudix\\vendor\\laravel\\framework\\src\\Illuminate\\Routing\\Router.php(776): Illuminate\\Routing\\Router->runRouteWithinStack(Object(Illuminate\\Routing\\Route), Object(Illuminate\\Http\\Request))
#47 C:\\laragon6\\www\\saudix\\vendor\\laravel\\framework\\src\\Illuminate\\Routing\\Router.php(740): Illuminate\\Routing\\Router->runRoute(Object(Illuminate\\Http\\Request), Object(Illuminate\\Routing\\Route))
#48 C:\\laragon6\\www\\saudix\\vendor\\laravel\\framework\\src\\Illuminate\\Routing\\Router.php(729): Illuminate\\Routing\\Router->dispatchToRoute(Object(Illuminate\\Http\\Request))
#49 C:\\laragon6\\www\\saudix\\vendor\\laravel\\framework\\src\\Illuminate\\Foundation\\Http\\Kernel.php(190): Illuminate\\Routing\\Router->dispatch(Object(Illuminate\\Http\\Request))
#50 C:\\laragon6\\www\\saudix\\vendor\\laravel\\framework\\src\\Illuminate\\Pipeline\\Pipeline.php(141): Illuminate\\Foundation\\Http\\Kernel->Illuminate\\Foundation\\Http\\{closure}(Object(Illuminate\\Http\\Request))
#51 C:\\laragon6\\www\\saudix\\vendor\\barryvdh\\laravel-debugbar\\src\\Middleware\\InjectDebugbar.php(66): Illuminate\\Pipeline\\Pipeline->Illuminate\\Pipeline\\{closure}(Object(Illuminate\\Http\\Request))
#52 C:\\laragon6\\www\\saudix\\vendor\\laravel\\framework\\src\\Illuminate\\Pipeline\\Pipeline.php(180): Barryvdh\\Debugbar\\Middleware\\InjectDebugbar->handle(Object(Illuminate\\Http\\Request), Object(Closure))
#53 C:\\laragon6\\www\\saudix\\vendor\\laravel\\framework\\src\\Illuminate\\Http\\Middleware\\TrustHosts.php(48): Illuminate\\Pipeline\\Pipeline->Illuminate\\Pipeline\\{closure}(Object(Illuminate\\Http\\Request))
#54 C:\\laragon6\\www\\saudix\\vendor\\laravel\\framework\\src\\Illuminate\\Pipeline\\Pipeline.php(180): Illuminate\\Http\\Middleware\\TrustHosts->handle(Object(Illuminate\\Http\\Request), Object(Closure))
#55 C:\\laragon6\\www\\saudix\\vendor\\laravel\\framework\\src\\Illuminate\\Http\\Middleware\\HandleCors.php(49): Illuminate\\Pipeline\\Pipeline->Illuminate\\Pipeline\\{closure}(Object(Illuminate\\Http\\Request))
#56 C:\\laragon6\\www\\saudix\\vendor\\laravel\\framework\\src\\Illuminate\\Pipeline\\Pipeline.php(180): Illuminate\\Http\\Middleware\\HandleCors->handle(Object(Illuminate\\Http\\Request), Object(Closure))
#57 C:\\laragon6\\www\\saudix\\vendor\\laravel\\framework\\src\\Illuminate\\Http\\Middleware\\TrustProxies.php(39): Illuminate\\Pipeline\\Pipeline->Illuminate\\Pipeline\\{closure}(Object(Illuminate\\Http\\Request))
#58 C:\\laragon6\\www\\saudix\\vendor\\laravel\\framework\\src\\Illuminate\\Pipeline\\Pipeline.php(180): Illuminate\\Http\\Middleware\\TrustProxies->handle(Object(Illuminate\\Http\\Request), Object(Closure))
#59 C:\\laragon6\\www\\saudix\\app\\Http\\Middleware\\ServerActive.php(34): Illuminate\\Pipeline\\Pipeline->Illuminate\\Pipeline\\{closure}(Object(Illuminate\\Http\\Request))
#60 C:\\laragon6\\www\\saudix\\vendor\\laravel\\framework\\src\\Illuminate\\Pipeline\\Pipeline.php(180): App\\Http\\Middleware\\ServerActive->handle(Object(Illuminate\\Http\\Request), Object(Closure))
#61 C:\\laragon6\\www\\saudix\\vendor\\laravel\\framework\\src\\Illuminate\\Foundation\\Http\\Middleware\\PreventRequestsDuringMaintenance.php(86): Illuminate\\Pipeline\\Pipeline->Illuminate\\Pipeline\\{closure}(Object(Illuminate\\Http\\Request))
#62 C:\\laragon6\\www\\saudix\\vendor\\laravel\\framework\\src\\Illuminate\\Pipeline\\Pipeline.php(180): Illuminate\\Foundation\\Http\\Middleware\\PreventRequestsDuringMaintenance->handle(Object(Illuminate\\Http\\Request), Object(Closure))
#63 C:\\laragon6\\www\\saudix\\vendor\\laravel\\framework\\src\\Illuminate\\Pipeline\\Pipeline.php(116): Illuminate\\Pipeline\\Pipeline->Illuminate\\Pipeline\\{closure}(Object(Illuminate\\Http\\Request))
#64 C:\\laragon6\\www\\saudix\\vendor\\laravel\\framework\\src\\Illuminate\\Foundation\\Http\\Kernel.php(165): Illuminate\\Pipeline\\Pipeline->then(Object(Closure))
#65 C:\\laragon6\\www\\saudix\\vendor\\laravel\\framework\\src\\Illuminate\\Foundation\\Http\\Kernel.php(134): Illuminate\\Foundation\\Http\\Kernel->sendRequestThroughRouter(Object(Illuminate\\Http\\Request))
#66 C:\\laragon6\\www\\saudix\\public\\index.php(51): Illuminate\\Foundation\\Http\\Kernel->handle(Object(Illuminate\\Http\\Request))
#67 C:\\laragon6\\www\\saudix\\server.php(21): require_once('C:\\\\laragon6\\\\www...')
#68 {main}
"} 
[2025-10-24 20:49:41] local.ERROR: Invalid key supplied  
[2025-10-24 20:49:46] local.ERROR: Invalid key supplied  
[2025-10-24 20:49:46] local.ERROR: Invalid key supplied  
[2025-10-24 20:49:46] local.ERROR: Invalid key supplied  
[2025-10-24 20:49:46] local.ERROR: Invalid key supplied  
[2025-10-24 20:49:47] local.ERROR: Invalid key supplied  
[2025-10-24 20:49:47] local.ERROR: Invalid key supplied  
[2025-10-24 20:49:47] local.ERROR: Invalid key supplied  
[2025-10-24 20:49:47] local.ERROR: Invalid key supplied  
[2025-10-24 20:49:47] local.ERROR: Invalid key supplied  
[2025-10-24 20:49:48] local.ERROR: Invalid key supplied  
[2025-10-24 20:49:53] local.ERROR: Invalid key supplied  
[2025-10-24 20:49:56] local.ERROR: Invalid key supplied  
[2025-10-24 20:49:56] local.ERROR: Invalid key supplied  
[2025-10-24 20:49:59] local.ERROR: Invalid key supplied  
[2025-10-24 20:50:05] local.ERROR: Invalid key supplied  
[2025-10-24 20:50:06] local.ERROR: Invalid key supplied  
[2025-10-24 20:50:13] local.ERROR: Invalid key supplied  
[2025-10-24 20:50:13] local.ERROR: Invalid key supplied  
[2025-10-24 20:50:45] local.ERROR: Invalid key supplied  
[2025-10-24 20:50:46] local.ERROR: Invalid key supplied  
[2025-10-24 20:51:53] local.ERROR: Invalid key supplied  
[2025-10-24 20:51:53] local.ERROR: Invalid key supplied  
[2025-10-24 20:52:46] local.ERROR: Invalid key supplied  
[2025-10-24 20:52:46] local.ERROR: Invalid key supplied  
[2025-10-24 20:53:45] local.ERROR: Invalid key supplied  
[2025-10-24 20:53:46] local.ERROR: Invalid key supplied  
[2025-10-24 20:53:46] local.ERROR: Invalid key supplied  
[2025-10-24 20:53:50] local.ERROR: SQLSTATE[HY000] [2002] No connection could be made because the target machine actively refused it (SQL: select * from `configs` where `title` = main_settings limit 1) {"exception":"[object] (Illuminate\\Database\\QueryException(code: 2002): SQLSTATE[HY000] [2002] No connection could be made because the target machine actively refused it (SQL: select * from `configs` where `title` = main_settings limit 1) at C:\\laragon6\\www\\saudix\\vendor\\laravel\\framework\\src\\Illuminate\\Database\\Connection.php:760)
[stacktrace]
#0 C:\\laragon6\\www\\saudix\\vendor\\laravel\\framework\\src\\Illuminate\\Database\\Connection.php(720): Illuminate\\Database\\Connection->runQueryCallback('select * from `...', Array, Object(Closure))
#1 C:\\laragon6\\www\\saudix\\vendor\\laravel\\framework\\src\\Illuminate\\Database\\Connection.php(405): Illuminate\\Database\\Connection->run('select * from `...', Array, Object(Closure))
#2 C:\\laragon6\\www\\saudix\\vendor\\laravel\\framework\\src\\Illuminate\\Database\\Query\\Builder.php(2705): Illuminate\\Database\\Connection->select('select * from `...', Array, true)
#3 C:\\laragon6\\www\\saudix\\vendor\\laravel\\framework\\src\\Illuminate\\Database\\Query\\Builder.php(2694): Illuminate\\Database\\Query\\Builder->runSelect()
#4 C:\\laragon6\\www\\saudix\\vendor\\laravel\\framework\\src\\Illuminate\\Database\\Query\\Builder.php(3230): Illuminate\\Database\\Query\\Builder->Illuminate\\Database\\Query\\{closure}()
#5 C:\\laragon6\\www\\saudix\\vendor\\laravel\\framework\\src\\Illuminate\\Database\\Query\\Builder.php(2693): Illuminate\\Database\\Query\\Builder->onceWithColumns(Array, Object(Closure))
#6 C:\\laragon6\\www\\saudix\\vendor\\laravel\\framework\\src\\Illuminate\\Database\\Concerns\\BuildsQueries.php(296): Illuminate\\Database\\Query\\Builder->get(Array)
#7 C:\\laragon6\\www\\saudix\\Tobuli\\Helpers\\Settings\\SettingsDB.php(26): Illuminate\\Database\\Query\\Builder->first()
#8 C:\\laragon6\\www\\saudix\\vendor\\laravel\\framework\\src\\Illuminate\\Cache\\Repository.php(397): Tobuli\\Helpers\\Settings\\SettingsDB->Tobuli\\Helpers\\Settings\\{closure}()
#9 C:\\laragon6\\www\\saudix\\Tobuli\\Helpers\\Settings\\SettingsDB.php(25): Illuminate\\Cache\\Repository->remember('settings.main_s...', 900, Object(Closure))
#10 C:\\laragon6\\www\\saudix\\Tobuli\\Helpers\\Settings\\Settings.php(93): Tobuli\\Helpers\\Settings\\SettingsDB->_has('main_settings')
#11 C:\\laragon6\\www\\saudix\\Tobuli\\Helpers\\Settings\\Settings.php(30): Tobuli\\Helpers\\Settings\\Settings->withParent('main_settings')
#12 C:\\laragon6\\www\\saudix\\vendor\\laravel\\framework\\src\\Illuminate\\Cache\\Repository.php(438): Tobuli\\Helpers\\Settings\\Settings->Tobuli\\Helpers\\Settings\\{closure}()
#13 C:\\laragon6\\www\\saudix\\Tobuli\\Helpers\\Settings\\Settings.php(27): Illuminate\\Cache\\Repository->rememberForever('SettingsDBmain_...', Object(Closure))
#14 C:\\laragon6\\www\\saudix\\Tobuli\\Helpers\\Settings\\helper.php(16): Tobuli\\Helpers\\Settings\\Settings->get('main_settings')
#15 C:\\laragon6\\www\\saudix\\Tobuli\\Services\\AppearanceService.php(219): settings('main_settings')
#16 C:\\laragon6\\www\\saudix\\Tobuli\\Services\\AppearanceService.php(88): Tobuli\\Services\\AppearanceService->loadSettings()
#17 C:\\laragon6\\www\\saudix\\Tobuli\\Services\\AppearanceService.php(77): Tobuli\\Services\\AppearanceService->getSettings()
#18 C:\\laragon6\\www\\saudix\\app\\Http\\Middleware\\SetLang.php(54): Tobuli\\Services\\AppearanceService->getSetting('default_languag...')
#19 C:\\laragon6\\www\\saudix\\vendor\\laravel\\framework\\src\\Illuminate\\Pipeline\\Pipeline.php(180): App\\Http\\Middleware\\SetLang->handle(Object(Illuminate\\Http\\Request), Object(Closure))
#20 C:\\laragon6\\www\\saudix\\app\\Http\\Middleware\\RefreshToken.php(21): Illuminate\\Pipeline\\Pipeline->Illuminate\\Pipeline\\{closure}(Object(Illuminate\\Http\\Request))
#21 C:\\laragon6\\www\\saudix\\vendor\\laravel\\framework\\src\\Illuminate\\Pipeline\\Pipeline.php(180): App\\Http\\Middleware\\RefreshToken->handle(Object(Illuminate\\Http\\Request), Object(Closure))
#22 C:\\laragon6\\www\\saudix\\app\\Http\\Middleware\\Referer.php(46): Illuminate\\Pipeline\\Pipeline->Illuminate\\Pipeline\\{closure}(Object(Illuminate\\Http\\Request))
#23 C:\\laragon6\\www\\saudix\\vendor\\laravel\\framework\\src\\Illuminate\\Pipeline\\Pipeline.php(180): App\\Http\\Middleware\\Referer->handle(Object(Illuminate\\Http\\Request), Object(Closure))
#24 C:\\laragon6\\www\\saudix\\vendor\\laravel\\framework\\src\\Illuminate\\View\\Middleware\\ShareErrorsFromSession.php(49): Illuminate\\Pipeline\\Pipeline->Illuminate\\Pipeline\\{closure}(Object(Illuminate\\Http\\Request))
#25 C:\\laragon6\\www\\saudix\\vendor\\laravel\\framework\\src\\Illuminate\\Pipeline\\Pipeline.php(180): Illuminate\\View\\Middleware\\ShareErrorsFromSession->handle(Object(Illuminate\\Http\\Request), Object(Closure))
#26 C:\\laragon6\\www\\saudix\\vendor\\laravel\\framework\\src\\Illuminate\\Session\\Middleware\\StartSession.php(121): Illuminate\\Pipeline\\Pipeline->Illuminate\\Pipeline\\{closure}(Object(Illuminate\\Http\\Request))
#27 C:\\laragon6\\www\\saudix\\vendor\\laravel\\framework\\src\\Illuminate\\Session\\Middleware\\StartSession.php(64): Illuminate\\Session\\Middleware\\StartSession->handleStatefulRequest(Object(Illuminate\\Http\\Request), Object(Illuminate\\Session\\Store), Object(Closure))
#28 C:\\laragon6\\www\\saudix\\vendor\\laravel\\framework\\src\\Illuminate\\Pipeline\\Pipeline.php(180): Illuminate\\Session\\Middleware\\StartSession->handle(Object(Illuminate\\Http\\Request), Object(Closure))
#29 C:\\laragon6\\www\\saudix\\vendor\\laravel\\framework\\src\\Illuminate\\Cookie\\Middleware\\AddQueuedCookiesToResponse.php(37): Illuminate\\Pipeline\\Pipeline->Illuminate\\Pipeline\\{closure}(Object(Illuminate\\Http\\Request))
#30 C:\\laragon6\\www\\saudix\\vendor\\laravel\\framework\\src\\Illuminate\\Pipeline\\Pipeline.php(180): Illuminate\\Cookie\\Middleware\\AddQueuedCookiesToResponse->handle(Object(Illuminate\\Http\\Request), Object(Closure))
#31 C:\\laragon6\\www\\saudix\\vendor\\laravel\\framework\\src\\Illuminate\\Cookie\\Middleware\\EncryptCookies.php(67): Illuminate\\Pipeline\\Pipeline->Illuminate\\Pipeline\\{closure}(Object(Illuminate\\Http\\Request))
#32 C:\\laragon6\\www\\saudix\\vendor\\laravel\\framework\\src\\Illuminate\\Pipeline\\Pipeline.php(180): Illuminate\\Cookie\\Middleware\\EncryptCookies->handle(Object(Illuminate\\Http\\Request), Object(Closure))
#33 C:\\laragon6\\www\\saudix\\vendor\\laravel\\framework\\src\\Illuminate\\Pipeline\\Pipeline.php(116): Illuminate\\Pipeline\\Pipeline->Illuminate\\Pipeline\\{closure}(Object(Illuminate\\Http\\Request))
#34 C:\\laragon6\\www\\saudix\\vendor\\laravel\\framework\\src\\Illuminate\\Routing\\Router.php(797): Illuminate\\Pipeline\\Pipeline->then(Object(Closure))
#35 C:\\laragon6\\www\\saudix\\vendor\\laravel\\framework\\src\\Illuminate\\Routing\\Router.php(776): Illuminate\\Routing\\Router->runRouteWithinStack(Object(Illuminate\\Routing\\Route), Object(Illuminate\\Http\\Request))
#36 C:\\laragon6\\www\\saudix\\vendor\\laravel\\framework\\src\\Illuminate\\Routing\\Router.php(740): Illuminate\\Routing\\Router->runRoute(Object(Illuminate\\Http\\Request), Object(Illuminate\\Routing\\Route))
#37 C:\\laragon6\\www\\saudix\\vendor\\laravel\\framework\\src\\Illuminate\\Routing\\Router.php(729): Illuminate\\Routing\\Router->dispatchToRoute(Object(Illuminate\\Http\\Request))
#38 C:\\laragon6\\www\\saudix\\vendor\\laravel\\framework\\src\\Illuminate\\Foundation\\Http\\Kernel.php(190): Illuminate\\Routing\\Router->dispatch(Object(Illuminate\\Http\\Request))
#39 C:\\laragon6\\www\\saudix\\vendor\\laravel\\framework\\src\\Illuminate\\Pipeline\\Pipeline.php(141): Illuminate\\Foundation\\Http\\Kernel->Illuminate\\Foundation\\Http\\{closure}(Object(Illuminate\\Http\\Request))
#40 C:\\laragon6\\www\\saudix\\vendor\\barryvdh\\laravel-debugbar\\src\\Middleware\\InjectDebugbar.php(66): Illuminate\\Pipeline\\Pipeline->Illuminate\\Pipeline\\{closure}(Object(Illuminate\\Http\\Request))
#41 C:\\laragon6\\www\\saudix\\vendor\\laravel\\framework\\src\\Illuminate\\Pipeline\\Pipeline.php(180): Barryvdh\\Debugbar\\Middleware\\InjectDebugbar->handle(Object(Illuminate\\Http\\Request), Object(Closure))
#42 C:\\laragon6\\www\\saudix\\vendor\\laravel\\framework\\src\\Illuminate\\Http\\Middleware\\TrustHosts.php(48): Illuminate\\Pipeline\\Pipeline->Illuminate\\Pipeline\\{closure}(Object(Illuminate\\Http\\Request))
#43 C:\\laragon6\\www\\saudix\\vendor\\laravel\\framework\\src\\Illuminate\\Pipeline\\Pipeline.php(180): Illuminate\\Http\\Middleware\\TrustHosts->handle(Object(Illuminate\\Http\\Request), Object(Closure))
#44 C:\\laragon6\\www\\saudix\\vendor\\laravel\\framework\\src\\Illuminate\\Http\\Middleware\\HandleCors.php(49): Illuminate\\Pipeline\\Pipeline->Illuminate\\Pipeline\\{closure}(Object(Illuminate\\Http\\Request))
#45 C:\\laragon6\\www\\saudix\\vendor\\laravel\\framework\\src\\Illuminate\\Pipeline\\Pipeline.php(180): Illuminate\\Http\\Middleware\\HandleCors->handle(Object(Illuminate\\Http\\Request), Object(Closure))
#46 C:\\laragon6\\www\\saudix\\vendor\\laravel\\framework\\src\\Illuminate\\Http\\Middleware\\TrustProxies.php(39): Illuminate\\Pipeline\\Pipeline->Illuminate\\Pipeline\\{closure}(Object(Illuminate\\Http\\Request))
#47 C:\\laragon6\\www\\saudix\\vendor\\laravel\\framework\\src\\Illuminate\\Pipeline\\Pipeline.php(180): Illuminate\\Http\\Middleware\\TrustProxies->handle(Object(Illuminate\\Http\\Request), Object(Closure))
#48 C:\\laragon6\\www\\saudix\\app\\Http\\Middleware\\ServerActive.php(34): Illuminate\\Pipeline\\Pipeline->Illuminate\\Pipeline\\{closure}(Object(Illuminate\\Http\\Request))
#49 C:\\laragon6\\www\\saudix\\vendor\\laravel\\framework\\src\\Illuminate\\Pipeline\\Pipeline.php(180): App\\Http\\Middleware\\ServerActive->handle(Object(Illuminate\\Http\\Request), Object(Closure))
#50 C:\\laragon6\\www\\saudix\\vendor\\laravel\\framework\\src\\Illuminate\\Foundation\\Http\\Middleware\\PreventRequestsDuringMaintenance.php(86): Illuminate\\Pipeline\\Pipeline->Illuminate\\Pipeline\\{closure}(Object(Illuminate\\Http\\Request))
#51 C:\\laragon6\\www\\saudix\\vendor\\laravel\\framework\\src\\Illuminate\\Pipeline\\Pipeline.php(180): Illuminate\\Foundation\\Http\\Middleware\\PreventRequestsDuringMaintenance->handle(Object(Illuminate\\Http\\Request), Object(Closure))
#52 C:\\laragon6\\www\\saudix\\vendor\\laravel\\framework\\src\\Illuminate\\Pipeline\\Pipeline.php(116): Illuminate\\Pipeline\\Pipeline->Illuminate\\Pipeline\\{closure}(Object(Illuminate\\Http\\Request))
#53 C:\\laragon6\\www\\saudix\\vendor\\laravel\\framework\\src\\Illuminate\\Foundation\\Http\\Kernel.php(165): Illuminate\\Pipeline\\Pipeline->then(Object(Closure))
#54 C:\\laragon6\\www\\saudix\\vendor\\laravel\\framework\\src\\Illuminate\\Foundation\\Http\\Kernel.php(134): Illuminate\\Foundation\\Http\\Kernel->sendRequestThroughRouter(Object(Illuminate\\Http\\Request))
#55 C:\\laragon6\\www\\saudix\\public\\index.php(51): Illuminate\\Foundation\\Http\\Kernel->handle(Object(Illuminate\\Http\\Request))
#56 C:\\laragon6\\www\\saudix\\server.php(21): require_once('C:\\\\laragon6\\\\www...')
#57 {main}

[previous exception] [object] (Doctrine\\DBAL\\Driver\\PDO\\Exception(code: 2002): SQLSTATE[HY000] [2002] No connection could be made because the target machine actively refused it at C:\\laragon6\\www\\saudix\\vendor\\doctrine\\dbal\\lib\\Doctrine\\DBAL\\Driver\\PDO\\Exception.php:18)
[stacktrace]
#0 C:\\laragon6\\www\\saudix\\vendor\\doctrine\\dbal\\lib\\Doctrine\\DBAL\\Driver\\PDOConnection.php(44): Doctrine\\DBAL\\Driver\\PDO\\Exception::new(Object(PDOException))
#1 C:\\laragon6\\www\\saudix\\vendor\\laravel\\framework\\src\\Illuminate\\Database\\Connectors\\Connector.php(67): Doctrine\\DBAL\\Driver\\PDOConnection->__construct('mysql:host=127....', 'root', '', Array)
#2 C:\\laragon6\\www\\saudix\\vendor\\laravel\\framework\\src\\Illuminate\\Database\\Connectors\\Connector.php(45): Illuminate\\Database\\Connectors\\Connector->createPdoConnection('mysql:host=127....', 'root', '', Array)
#3 C:\\laragon6\\www\\saudix\\vendor\\laravel\\framework\\src\\Illuminate\\Database\\Connectors\\MySqlConnector.php(24): Illuminate\\Database\\Connectors\\Connector->createConnection('mysql:host=127....', Array, Array)
#4 C:\\laragon6\\www\\saudix\\vendor\\laravel\\framework\\src\\Illuminate\\Database\\Connectors\\ConnectionFactory.php(184): Illuminate\\Database\\Connectors\\MySqlConnector->connect(Array)
#5 [internal function]: Illuminate\\Database\\Connectors\\ConnectionFactory->Illuminate\\Database\\Connectors\\{closure}()
#6 C:\\laragon6\\www\\saudix\\vendor\\laravel\\framework\\src\\Illuminate\\Database\\Connection.php(1181): call_user_func(Object(Closure))
#7 C:\\laragon6\\www\\saudix\\vendor\\laravel\\framework\\src\\Illuminate\\Database\\Connection.php(1217): Illuminate\\Database\\Connection->getPdo()
#8 C:\\laragon6\\www\\saudix\\vendor\\laravel\\framework\\src\\Illuminate\\Database\\Connection.php(486): Illuminate\\Database\\Connection->getReadPdo()
#9 C:\\laragon6\\www\\saudix\\vendor\\laravel\\framework\\src\\Illuminate\\Database\\Connection.php(414): Illuminate\\Database\\Connection->getPdoForSelect(true)
#10 C:\\laragon6\\www\\saudix\\vendor\\laravel\\framework\\src\\Illuminate\\Database\\Connection.php(753): Illuminate\\Database\\Connection->Illuminate\\Database\\{closure}('select * from `...', Array)
#11 C:\\laragon6\\www\\saudix\\vendor\\laravel\\framework\\src\\Illuminate\\Database\\Connection.php(720): Illuminate\\Database\\Connection->runQueryCallback('select * from `...', Array, Object(Closure))
#12 C:\\laragon6\\www\\saudix\\vendor\\laravel\\framework\\src\\Illuminate\\Database\\Connection.php(405): Illuminate\\Database\\Connection->run('select * from `...', Array, Object(Closure))
#13 C:\\laragon6\\www\\saudix\\vendor\\laravel\\framework\\src\\Illuminate\\Database\\Query\\Builder.php(2705): Illuminate\\Database\\Connection->select('select * from `...', Array, true)
#14 C:\\laragon6\\www\\saudix\\vendor\\laravel\\framework\\src\\Illuminate\\Database\\Query\\Builder.php(2694): Illuminate\\Database\\Query\\Builder->runSelect()
#15 C:\\laragon6\\www\\saudix\\vendor\\laravel\\framework\\src\\Illuminate\\Database\\Query\\Builder.php(3230): Illuminate\\Database\\Query\\Builder->Illuminate\\Database\\Query\\{closure}()
#16 C:\\laragon6\\www\\saudix\\vendor\\laravel\\framework\\src\\Illuminate\\Database\\Query\\Builder.php(2693): Illuminate\\Database\\Query\\Builder->onceWithColumns(Array, Object(Closure))
#17 C:\\laragon6\\www\\saudix\\vendor\\laravel\\framework\\src\\Illuminate\\Database\\Concerns\\BuildsQueries.php(296): Illuminate\\Database\\Query\\Builder->get(Array)
#18 C:\\laragon6\\www\\saudix\\Tobuli\\Helpers\\Settings\\SettingsDB.php(26): Illuminate\\Database\\Query\\Builder->first()
#19 C:\\laragon6\\www\\saudix\\vendor\\laravel\\framework\\src\\Illuminate\\Cache\\Repository.php(397): Tobuli\\Helpers\\Settings\\SettingsDB->Tobuli\\Helpers\\Settings\\{closure}()
#20 C:\\laragon6\\www\\saudix\\Tobuli\\Helpers\\Settings\\SettingsDB.php(25): Illuminate\\Cache\\Repository->remember('settings.main_s...', 900, Object(Closure))
#21 C:\\laragon6\\www\\saudix\\Tobuli\\Helpers\\Settings\\Settings.php(93): Tobuli\\Helpers\\Settings\\SettingsDB->_has('main_settings')
#22 C:\\laragon6\\www\\saudix\\Tobuli\\Helpers\\Settings\\Settings.php(30): Tobuli\\Helpers\\Settings\\Settings->withParent('main_settings')
#23 C:\\laragon6\\www\\saudix\\vendor\\laravel\\framework\\src\\Illuminate\\Cache\\Repository.php(438): Tobuli\\Helpers\\Settings\\Settings->Tobuli\\Helpers\\Settings\\{closure}()
#24 C:\\laragon6\\www\\saudix\\Tobuli\\Helpers\\Settings\\Settings.php(27): Illuminate\\Cache\\Repository->rememberForever('SettingsDBmain_...', Object(Closure))
#25 C:\\laragon6\\www\\saudix\\Tobuli\\Helpers\\Settings\\helper.php(16): Tobuli\\Helpers\\Settings\\Settings->get('main_settings')
#26 C:\\laragon6\\www\\saudix\\Tobuli\\Services\\AppearanceService.php(219): settings('main_settings')
#27 C:\\laragon6\\www\\saudix\\Tobuli\\Services\\AppearanceService.php(88): Tobuli\\Services\\AppearanceService->loadSettings()
#28 C:\\laragon6\\www\\saudix\\Tobuli\\Services\\AppearanceService.php(77): Tobuli\\Services\\AppearanceService->getSettings()
#29 C:\\laragon6\\www\\saudix\\app\\Http\\Middleware\\SetLang.php(54): Tobuli\\Services\\AppearanceService->getSetting('default_languag...')
#30 C:\\laragon6\\www\\saudix\\vendor\\laravel\\framework\\src\\Illuminate\\Pipeline\\Pipeline.php(180): App\\Http\\Middleware\\SetLang->handle(Object(Illuminate\\Http\\Request), Object(Closure))
#31 C:\\laragon6\\www\\saudix\\app\\Http\\Middleware\\RefreshToken.php(21): Illuminate\\Pipeline\\Pipeline->Illuminate\\Pipeline\\{closure}(Object(Illuminate\\Http\\Request))
#32 C:\\laragon6\\www\\saudix\\vendor\\laravel\\framework\\src\\Illuminate\\Pipeline\\Pipeline.php(180): App\\Http\\Middleware\\RefreshToken->handle(Object(Illuminate\\Http\\Request), Object(Closure))
#33 C:\\laragon6\\www\\saudix\\app\\Http\\Middleware\\Referer.php(46): Illuminate\\Pipeline\\Pipeline->Illuminate\\Pipeline\\{closure}(Object(Illuminate\\Http\\Request))
#34 C:\\laragon6\\www\\saudix\\vendor\\laravel\\framework\\src\\Illuminate\\Pipeline\\Pipeline.php(180): App\\Http\\Middleware\\Referer->handle(Object(Illuminate\\Http\\Request), Object(Closure))
#35 C:\\laragon6\\www\\saudix\\vendor\\laravel\\framework\\src\\Illuminate\\View\\Middleware\\ShareErrorsFromSession.php(49): Illuminate\\Pipeline\\Pipeline->Illuminate\\Pipeline\\{closure}(Object(Illuminate\\Http\\Request))
#36 C:\\laragon6\\www\\saudix\\vendor\\laravel\\framework\\src\\Illuminate\\Pipeline\\Pipeline.php(180): Illuminate\\View\\Middleware\\ShareErrorsFromSession->handle(Object(Illuminate\\Http\\Request), Object(Closure))
#37 C:\\laragon6\\www\\saudix\\vendor\\laravel\\framework\\src\\Illuminate\\Session\\Middleware\\StartSession.php(121): Illuminate\\Pipeline\\Pipeline->Illuminate\\Pipeline\\{closure}(Object(Illuminate\\Http\\Request))
#38 C:\\laragon6\\www\\saudix\\vendor\\laravel\\framework\\src\\Illuminate\\Session\\Middleware\\StartSession.php(64): Illuminate\\Session\\Middleware\\StartSession->handleStatefulRequest(Object(Illuminate\\Http\\Request), Object(Illuminate\\Session\\Store), Object(Closure))
#39 C:\\laragon6\\www\\saudix\\vendor\\laravel\\framework\\src\\Illuminate\\Pipeline\\Pipeline.php(180): Illuminate\\Session\\Middleware\\StartSession->handle(Object(Illuminate\\Http\\Request), Object(Closure))
#40 C:\\laragon6\\www\\saudix\\vendor\\laravel\\framework\\src\\Illuminate\\Cookie\\Middleware\\AddQueuedCookiesToResponse.php(37): Illuminate\\Pipeline\\Pipeline->Illuminate\\Pipeline\\{closure}(Object(Illuminate\\Http\\Request))
#41 C:\\laragon6\\www\\saudix\\vendor\\laravel\\framework\\src\\Illuminate\\Pipeline\\Pipeline.php(180): Illuminate\\Cookie\\Middleware\\AddQueuedCookiesToResponse->handle(Object(Illuminate\\Http\\Request), Object(Closure))
#42 C:\\laragon6\\www\\saudix\\vendor\\laravel\\framework\\src\\Illuminate\\Cookie\\Middleware\\EncryptCookies.php(67): Illuminate\\Pipeline\\Pipeline->Illuminate\\Pipeline\\{closure}(Object(Illuminate\\Http\\Request))
#43 C:\\laragon6\\www\\saudix\\vendor\\laravel\\framework\\src\\Illuminate\\Pipeline\\Pipeline.php(180): Illuminate\\Cookie\\Middleware\\EncryptCookies->handle(Object(Illuminate\\Http\\Request), Object(Closure))
#44 C:\\laragon6\\www\\saudix\\vendor\\laravel\\framework\\src\\Illuminate\\Pipeline\\Pipeline.php(116): Illuminate\\Pipeline\\Pipeline->Illuminate\\Pipeline\\{closure}(Object(Illuminate\\Http\\Request))
#45 C:\\laragon6\\www\\saudix\\vendor\\laravel\\framework\\src\\Illuminate\\Routing\\Router.php(797): Illuminate\\Pipeline\\Pipeline->then(Object(Closure))
#46 C:\\laragon6\\www\\saudix\\vendor\\laravel\\framework\\src\\Illuminate\\Routing\\Router.php(776): Illuminate\\Routing\\Router->runRouteWithinStack(Object(Illuminate\\Routing\\Route), Object(Illuminate\\Http\\Request))
#47 C:\\laragon6\\www\\saudix\\vendor\\laravel\\framework\\src\\Illuminate\\Routing\\Router.php(740): Illuminate\\Routing\\Router->runRoute(Object(Illuminate\\Http\\Request), Object(Illuminate\\Routing\\Route))
#48 C:\\laragon6\\www\\saudix\\vendor\\laravel\\framework\\src\\Illuminate\\Routing\\Router.php(729): Illuminate\\Routing\\Router->dispatchToRoute(Object(Illuminate\\Http\\Request))
#49 C:\\laragon6\\www\\saudix\\vendor\\laravel\\framework\\src\\Illuminate\\Foundation\\Http\\Kernel.php(190): Illuminate\\Routing\\Router->dispatch(Object(Illuminate\\Http\\Request))
#50 C:\\laragon6\\www\\saudix\\vendor\\laravel\\framework\\src\\Illuminate\\Pipeline\\Pipeline.php(141): Illuminate\\Foundation\\Http\\Kernel->Illuminate\\Foundation\\Http\\{closure}(Object(Illuminate\\Http\\Request))
#51 C:\\laragon6\\www\\saudix\\vendor\\barryvdh\\laravel-debugbar\\src\\Middleware\\InjectDebugbar.php(66): Illuminate\\Pipeline\\Pipeline->Illuminate\\Pipeline\\{closure}(Object(Illuminate\\Http\\Request))
#52 C:\\laragon6\\www\\saudix\\vendor\\laravel\\framework\\src\\Illuminate\\Pipeline\\Pipeline.php(180): Barryvdh\\Debugbar\\Middleware\\InjectDebugbar->handle(Object(Illuminate\\Http\\Request), Object(Closure))
#53 C:\\laragon6\\www\\saudix\\vendor\\laravel\\framework\\src\\Illuminate\\Http\\Middleware\\TrustHosts.php(48): Illuminate\\Pipeline\\Pipeline->Illuminate\\Pipeline\\{closure}(Object(Illuminate\\Http\\Request))
#54 C:\\laragon6\\www\\saudix\\vendor\\laravel\\framework\\src\\Illuminate\\Pipeline\\Pipeline.php(180): Illuminate\\Http\\Middleware\\TrustHosts->handle(Object(Illuminate\\Http\\Request), Object(Closure))
#55 C:\\laragon6\\www\\saudix\\vendor\\laravel\\framework\\src\\Illuminate\\Http\\Middleware\\HandleCors.php(49): Illuminate\\Pipeline\\Pipeline->Illuminate\\Pipeline\\{closure}(Object(Illuminate\\Http\\Request))
#56 C:\\laragon6\\www\\saudix\\vendor\\laravel\\framework\\src\\Illuminate\\Pipeline\\Pipeline.php(180): Illuminate\\Http\\Middleware\\HandleCors->handle(Object(Illuminate\\Http\\Request), Object(Closure))
#57 C:\\laragon6\\www\\saudix\\vendor\\laravel\\framework\\src\\Illuminate\\Http\\Middleware\\TrustProxies.php(39): Illuminate\\Pipeline\\Pipeline->Illuminate\\Pipeline\\{closure}(Object(Illuminate\\Http\\Request))
#58 C:\\laragon6\\www\\saudix\\vendor\\laravel\\framework\\src\\Illuminate\\Pipeline\\Pipeline.php(180): Illuminate\\Http\\Middleware\\TrustProxies->handle(Object(Illuminate\\Http\\Request), Object(Closure))
#59 C:\\laragon6\\www\\saudix\\app\\Http\\Middleware\\ServerActive.php(34): Illuminate\\Pipeline\\Pipeline->Illuminate\\Pipeline\\{closure}(Object(Illuminate\\Http\\Request))
#60 C:\\laragon6\\www\\saudix\\vendor\\laravel\\framework\\src\\Illuminate\\Pipeline\\Pipeline.php(180): App\\Http\\Middleware\\ServerActive->handle(Object(Illuminate\\Http\\Request), Object(Closure))
#61 C:\\laragon6\\www\\saudix\\vendor\\laravel\\framework\\src\\Illuminate\\Foundation\\Http\\Middleware\\PreventRequestsDuringMaintenance.php(86): Illuminate\\Pipeline\\Pipeline->Illuminate\\Pipeline\\{closure}(Object(Illuminate\\Http\\Request))
#62 C:\\laragon6\\www\\saudix\\vendor\\laravel\\framework\\src\\Illuminate\\Pipeline\\Pipeline.php(180): Illuminate\\Foundation\\Http\\Middleware\\PreventRequestsDuringMaintenance->handle(Object(Illuminate\\Http\\Request), Object(Closure))
#63 C:\\laragon6\\www\\saudix\\vendor\\laravel\\framework\\src\\Illuminate\\Pipeline\\Pipeline.php(116): Illuminate\\Pipeline\\Pipeline->Illuminate\\Pipeline\\{closure}(Object(Illuminate\\Http\\Request))
#64 C:\\laragon6\\www\\saudix\\vendor\\laravel\\framework\\src\\Illuminate\\Foundation\\Http\\Kernel.php(165): Illuminate\\Pipeline\\Pipeline->then(Object(Closure))
#65 C:\\laragon6\\www\\saudix\\vendor\\laravel\\framework\\src\\Illuminate\\Foundation\\Http\\Kernel.php(134): Illuminate\\Foundation\\Http\\Kernel->sendRequestThroughRouter(Object(Illuminate\\Http\\Request))
#66 C:\\laragon6\\www\\saudix\\public\\index.php(51): Illuminate\\Foundation\\Http\\Kernel->handle(Object(Illuminate\\Http\\Request))
#67 C:\\laragon6\\www\\saudix\\server.php(21): require_once('C:\\\\laragon6\\\\www...')
#68 {main}

[previous exception] [object] (PDOException(code: 2002): SQLSTATE[HY000] [2002] No connection could be made because the target machine actively refused it at C:\\laragon6\\www\\saudix\\vendor\\doctrine\\dbal\\lib\\Doctrine\\DBAL\\Driver\\PDOConnection.php:40)
[stacktrace]
#0 C:\\laragon6\\www\\saudix\\vendor\\doctrine\\dbal\\lib\\Doctrine\\DBAL\\Driver\\PDOConnection.php(40): PDO->__construct('mysql:host=127....', 'root', Object(SensitiveParameterValue), Array)
#1 C:\\laragon6\\www\\saudix\\vendor\\laravel\\framework\\src\\Illuminate\\Database\\Connectors\\Connector.php(67): Doctrine\\DBAL\\Driver\\PDOConnection->__construct('mysql:host=127....', 'root', '', Array)
#2 C:\\laragon6\\www\\saudix\\vendor\\laravel\\framework\\src\\Illuminate\\Database\\Connectors\\Connector.php(45): Illuminate\\Database\\Connectors\\Connector->createPdoConnection('mysql:host=127....', 'root', '', Array)
#3 C:\\laragon6\\www\\saudix\\vendor\\laravel\\framework\\src\\Illuminate\\Database\\Connectors\\MySqlConnector.php(24): Illuminate\\Database\\Connectors\\Connector->createConnection('mysql:host=127....', Array, Array)
#4 C:\\laragon6\\www\\saudix\\vendor\\laravel\\framework\\src\\Illuminate\\Database\\Connectors\\ConnectionFactory.php(184): Illuminate\\Database\\Connectors\\MySqlConnector->connect(Array)
#5 [internal function]: Illuminate\\Database\\Connectors\\ConnectionFactory->Illuminate\\Database\\Connectors\\{closure}()
#6 C:\\laragon6\\www\\saudix\\vendor\\laravel\\framework\\src\\Illuminate\\Database\\Connection.php(1181): call_user_func(Object(Closure))
#7 C:\\laragon6\\www\\saudix\\vendor\\laravel\\framework\\src\\Illuminate\\Database\\Connection.php(1217): Illuminate\\Database\\Connection->getPdo()
#8 C:\\laragon6\\www\\saudix\\vendor\\laravel\\framework\\src\\Illuminate\\Database\\Connection.php(486): Illuminate\\Database\\Connection->getReadPdo()
#9 C:\\laragon6\\www\\saudix\\vendor\\laravel\\framework\\src\\Illuminate\\Database\\Connection.php(414): Illuminate\\Database\\Connection->getPdoForSelect(true)
#10 C:\\laragon6\\www\\saudix\\vendor\\laravel\\framework\\src\\Illuminate\\Database\\Connection.php(753): Illuminate\\Database\\Connection->Illuminate\\Database\\{closure}('select * from `...', Array)
#11 C:\\laragon6\\www\\saudix\\vendor\\laravel\\framework\\src\\Illuminate\\Database\\Connection.php(720): Illuminate\\Database\\Connection->runQueryCallback('select * from `...', Array, Object(Closure))
#12 C:\\laragon6\\www\\saudix\\vendor\\laravel\\framework\\src\\Illuminate\\Database\\Connection.php(405): Illuminate\\Database\\Connection->run('select * from `...', Array, Object(Closure))
#13 C:\\laragon6\\www\\saudix\\vendor\\laravel\\framework\\src\\Illuminate\\Database\\Query\\Builder.php(2705): Illuminate\\Database\\Connection->select('select * from `...', Array, true)
#14 C:\\laragon6\\www\\saudix\\vendor\\laravel\\framework\\src\\Illuminate\\Database\\Query\\Builder.php(2694): Illuminate\\Database\\Query\\Builder->runSelect()
#15 C:\\laragon6\\www\\saudix\\vendor\\laravel\\framework\\src\\Illuminate\\Database\\Query\\Builder.php(3230): Illuminate\\Database\\Query\\Builder->Illuminate\\Database\\Query\\{closure}()
#16 C:\\laragon6\\www\\saudix\\vendor\\laravel\\framework\\src\\Illuminate\\Database\\Query\\Builder.php(2693): Illuminate\\Database\\Query\\Builder->onceWithColumns(Array, Object(Closure))
#17 C:\\laragon6\\www\\saudix\\vendor\\laravel\\framework\\src\\Illuminate\\Database\\Concerns\\BuildsQueries.php(296): Illuminate\\Database\\Query\\Builder->get(Array)
#18 C:\\laragon6\\www\\saudix\\Tobuli\\Helpers\\Settings\\SettingsDB.php(26): Illuminate\\Database\\Query\\Builder->first()
#19 C:\\laragon6\\www\\saudix\\vendor\\laravel\\framework\\src\\Illuminate\\Cache\\Repository.php(397): Tobuli\\Helpers\\Settings\\SettingsDB->Tobuli\\Helpers\\Settings\\{closure}()
#20 C:\\laragon6\\www\\saudix\\Tobuli\\Helpers\\Settings\\SettingsDB.php(25): Illuminate\\Cache\\Repository->remember('settings.main_s...', 900, Object(Closure))
#21 C:\\laragon6\\www\\saudix\\Tobuli\\Helpers\\Settings\\Settings.php(93): Tobuli\\Helpers\\Settings\\SettingsDB->_has('main_settings')
#22 C:\\laragon6\\www\\saudix\\Tobuli\\Helpers\\Settings\\Settings.php(30): Tobuli\\Helpers\\Settings\\Settings->withParent('main_settings')
#23 C:\\laragon6\\www\\saudix\\vendor\\laravel\\framework\\src\\Illuminate\\Cache\\Repository.php(438): Tobuli\\Helpers\\Settings\\Settings->Tobuli\\Helpers\\Settings\\{closure}()
#24 C:\\laragon6\\www\\saudix\\Tobuli\\Helpers\\Settings\\Settings.php(27): Illuminate\\Cache\\Repository->rememberForever('SettingsDBmain_...', Object(Closure))
#25 C:\\laragon6\\www\\saudix\\Tobuli\\Helpers\\Settings\\helper.php(16): Tobuli\\Helpers\\Settings\\Settings->get('main_settings')
#26 C:\\laragon6\\www\\saudix\\Tobuli\\Services\\AppearanceService.php(219): settings('main_settings')
#27 C:\\laragon6\\www\\saudix\\Tobuli\\Services\\AppearanceService.php(88): Tobuli\\Services\\AppearanceService->loadSettings()
#28 C:\\laragon6\\www\\saudix\\Tobuli\\Services\\AppearanceService.php(77): Tobuli\\Services\\AppearanceService->getSettings()
#29 C:\\laragon6\\www\\saudix\\app\\Http\\Middleware\\SetLang.php(54): Tobuli\\Services\\AppearanceService->getSetting('default_languag...')
#30 C:\\laragon6\\www\\saudix\\vendor\\laravel\\framework\\src\\Illuminate\\Pipeline\\Pipeline.php(180): App\\Http\\Middleware\\SetLang->handle(Object(Illuminate\\Http\\Request), Object(Closure))
#31 C:\\laragon6\\www\\saudix\\app\\Http\\Middleware\\RefreshToken.php(21): Illuminate\\Pipeline\\Pipeline->Illuminate\\Pipeline\\{closure}(Object(Illuminate\\Http\\Request))
#32 C:\\laragon6\\www\\saudix\\vendor\\laravel\\framework\\src\\Illuminate\\Pipeline\\Pipeline.php(180): App\\Http\\Middleware\\RefreshToken->handle(Object(Illuminate\\Http\\Request), Object(Closure))
#33 C:\\laragon6\\www\\saudix\\app\\Http\\Middleware\\Referer.php(46): Illuminate\\Pipeline\\Pipeline->Illuminate\\Pipeline\\{closure}(Object(Illuminate\\Http\\Request))
#34 C:\\laragon6\\www\\saudix\\vendor\\laravel\\framework\\src\\Illuminate\\Pipeline\\Pipeline.php(180): App\\Http\\Middleware\\Referer->handle(Object(Illuminate\\Http\\Request), Object(Closure))
#35 C:\\laragon6\\www\\saudix\\vendor\\laravel\\framework\\src\\Illuminate\\View\\Middleware\\ShareErrorsFromSession.php(49): Illuminate\\Pipeline\\Pipeline->Illuminate\\Pipeline\\{closure}(Object(Illuminate\\Http\\Request))
#36 C:\\laragon6\\www\\saudix\\vendor\\laravel\\framework\\src\\Illuminate\\Pipeline\\Pipeline.php(180): Illuminate\\View\\Middleware\\ShareErrorsFromSession->handle(Object(Illuminate\\Http\\Request), Object(Closure))
#37 C:\\laragon6\\www\\saudix\\vendor\\laravel\\framework\\src\\Illuminate\\Session\\Middleware\\StartSession.php(121): Illuminate\\Pipeline\\Pipeline->Illuminate\\Pipeline\\{closure}(Object(Illuminate\\Http\\Request))
#38 C:\\laragon6\\www\\saudix\\vendor\\laravel\\framework\\src\\Illuminate\\Session\\Middleware\\StartSession.php(64): Illuminate\\Session\\Middleware\\StartSession->handleStatefulRequest(Object(Illuminate\\Http\\Request), Object(Illuminate\\Session\\Store), Object(Closure))
#39 C:\\laragon6\\www\\saudix\\vendor\\laravel\\framework\\src\\Illuminate\\Pipeline\\Pipeline.php(180): Illuminate\\Session\\Middleware\\StartSession->handle(Object(Illuminate\\Http\\Request), Object(Closure))
#40 C:\\laragon6\\www\\saudix\\vendor\\laravel\\framework\\src\\Illuminate\\Cookie\\Middleware\\AddQueuedCookiesToResponse.php(37): Illuminate\\Pipeline\\Pipeline->Illuminate\\Pipeline\\{closure}(Object(Illuminate\\Http\\Request))
#41 C:\\laragon6\\www\\saudix\\vendor\\laravel\\framework\\src\\Illuminate\\Pipeline\\Pipeline.php(180): Illuminate\\Cookie\\Middleware\\AddQueuedCookiesToResponse->handle(Object(Illuminate\\Http\\Request), Object(Closure))
#42 C:\\laragon6\\www\\saudix\\vendor\\laravel\\framework\\src\\Illuminate\\Cookie\\Middleware\\EncryptCookies.php(67): Illuminate\\Pipeline\\Pipeline->Illuminate\\Pipeline\\{closure}(Object(Illuminate\\Http\\Request))
#43 C:\\laragon6\\www\\saudix\\vendor\\laravel\\framework\\src\\Illuminate\\Pipeline\\Pipeline.php(180): Illuminate\\Cookie\\Middleware\\EncryptCookies->handle(Object(Illuminate\\Http\\Request), Object(Closure))
#44 C:\\laragon6\\www\\saudix\\vendor\\laravel\\framework\\src\\Illuminate\\Pipeline\\Pipeline.php(116): Illuminate\\Pipeline\\Pipeline->Illuminate\\Pipeline\\{closure}(Object(Illuminate\\Http\\Request))
#45 C:\\laragon6\\www\\saudix\\vendor\\laravel\\framework\\src\\Illuminate\\Routing\\Router.php(797): Illuminate\\Pipeline\\Pipeline->then(Object(Closure))
#46 C:\\laragon6\\www\\saudix\\vendor\\laravel\\framework\\src\\Illuminate\\Routing\\Router.php(776): Illuminate\\Routing\\Router->runRouteWithinStack(Object(Illuminate\\Routing\\Route), Object(Illuminate\\Http\\Request))
#47 C:\\laragon6\\www\\saudix\\vendor\\laravel\\framework\\src\\Illuminate\\Routing\\Router.php(740): Illuminate\\Routing\\Router->runRoute(Object(Illuminate\\Http\\Request), Object(Illuminate\\Routing\\Route))
#48 C:\\laragon6\\www\\saudix\\vendor\\laravel\\framework\\src\\Illuminate\\Routing\\Router.php(729): Illuminate\\Routing\\Router->dispatchToRoute(Object(Illuminate\\Http\\Request))
#49 C:\\laragon6\\www\\saudix\\vendor\\laravel\\framework\\src\\Illuminate\\Foundation\\Http\\Kernel.php(190): Illuminate\\Routing\\Router->dispatch(Object(Illuminate\\Http\\Request))
#50 C:\\laragon6\\www\\saudix\\vendor\\laravel\\framework\\src\\Illuminate\\Pipeline\\Pipeline.php(141): Illuminate\\Foundation\\Http\\Kernel->Illuminate\\Foundation\\Http\\{closure}(Object(Illuminate\\Http\\Request))
#51 C:\\laragon6\\www\\saudix\\vendor\\barryvdh\\laravel-debugbar\\src\\Middleware\\InjectDebugbar.php(66): Illuminate\\Pipeline\\Pipeline->Illuminate\\Pipeline\\{closure}(Object(Illuminate\\Http\\Request))
#52 C:\\laragon6\\www\\saudix\\vendor\\laravel\\framework\\src\\Illuminate\\Pipeline\\Pipeline.php(180): Barryvdh\\Debugbar\\Middleware\\InjectDebugbar->handle(Object(Illuminate\\Http\\Request), Object(Closure))
#53 C:\\laragon6\\www\\saudix\\vendor\\laravel\\framework\\src\\Illuminate\\Http\\Middleware\\TrustHosts.php(48): Illuminate\\Pipeline\\Pipeline->Illuminate\\Pipeline\\{closure}(Object(Illuminate\\Http\\Request))
#54 C:\\laragon6\\www\\saudix\\vendor\\laravel\\framework\\src\\Illuminate\\Pipeline\\Pipeline.php(180): Illuminate\\Http\\Middleware\\TrustHosts->handle(Object(Illuminate\\Http\\Request), Object(Closure))
#55 C:\\laragon6\\www\\saudix\\vendor\\laravel\\framework\\src\\Illuminate\\Http\\Middleware\\HandleCors.php(49): Illuminate\\Pipeline\\Pipeline->Illuminate\\Pipeline\\{closure}(Object(Illuminate\\Http\\Request))
#56 C:\\laragon6\\www\\saudix\\vendor\\laravel\\framework\\src\\Illuminate\\Pipeline\\Pipeline.php(180): Illuminate\\Http\\Middleware\\HandleCors->handle(Object(Illuminate\\Http\\Request), Object(Closure))
#57 C:\\laragon6\\www\\saudix\\vendor\\laravel\\framework\\src\\Illuminate\\Http\\Middleware\\TrustProxies.php(39): Illuminate\\Pipeline\\Pipeline->Illuminate\\Pipeline\\{closure}(Object(Illuminate\\Http\\Request))
#58 C:\\laragon6\\www\\saudix\\vendor\\laravel\\framework\\src\\Illuminate\\Pipeline\\Pipeline.php(180): Illuminate\\Http\\Middleware\\TrustProxies->handle(Object(Illuminate\\Http\\Request), Object(Closure))
#59 C:\\laragon6\\www\\saudix\\app\\Http\\Middleware\\ServerActive.php(34): Illuminate\\Pipeline\\Pipeline->Illuminate\\Pipeline\\{closure}(Object(Illuminate\\Http\\Request))
#60 C:\\laragon6\\www\\saudix\\vendor\\laravel\\framework\\src\\Illuminate\\Pipeline\\Pipeline.php(180): App\\Http\\Middleware\\ServerActive->handle(Object(Illuminate\\Http\\Request), Object(Closure))
#61 C:\\laragon6\\www\\saudix\\vendor\\laravel\\framework\\src\\Illuminate\\Foundation\\Http\\Middleware\\PreventRequestsDuringMaintenance.php(86): Illuminate\\Pipeline\\Pipeline->Illuminate\\Pipeline\\{closure}(Object(Illuminate\\Http\\Request))
#62 C:\\laragon6\\www\\saudix\\vendor\\laravel\\framework\\src\\Illuminate\\Pipeline\\Pipeline.php(180): Illuminate\\Foundation\\Http\\Middleware\\PreventRequestsDuringMaintenance->handle(Object(Illuminate\\Http\\Request), Object(Closure))
#63 C:\\laragon6\\www\\saudix\\vendor\\laravel\\framework\\src\\Illuminate\\Pipeline\\Pipeline.php(116): Illuminate\\Pipeline\\Pipeline->Illuminate\\Pipeline\\{closure}(Object(Illuminate\\Http\\Request))
#64 C:\\laragon6\\www\\saudix\\vendor\\laravel\\framework\\src\\Illuminate\\Foundation\\Http\\Kernel.php(165): Illuminate\\Pipeline\\Pipeline->then(Object(Closure))
#65 C:\\laragon6\\www\\saudix\\vendor\\laravel\\framework\\src\\Illuminate\\Foundation\\Http\\Kernel.php(134): Illuminate\\Foundation\\Http\\Kernel->sendRequestThroughRouter(Object(Illuminate\\Http\\Request))
#66 C:\\laragon6\\www\\saudix\\public\\index.php(51): Illuminate\\Foundation\\Http\\Kernel->handle(Object(Illuminate\\Http\\Request))
#67 C:\\laragon6\\www\\saudix\\server.php(21): require_once('C:\\\\laragon6\\\\www...')
#68 {main}
"} 
[2025-10-24 20:53:53] local.ERROR: Invalid key supplied  
[2025-10-24 20:53:58] local.ERROR: Invalid key supplied  
[2025-10-24 20:54:04] local.ERROR: Invalid key supplied  
[2025-10-24 20:54:08] local.ERROR: Invalid key supplied  
[2025-10-24 20:54:13] local.ERROR: Invalid key supplied  
[2025-10-24 20:54:14] local.ERROR: Invalid key supplied  
[2025-10-24 20:54:48] local.ERROR: Invalid key supplied  
[2025-10-24 20:54:48] local.ERROR: Invalid key supplied  
[2025-10-24 20:55:40] local.ERROR: Invalid key supplied  
[2025-10-24 20:55:45] local.ERROR: SQLSTATE[HY000] [2002] No connection could be made because the target machine actively refused it (SQL: select * from `configs` where `title` = main_settings limit 1) {"exception":"[object] (Illuminate\\Database\\QueryException(code: 2002): SQLSTATE[HY000] [2002] No connection could be made because the target machine actively refused it (SQL: select * from `configs` where `title` = main_settings limit 1) at C:\\laragon6\\www\\saudix\\vendor\\laravel\\framework\\src\\Illuminate\\Database\\Connection.php:760)
[stacktrace]
#0 C:\\laragon6\\www\\saudix\\vendor\\laravel\\framework\\src\\Illuminate\\Database\\Connection.php(720): Illuminate\\Database\\Connection->runQueryCallback('select * from `...', Array, Object(Closure))
#1 C:\\laragon6\\www\\saudix\\vendor\\laravel\\framework\\src\\Illuminate\\Database\\Connection.php(405): Illuminate\\Database\\Connection->run('select * from `...', Array, Object(Closure))
#2 C:\\laragon6\\www\\saudix\\vendor\\laravel\\framework\\src\\Illuminate\\Database\\Query\\Builder.php(2705): Illuminate\\Database\\Connection->select('select * from `...', Array, true)
#3 C:\\laragon6\\www\\saudix\\vendor\\laravel\\framework\\src\\Illuminate\\Database\\Query\\Builder.php(2694): Illuminate\\Database\\Query\\Builder->runSelect()
#4 C:\\laragon6\\www\\saudix\\vendor\\laravel\\framework\\src\\Illuminate\\Database\\Query\\Builder.php(3230): Illuminate\\Database\\Query\\Builder->Illuminate\\Database\\Query\\{closure}()
#5 C:\\laragon6\\www\\saudix\\vendor\\laravel\\framework\\src\\Illuminate\\Database\\Query\\Builder.php(2693): Illuminate\\Database\\Query\\Builder->onceWithColumns(Array, Object(Closure))
#6 C:\\laragon6\\www\\saudix\\vendor\\laravel\\framework\\src\\Illuminate\\Database\\Concerns\\BuildsQueries.php(296): Illuminate\\Database\\Query\\Builder->get(Array)
#7 C:\\laragon6\\www\\saudix\\Tobuli\\Helpers\\Settings\\SettingsDB.php(26): Illuminate\\Database\\Query\\Builder->first()
#8 C:\\laragon6\\www\\saudix\\vendor\\laravel\\framework\\src\\Illuminate\\Cache\\Repository.php(397): Tobuli\\Helpers\\Settings\\SettingsDB->Tobuli\\Helpers\\Settings\\{closure}()
#9 C:\\laragon6\\www\\saudix\\Tobuli\\Helpers\\Settings\\SettingsDB.php(25): Illuminate\\Cache\\Repository->remember('settings.main_s...', 900, Object(Closure))
#10 C:\\laragon6\\www\\saudix\\Tobuli\\Helpers\\Settings\\Settings.php(93): Tobuli\\Helpers\\Settings\\SettingsDB->_has('main_settings')
#11 C:\\laragon6\\www\\saudix\\Tobuli\\Helpers\\Settings\\Settings.php(30): Tobuli\\Helpers\\Settings\\Settings->withParent('main_settings')
#12 C:\\laragon6\\www\\saudix\\vendor\\laravel\\framework\\src\\Illuminate\\Cache\\Repository.php(438): Tobuli\\Helpers\\Settings\\Settings->Tobuli\\Helpers\\Settings\\{closure}()
#13 C:\\laragon6\\www\\saudix\\Tobuli\\Helpers\\Settings\\Settings.php(27): Illuminate\\Cache\\Repository->rememberForever('SettingsDBmain_...', Object(Closure))
#14 C:\\laragon6\\www\\saudix\\Tobuli\\Helpers\\Settings\\helper.php(16): Tobuli\\Helpers\\Settings\\Settings->get('main_settings')
#15 C:\\laragon6\\www\\saudix\\Tobuli\\Services\\AppearanceService.php(219): settings('main_settings')
#16 C:\\laragon6\\www\\saudix\\Tobuli\\Services\\AppearanceService.php(88): Tobuli\\Services\\AppearanceService->loadSettings()
#17 C:\\laragon6\\www\\saudix\\Tobuli\\Services\\AppearanceService.php(77): Tobuli\\Services\\AppearanceService->getSettings()
#18 C:\\laragon6\\www\\saudix\\app\\Http\\Middleware\\SetLang.php(54): Tobuli\\Services\\AppearanceService->getSetting('default_languag...')
#19 C:\\laragon6\\www\\saudix\\vendor\\laravel\\framework\\src\\Illuminate\\Pipeline\\Pipeline.php(180): App\\Http\\Middleware\\SetLang->handle(Object(Illuminate\\Http\\Request), Object(Closure))
#20 C:\\laragon6\\www\\saudix\\app\\Http\\Middleware\\RefreshToken.php(21): Illuminate\\Pipeline\\Pipeline->Illuminate\\Pipeline\\{closure}(Object(Illuminate\\Http\\Request))
#21 C:\\laragon6\\www\\saudix\\vendor\\laravel\\framework\\src\\Illuminate\\Pipeline\\Pipeline.php(180): App\\Http\\Middleware\\RefreshToken->handle(Object(Illuminate\\Http\\Request), Object(Closure))
#22 C:\\laragon6\\www\\saudix\\app\\Http\\Middleware\\Referer.php(46): Illuminate\\Pipeline\\Pipeline->Illuminate\\Pipeline\\{closure}(Object(Illuminate\\Http\\Request))
#23 C:\\laragon6\\www\\saudix\\vendor\\laravel\\framework\\src\\Illuminate\\Pipeline\\Pipeline.php(180): App\\Http\\Middleware\\Referer->handle(Object(Illuminate\\Http\\Request), Object(Closure))
#24 C:\\laragon6\\www\\saudix\\vendor\\laravel\\framework\\src\\Illuminate\\View\\Middleware\\ShareErrorsFromSession.php(49): Illuminate\\Pipeline\\Pipeline->Illuminate\\Pipeline\\{closure}(Object(Illuminate\\Http\\Request))
#25 C:\\laragon6\\www\\saudix\\vendor\\laravel\\framework\\src\\Illuminate\\Pipeline\\Pipeline.php(180): Illuminate\\View\\Middleware\\ShareErrorsFromSession->handle(Object(Illuminate\\Http\\Request), Object(Closure))
#26 C:\\laragon6\\www\\saudix\\vendor\\laravel\\framework\\src\\Illuminate\\Session\\Middleware\\StartSession.php(121): Illuminate\\Pipeline\\Pipeline->Illuminate\\Pipeline\\{closure}(Object(Illuminate\\Http\\Request))
#27 C:\\laragon6\\www\\saudix\\vendor\\laravel\\framework\\src\\Illuminate\\Session\\Middleware\\StartSession.php(64): Illuminate\\Session\\Middleware\\StartSession->handleStatefulRequest(Object(Illuminate\\Http\\Request), Object(Illuminate\\Session\\Store), Object(Closure))
#28 C:\\laragon6\\www\\saudix\\vendor\\laravel\\framework\\src\\Illuminate\\Pipeline\\Pipeline.php(180): Illuminate\\Session\\Middleware\\StartSession->handle(Object(Illuminate\\Http\\Request), Object(Closure))
#29 C:\\laragon6\\www\\saudix\\vendor\\laravel\\framework\\src\\Illuminate\\Cookie\\Middleware\\AddQueuedCookiesToResponse.php(37): Illuminate\\Pipeline\\Pipeline->Illuminate\\Pipeline\\{closure}(Object(Illuminate\\Http\\Request))
#30 C:\\laragon6\\www\\saudix\\vendor\\laravel\\framework\\src\\Illuminate\\Pipeline\\Pipeline.php(180): Illuminate\\Cookie\\Middleware\\AddQueuedCookiesToResponse->handle(Object(Illuminate\\Http\\Request), Object(Closure))
#31 C:\\laragon6\\www\\saudix\\vendor\\laravel\\framework\\src\\Illuminate\\Cookie\\Middleware\\EncryptCookies.php(67): Illuminate\\Pipeline\\Pipeline->Illuminate\\Pipeline\\{closure}(Object(Illuminate\\Http\\Request))
#32 C:\\laragon6\\www\\saudix\\vendor\\laravel\\framework\\src\\Illuminate\\Pipeline\\Pipeline.php(180): Illuminate\\Cookie\\Middleware\\EncryptCookies->handle(Object(Illuminate\\Http\\Request), Object(Closure))
#33 C:\\laragon6\\www\\saudix\\vendor\\laravel\\framework\\src\\Illuminate\\Pipeline\\Pipeline.php(116): Illuminate\\Pipeline\\Pipeline->Illuminate\\Pipeline\\{closure}(Object(Illuminate\\Http\\Request))
#34 C:\\laragon6\\www\\saudix\\vendor\\laravel\\framework\\src\\Illuminate\\Routing\\Router.php(797): Illuminate\\Pipeline\\Pipeline->then(Object(Closure))
#35 C:\\laragon6\\www\\saudix\\vendor\\laravel\\framework\\src\\Illuminate\\Routing\\Router.php(776): Illuminate\\Routing\\Router->runRouteWithinStack(Object(Illuminate\\Routing\\Route), Object(Illuminate\\Http\\Request))
#36 C:\\laragon6\\www\\saudix\\vendor\\laravel\\framework\\src\\Illuminate\\Routing\\Router.php(740): Illuminate\\Routing\\Router->runRoute(Object(Illuminate\\Http\\Request), Object(Illuminate\\Routing\\Route))
#37 C:\\laragon6\\www\\saudix\\vendor\\laravel\\framework\\src\\Illuminate\\Routing\\Router.php(729): Illuminate\\Routing\\Router->dispatchToRoute(Object(Illuminate\\Http\\Request))
#38 C:\\laragon6\\www\\saudix\\vendor\\laravel\\framework\\src\\Illuminate\\Foundation\\Http\\Kernel.php(190): Illuminate\\Routing\\Router->dispatch(Object(Illuminate\\Http\\Request))
#39 C:\\laragon6\\www\\saudix\\vendor\\laravel\\framework\\src\\Illuminate\\Pipeline\\Pipeline.php(141): Illuminate\\Foundation\\Http\\Kernel->Illuminate\\Foundation\\Http\\{closure}(Object(Illuminate\\Http\\Request))
#40 C:\\laragon6\\www\\saudix\\vendor\\barryvdh\\laravel-debugbar\\src\\Middleware\\InjectDebugbar.php(66): Illuminate\\Pipeline\\Pipeline->Illuminate\\Pipeline\\{closure}(Object(Illuminate\\Http\\Request))
#41 C:\\laragon6\\www\\saudix\\vendor\\laravel\\framework\\src\\Illuminate\\Pipeline\\Pipeline.php(180): Barryvdh\\Debugbar\\Middleware\\InjectDebugbar->handle(Object(Illuminate\\Http\\Request), Object(Closure))
#42 C:\\laragon6\\www\\saudix\\vendor\\laravel\\framework\\src\\Illuminate\\Http\\Middleware\\TrustHosts.php(48): Illuminate\\Pipeline\\Pipeline->Illuminate\\Pipeline\\{closure}(Object(Illuminate\\Http\\Request))
#43 C:\\laragon6\\www\\saudix\\vendor\\laravel\\framework\\src\\Illuminate\\Pipeline\\Pipeline.php(180): Illuminate\\Http\\Middleware\\TrustHosts->handle(Object(Illuminate\\Http\\Request), Object(Closure))
#44 C:\\laragon6\\www\\saudix\\vendor\\laravel\\framework\\src\\Illuminate\\Http\\Middleware\\HandleCors.php(49): Illuminate\\Pipeline\\Pipeline->Illuminate\\Pipeline\\{closure}(Object(Illuminate\\Http\\Request))
#45 C:\\laragon6\\www\\saudix\\vendor\\laravel\\framework\\src\\Illuminate\\Pipeline\\Pipeline.php(180): Illuminate\\Http\\Middleware\\HandleCors->handle(Object(Illuminate\\Http\\Request), Object(Closure))
#46 C:\\laragon6\\www\\saudix\\vendor\\laravel\\framework\\src\\Illuminate\\Http\\Middleware\\TrustProxies.php(39): Illuminate\\Pipeline\\Pipeline->Illuminate\\Pipeline\\{closure}(Object(Illuminate\\Http\\Request))
#47 C:\\laragon6\\www\\saudix\\vendor\\laravel\\framework\\src\\Illuminate\\Pipeline\\Pipeline.php(180): Illuminate\\Http\\Middleware\\TrustProxies->handle(Object(Illuminate\\Http\\Request), Object(Closure))
#48 C:\\laragon6\\www\\saudix\\app\\Http\\Middleware\\ServerActive.php(34): Illuminate\\Pipeline\\Pipeline->Illuminate\\Pipeline\\{closure}(Object(Illuminate\\Http\\Request))
#49 C:\\laragon6\\www\\saudix\\vendor\\laravel\\framework\\src\\Illuminate\\Pipeline\\Pipeline.php(180): App\\Http\\Middleware\\ServerActive->handle(Object(Illuminate\\Http\\Request), Object(Closure))
#50 C:\\laragon6\\www\\saudix\\vendor\\laravel\\framework\\src\\Illuminate\\Foundation\\Http\\Middleware\\PreventRequestsDuringMaintenance.php(86): Illuminate\\Pipeline\\Pipeline->Illuminate\\Pipeline\\{closure}(Object(Illuminate\\Http\\Request))
#51 C:\\laragon6\\www\\saudix\\vendor\\laravel\\framework\\src\\Illuminate\\Pipeline\\Pipeline.php(180): Illuminate\\Foundation\\Http\\Middleware\\PreventRequestsDuringMaintenance->handle(Object(Illuminate\\Http\\Request), Object(Closure))
#52 C:\\laragon6\\www\\saudix\\vendor\\laravel\\framework\\src\\Illuminate\\Pipeline\\Pipeline.php(116): Illuminate\\Pipeline\\Pipeline->Illuminate\\Pipeline\\{closure}(Object(Illuminate\\Http\\Request))
#53 C:\\laragon6\\www\\saudix\\vendor\\laravel\\framework\\src\\Illuminate\\Foundation\\Http\\Kernel.php(165): Illuminate\\Pipeline\\Pipeline->then(Object(Closure))
#54 C:\\laragon6\\www\\saudix\\vendor\\laravel\\framework\\src\\Illuminate\\Foundation\\Http\\Kernel.php(134): Illuminate\\Foundation\\Http\\Kernel->sendRequestThroughRouter(Object(Illuminate\\Http\\Request))
#55 C:\\laragon6\\www\\saudix\\public\\index.php(51): Illuminate\\Foundation\\Http\\Kernel->handle(Object(Illuminate\\Http\\Request))
#56 C:\\laragon6\\www\\saudix\\server.php(21): require_once('C:\\\\laragon6\\\\www...')
#57 {main}

[previous exception] [object] (Doctrine\\DBAL\\Driver\\PDO\\Exception(code: 2002): SQLSTATE[HY000] [2002] No connection could be made because the target machine actively refused it at C:\\laragon6\\www\\saudix\\vendor\\doctrine\\dbal\\lib\\Doctrine\\DBAL\\Driver\\PDO\\Exception.php:18)
[stacktrace]
#0 C:\\laragon6\\www\\saudix\\vendor\\doctrine\\dbal\\lib\\Doctrine\\DBAL\\Driver\\PDOConnection.php(44): Doctrine\\DBAL\\Driver\\PDO\\Exception::new(Object(PDOException))
#1 C:\\laragon6\\www\\saudix\\vendor\\laravel\\framework\\src\\Illuminate\\Database\\Connectors\\Connector.php(67): Doctrine\\DBAL\\Driver\\PDOConnection->__construct('mysql:host=127....', 'root', '', Array)
#2 C:\\laragon6\\www\\saudix\\vendor\\laravel\\framework\\src\\Illuminate\\Database\\Connectors\\Connector.php(45): Illuminate\\Database\\Connectors\\Connector->createPdoConnection('mysql:host=127....', 'root', '', Array)
#3 C:\\laragon6\\www\\saudix\\vendor\\laravel\\framework\\src\\Illuminate\\Database\\Connectors\\MySqlConnector.php(24): Illuminate\\Database\\Connectors\\Connector->createConnection('mysql:host=127....', Array, Array)
#4 C:\\laragon6\\www\\saudix\\vendor\\laravel\\framework\\src\\Illuminate\\Database\\Connectors\\ConnectionFactory.php(184): Illuminate\\Database\\Connectors\\MySqlConnector->connect(Array)
#5 [internal function]: Illuminate\\Database\\Connectors\\ConnectionFactory->Illuminate\\Database\\Connectors\\{closure}()
#6 C:\\laragon6\\www\\saudix\\vendor\\laravel\\framework\\src\\Illuminate\\Database\\Connection.php(1181): call_user_func(Object(Closure))
#7 C:\\laragon6\\www\\saudix\\vendor\\laravel\\framework\\src\\Illuminate\\Database\\Connection.php(1217): Illuminate\\Database\\Connection->getPdo()
#8 C:\\laragon6\\www\\saudix\\vendor\\laravel\\framework\\src\\Illuminate\\Database\\Connection.php(486): Illuminate\\Database\\Connection->getReadPdo()
#9 C:\\laragon6\\www\\saudix\\vendor\\laravel\\framework\\src\\Illuminate\\Database\\Connection.php(414): Illuminate\\Database\\Connection->getPdoForSelect(true)
#10 C:\\laragon6\\www\\saudix\\vendor\\laravel\\framework\\src\\Illuminate\\Database\\Connection.php(753): Illuminate\\Database\\Connection->Illuminate\\Database\\{closure}('select * from `...', Array)
#11 C:\\laragon6\\www\\saudix\\vendor\\laravel\\framework\\src\\Illuminate\\Database\\Connection.php(720): Illuminate\\Database\\Connection->runQueryCallback('select * from `...', Array, Object(Closure))
#12 C:\\laragon6\\www\\saudix\\vendor\\laravel\\framework\\src\\Illuminate\\Database\\Connection.php(405): Illuminate\\Database\\Connection->run('select * from `...', Array, Object(Closure))
#13 C:\\laragon6\\www\\saudix\\vendor\\laravel\\framework\\src\\Illuminate\\Database\\Query\\Builder.php(2705): Illuminate\\Database\\Connection->select('select * from `...', Array, true)
#14 C:\\laragon6\\www\\saudix\\vendor\\laravel\\framework\\src\\Illuminate\\Database\\Query\\Builder.php(2694): Illuminate\\Database\\Query\\Builder->runSelect()
#15 C:\\laragon6\\www\\saudix\\vendor\\laravel\\framework\\src\\Illuminate\\Database\\Query\\Builder.php(3230): Illuminate\\Database\\Query\\Builder->Illuminate\\Database\\Query\\{closure}()
#16 C:\\laragon6\\www\\saudix\\vendor\\laravel\\framework\\src\\Illuminate\\Database\\Query\\Builder.php(2693): Illuminate\\Database\\Query\\Builder->onceWithColumns(Array, Object(Closure))
#17 C:\\laragon6\\www\\saudix\\vendor\\laravel\\framework\\src\\Illuminate\\Database\\Concerns\\BuildsQueries.php(296): Illuminate\\Database\\Query\\Builder->get(Array)
#18 C:\\laragon6\\www\\saudix\\Tobuli\\Helpers\\Settings\\SettingsDB.php(26): Illuminate\\Database\\Query\\Builder->first()
#19 C:\\laragon6\\www\\saudix\\vendor\\laravel\\framework\\src\\Illuminate\\Cache\\Repository.php(397): Tobuli\\Helpers\\Settings\\SettingsDB->Tobuli\\Helpers\\Settings\\{closure}()
#20 C:\\laragon6\\www\\saudix\\Tobuli\\Helpers\\Settings\\SettingsDB.php(25): Illuminate\\Cache\\Repository->remember('settings.main_s...', 900, Object(Closure))
#21 C:\\laragon6\\www\\saudix\\Tobuli\\Helpers\\Settings\\Settings.php(93): Tobuli\\Helpers\\Settings\\SettingsDB->_has('main_settings')
#22 C:\\laragon6\\www\\saudix\\Tobuli\\Helpers\\Settings\\Settings.php(30): Tobuli\\Helpers\\Settings\\Settings->withParent('main_settings')
#23 C:\\laragon6\\www\\saudix\\vendor\\laravel\\framework\\src\\Illuminate\\Cache\\Repository.php(438): Tobuli\\Helpers\\Settings\\Settings->Tobuli\\Helpers\\Settings\\{closure}()
#24 C:\\laragon6\\www\\saudix\\Tobuli\\Helpers\\Settings\\Settings.php(27): Illuminate\\Cache\\Repository->rememberForever('SettingsDBmain_...', Object(Closure))
#25 C:\\laragon6\\www\\saudix\\Tobuli\\Helpers\\Settings\\helper.php(16): Tobuli\\Helpers\\Settings\\Settings->get('main_settings')
#26 C:\\laragon6\\www\\saudix\\Tobuli\\Services\\AppearanceService.php(219): settings('main_settings')
#27 C:\\laragon6\\www\\saudix\\Tobuli\\Services\\AppearanceService.php(88): Tobuli\\Services\\AppearanceService->loadSettings()
#28 C:\\laragon6\\www\\saudix\\Tobuli\\Services\\AppearanceService.php(77): Tobuli\\Services\\AppearanceService->getSettings()
#29 C:\\laragon6\\www\\saudix\\app\\Http\\Middleware\\SetLang.php(54): Tobuli\\Services\\AppearanceService->getSetting('default_languag...')
#30 C:\\laragon6\\www\\saudix\\vendor\\laravel\\framework\\src\\Illuminate\\Pipeline\\Pipeline.php(180): App\\Http\\Middleware\\SetLang->handle(Object(Illuminate\\Http\\Request), Object(Closure))
#31 C:\\laragon6\\www\\saudix\\app\\Http\\Middleware\\RefreshToken.php(21): Illuminate\\Pipeline\\Pipeline->Illuminate\\Pipeline\\{closure}(Object(Illuminate\\Http\\Request))
#32 C:\\laragon6\\www\\saudix\\vendor\\laravel\\framework\\src\\Illuminate\\Pipeline\\Pipeline.php(180): App\\Http\\Middleware\\RefreshToken->handle(Object(Illuminate\\Http\\Request), Object(Closure))
#33 C:\\laragon6\\www\\saudix\\app\\Http\\Middleware\\Referer.php(46): Illuminate\\Pipeline\\Pipeline->Illuminate\\Pipeline\\{closure}(Object(Illuminate\\Http\\Request))
#34 C:\\laragon6\\www\\saudix\\vendor\\laravel\\framework\\src\\Illuminate\\Pipeline\\Pipeline.php(180): App\\Http\\Middleware\\Referer->handle(Object(Illuminate\\Http\\Request), Object(Closure))
#35 C:\\laragon6\\www\\saudix\\vendor\\laravel\\framework\\src\\Illuminate\\View\\Middleware\\ShareErrorsFromSession.php(49): Illuminate\\Pipeline\\Pipeline->Illuminate\\Pipeline\\{closure}(Object(Illuminate\\Http\\Request))
#36 C:\\laragon6\\www\\saudix\\vendor\\laravel\\framework\\src\\Illuminate\\Pipeline\\Pipeline.php(180): Illuminate\\View\\Middleware\\ShareErrorsFromSession->handle(Object(Illuminate\\Http\\Request), Object(Closure))
#37 C:\\laragon6\\www\\saudix\\vendor\\laravel\\framework\\src\\Illuminate\\Session\\Middleware\\StartSession.php(121): Illuminate\\Pipeline\\Pipeline->Illuminate\\Pipeline\\{closure}(Object(Illuminate\\Http\\Request))
#38 C:\\laragon6\\www\\saudix\\vendor\\laravel\\framework\\src\\Illuminate\\Session\\Middleware\\StartSession.php(64): Illuminate\\Session\\Middleware\\StartSession->handleStatefulRequest(Object(Illuminate\\Http\\Request), Object(Illuminate\\Session\\Store), Object(Closure))
#39 C:\\laragon6\\www\\saudix\\vendor\\laravel\\framework\\src\\Illuminate\\Pipeline\\Pipeline.php(180): Illuminate\\Session\\Middleware\\StartSession->handle(Object(Illuminate\\Http\\Request), Object(Closure))
#40 C:\\laragon6\\www\\saudix\\vendor\\laravel\\framework\\src\\Illuminate\\Cookie\\Middleware\\AddQueuedCookiesToResponse.php(37): Illuminate\\Pipeline\\Pipeline->Illuminate\\Pipeline\\{closure}(Object(Illuminate\\Http\\Request))
#41 C:\\laragon6\\www\\saudix\\vendor\\laravel\\framework\\src\\Illuminate\\Pipeline\\Pipeline.php(180): Illuminate\\Cookie\\Middleware\\AddQueuedCookiesToResponse->handle(Object(Illuminate\\Http\\Request), Object(Closure))
#42 C:\\laragon6\\www\\saudix\\vendor\\laravel\\framework\\src\\Illuminate\\Cookie\\Middleware\\EncryptCookies.php(67): Illuminate\\Pipeline\\Pipeline->Illuminate\\Pipeline\\{closure}(Object(Illuminate\\Http\\Request))
#43 C:\\laragon6\\www\\saudix\\vendor\\laravel\\framework\\src\\Illuminate\\Pipeline\\Pipeline.php(180): Illuminate\\Cookie\\Middleware\\EncryptCookies->handle(Object(Illuminate\\Http\\Request), Object(Closure))
#44 C:\\laragon6\\www\\saudix\\vendor\\laravel\\framework\\src\\Illuminate\\Pipeline\\Pipeline.php(116): Illuminate\\Pipeline\\Pipeline->Illuminate\\Pipeline\\{closure}(Object(Illuminate\\Http\\Request))
#45 C:\\laragon6\\www\\saudix\\vendor\\laravel\\framework\\src\\Illuminate\\Routing\\Router.php(797): Illuminate\\Pipeline\\Pipeline->then(Object(Closure))
#46 C:\\laragon6\\www\\saudix\\vendor\\laravel\\framework\\src\\Illuminate\\Routing\\Router.php(776): Illuminate\\Routing\\Router->runRouteWithinStack(Object(Illuminate\\Routing\\Route), Object(Illuminate\\Http\\Request))
#47 C:\\laragon6\\www\\saudix\\vendor\\laravel\\framework\\src\\Illuminate\\Routing\\Router.php(740): Illuminate\\Routing\\Router->runRoute(Object(Illuminate\\Http\\Request), Object(Illuminate\\Routing\\Route))
#48 C:\\laragon6\\www\\saudix\\vendor\\laravel\\framework\\src\\Illuminate\\Routing\\Router.php(729): Illuminate\\Routing\\Router->dispatchToRoute(Object(Illuminate\\Http\\Request))
#49 C:\\laragon6\\www\\saudix\\vendor\\laravel\\framework\\src\\Illuminate\\Foundation\\Http\\Kernel.php(190): Illuminate\\Routing\\Router->dispatch(Object(Illuminate\\Http\\Request))
#50 C:\\laragon6\\www\\saudix\\vendor\\laravel\\framework\\src\\Illuminate\\Pipeline\\Pipeline.php(141): Illuminate\\Foundation\\Http\\Kernel->Illuminate\\Foundation\\Http\\{closure}(Object(Illuminate\\Http\\Request))
#51 C:\\laragon6\\www\\saudix\\vendor\\barryvdh\\laravel-debugbar\\src\\Middleware\\InjectDebugbar.php(66): Illuminate\\Pipeline\\Pipeline->Illuminate\\Pipeline\\{closure}(Object(Illuminate\\Http\\Request))
#52 C:\\laragon6\\www\\saudix\\vendor\\laravel\\framework\\src\\Illuminate\\Pipeline\\Pipeline.php(180): Barryvdh\\Debugbar\\Middleware\\InjectDebugbar->handle(Object(Illuminate\\Http\\Request), Object(Closure))
#53 C:\\laragon6\\www\\saudix\\vendor\\laravel\\framework\\src\\Illuminate\\Http\\Middleware\\TrustHosts.php(48): Illuminate\\Pipeline\\Pipeline->Illuminate\\Pipeline\\{closure}(Object(Illuminate\\Http\\Request))
#54 C:\\laragon6\\www\\saudix\\vendor\\laravel\\framework\\src\\Illuminate\\Pipeline\\Pipeline.php(180): Illuminate\\Http\\Middleware\\TrustHosts->handle(Object(Illuminate\\Http\\Request), Object(Closure))
#55 C:\\laragon6\\www\\saudix\\vendor\\laravel\\framework\\src\\Illuminate\\Http\\Middleware\\HandleCors.php(49): Illuminate\\Pipeline\\Pipeline->Illuminate\\Pipeline\\{closure}(Object(Illuminate\\Http\\Request))
#56 C:\\laragon6\\www\\saudix\\vendor\\laravel\\framework\\src\\Illuminate\\Pipeline\\Pipeline.php(180): Illuminate\\Http\\Middleware\\HandleCors->handle(Object(Illuminate\\Http\\Request), Object(Closure))
#57 C:\\laragon6\\www\\saudix\\vendor\\laravel\\framework\\src\\Illuminate\\Http\\Middleware\\TrustProxies.php(39): Illuminate\\Pipeline\\Pipeline->Illuminate\\Pipeline\\{closure}(Object(Illuminate\\Http\\Request))
#58 C:\\laragon6\\www\\saudix\\vendor\\laravel\\framework\\src\\Illuminate\\Pipeline\\Pipeline.php(180): Illuminate\\Http\\Middleware\\TrustProxies->handle(Object(Illuminate\\Http\\Request), Object(Closure))
#59 C:\\laragon6\\www\\saudix\\app\\Http\\Middleware\\ServerActive.php(34): Illuminate\\Pipeline\\Pipeline->Illuminate\\Pipeline\\{closure}(Object(Illuminate\\Http\\Request))
#60 C:\\laragon6\\www\\saudix\\vendor\\laravel\\framework\\src\\Illuminate\\Pipeline\\Pipeline.php(180): App\\Http\\Middleware\\ServerActive->handle(Object(Illuminate\\Http\\Request), Object(Closure))
#61 C:\\laragon6\\www\\saudix\\vendor\\laravel\\framework\\src\\Illuminate\\Foundation\\Http\\Middleware\\PreventRequestsDuringMaintenance.php(86): Illuminate\\Pipeline\\Pipeline->Illuminate\\Pipeline\\{closure}(Object(Illuminate\\Http\\Request))
#62 C:\\laragon6\\www\\saudix\\vendor\\laravel\\framework\\src\\Illuminate\\Pipeline\\Pipeline.php(180): Illuminate\\Foundation\\Http\\Middleware\\PreventRequestsDuringMaintenance->handle(Object(Illuminate\\Http\\Request), Object(Closure))
#63 C:\\laragon6\\www\\saudix\\vendor\\laravel\\framework\\src\\Illuminate\\Pipeline\\Pipeline.php(116): Illuminate\\Pipeline\\Pipeline->Illuminate\\Pipeline\\{closure}(Object(Illuminate\\Http\\Request))
#64 C:\\laragon6\\www\\saudix\\vendor\\laravel\\framework\\src\\Illuminate\\Foundation\\Http\\Kernel.php(165): Illuminate\\Pipeline\\Pipeline->then(Object(Closure))
#65 C:\\laragon6\\www\\saudix\\vendor\\laravel\\framework\\src\\Illuminate\\Foundation\\Http\\Kernel.php(134): Illuminate\\Foundation\\Http\\Kernel->sendRequestThroughRouter(Object(Illuminate\\Http\\Request))
#66 C:\\laragon6\\www\\saudix\\public\\index.php(51): Illuminate\\Foundation\\Http\\Kernel->handle(Object(Illuminate\\Http\\Request))
#67 C:\\laragon6\\www\\saudix\\server.php(21): require_once('C:\\\\laragon6\\\\www...')
#68 {main}

[previous exception] [object] (PDOException(code: 2002): SQLSTATE[HY000] [2002] No connection could be made because the target machine actively refused it at C:\\laragon6\\www\\saudix\\vendor\\doctrine\\dbal\\lib\\Doctrine\\DBAL\\Driver\\PDOConnection.php:40)
[stacktrace]
#0 C:\\laragon6\\www\\saudix\\vendor\\doctrine\\dbal\\lib\\Doctrine\\DBAL\\Driver\\PDOConnection.php(40): PDO->__construct('mysql:host=127....', 'root', Object(SensitiveParameterValue), Array)
#1 C:\\laragon6\\www\\saudix\\vendor\\laravel\\framework\\src\\Illuminate\\Database\\Connectors\\Connector.php(67): Doctrine\\DBAL\\Driver\\PDOConnection->__construct('mysql:host=127....', 'root', '', Array)
#2 C:\\laragon6\\www\\saudix\\vendor\\laravel\\framework\\src\\Illuminate\\Database\\Connectors\\Connector.php(45): Illuminate\\Database\\Connectors\\Connector->createPdoConnection('mysql:host=127....', 'root', '', Array)
#3 C:\\laragon6\\www\\saudix\\vendor\\laravel\\framework\\src\\Illuminate\\Database\\Connectors\\MySqlConnector.php(24): Illuminate\\Database\\Connectors\\Connector->createConnection('mysql:host=127....', Array, Array)
#4 C:\\laragon6\\www\\saudix\\vendor\\laravel\\framework\\src\\Illuminate\\Database\\Connectors\\ConnectionFactory.php(184): Illuminate\\Database\\Connectors\\MySqlConnector->connect(Array)
#5 [internal function]: Illuminate\\Database\\Connectors\\ConnectionFactory->Illuminate\\Database\\Connectors\\{closure}()
#6 C:\\laragon6\\www\\saudix\\vendor\\laravel\\framework\\src\\Illuminate\\Database\\Connection.php(1181): call_user_func(Object(Closure))
#7 C:\\laragon6\\www\\saudix\\vendor\\laravel\\framework\\src\\Illuminate\\Database\\Connection.php(1217): Illuminate\\Database\\Connection->getPdo()
#8 C:\\laragon6\\www\\saudix\\vendor\\laravel\\framework\\src\\Illuminate\\Database\\Connection.php(486): Illuminate\\Database\\Connection->getReadPdo()
#9 C:\\laragon6\\www\\saudix\\vendor\\laravel\\framework\\src\\Illuminate\\Database\\Connection.php(414): Illuminate\\Database\\Connection->getPdoForSelect(true)
#10 C:\\laragon6\\www\\saudix\\vendor\\laravel\\framework\\src\\Illuminate\\Database\\Connection.php(753): Illuminate\\Database\\Connection->Illuminate\\Database\\{closure}('select * from `...', Array)
#11 C:\\laragon6\\www\\saudix\\vendor\\laravel\\framework\\src\\Illuminate\\Database\\Connection.php(720): Illuminate\\Database\\Connection->runQueryCallback('select * from `...', Array, Object(Closure))
#12 C:\\laragon6\\www\\saudix\\vendor\\laravel\\framework\\src\\Illuminate\\Database\\Connection.php(405): Illuminate\\Database\\Connection->run('select * from `...', Array, Object(Closure))
#13 C:\\laragon6\\www\\saudix\\vendor\\laravel\\framework\\src\\Illuminate\\Database\\Query\\Builder.php(2705): Illuminate\\Database\\Connection->select('select * from `...', Array, true)
#14 C:\\laragon6\\www\\saudix\\vendor\\laravel\\framework\\src\\Illuminate\\Database\\Query\\Builder.php(2694): Illuminate\\Database\\Query\\Builder->runSelect()
#15 C:\\laragon6\\www\\saudix\\vendor\\laravel\\framework\\src\\Illuminate\\Database\\Query\\Builder.php(3230): Illuminate\\Database\\Query\\Builder->Illuminate\\Database\\Query\\{closure}()
#16 C:\\laragon6\\www\\saudix\\vendor\\laravel\\framework\\src\\Illuminate\\Database\\Query\\Builder.php(2693): Illuminate\\Database\\Query\\Builder->onceWithColumns(Array, Object(Closure))
#17 C:\\laragon6\\www\\saudix\\vendor\\laravel\\framework\\src\\Illuminate\\Database\\Concerns\\BuildsQueries.php(296): Illuminate\\Database\\Query\\Builder->get(Array)
#18 C:\\laragon6\\www\\saudix\\Tobuli\\Helpers\\Settings\\SettingsDB.php(26): Illuminate\\Database\\Query\\Builder->first()
#19 C:\\laragon6\\www\\saudix\\vendor\\laravel\\framework\\src\\Illuminate\\Cache\\Repository.php(397): Tobuli\\Helpers\\Settings\\SettingsDB->Tobuli\\Helpers\\Settings\\{closure}()
#20 C:\\laragon6\\www\\saudix\\Tobuli\\Helpers\\Settings\\SettingsDB.php(25): Illuminate\\Cache\\Repository->remember('settings.main_s...', 900, Object(Closure))
#21 C:\\laragon6\\www\\saudix\\Tobuli\\Helpers\\Settings\\Settings.php(93): Tobuli\\Helpers\\Settings\\SettingsDB->_has('main_settings')
#22 C:\\laragon6\\www\\saudix\\Tobuli\\Helpers\\Settings\\Settings.php(30): Tobuli\\Helpers\\Settings\\Settings->withParent('main_settings')
#23 C:\\laragon6\\www\\saudix\\vendor\\laravel\\framework\\src\\Illuminate\\Cache\\Repository.php(438): Tobuli\\Helpers\\Settings\\Settings->Tobuli\\Helpers\\Settings\\{closure}()
#24 C:\\laragon6\\www\\saudix\\Tobuli\\Helpers\\Settings\\Settings.php(27): Illuminate\\Cache\\Repository->rememberForever('SettingsDBmain_...', Object(Closure))
#25 C:\\laragon6\\www\\saudix\\Tobuli\\Helpers\\Settings\\helper.php(16): Tobuli\\Helpers\\Settings\\Settings->get('main_settings')
#26 C:\\laragon6\\www\\saudix\\Tobuli\\Services\\AppearanceService.php(219): settings('main_settings')
#27 C:\\laragon6\\www\\saudix\\Tobuli\\Services\\AppearanceService.php(88): Tobuli\\Services\\AppearanceService->loadSettings()
#28 C:\\laragon6\\www\\saudix\\Tobuli\\Services\\AppearanceService.php(77): Tobuli\\Services\\AppearanceService->getSettings()
#29 C:\\laragon6\\www\\saudix\\app\\Http\\Middleware\\SetLang.php(54): Tobuli\\Services\\AppearanceService->getSetting('default_languag...')
#30 C:\\laragon6\\www\\saudix\\vendor\\laravel\\framework\\src\\Illuminate\\Pipeline\\Pipeline.php(180): App\\Http\\Middleware\\SetLang->handle(Object(Illuminate\\Http\\Request), Object(Closure))
#31 C:\\laragon6\\www\\saudix\\app\\Http\\Middleware\\RefreshToken.php(21): Illuminate\\Pipeline\\Pipeline->Illuminate\\Pipeline\\{closure}(Object(Illuminate\\Http\\Request))
#32 C:\\laragon6\\www\\saudix\\vendor\\laravel\\framework\\src\\Illuminate\\Pipeline\\Pipeline.php(180): App\\Http\\Middleware\\RefreshToken->handle(Object(Illuminate\\Http\\Request), Object(Closure))
#33 C:\\laragon6\\www\\saudix\\app\\Http\\Middleware\\Referer.php(46): Illuminate\\Pipeline\\Pipeline->Illuminate\\Pipeline\\{closure}(Object(Illuminate\\Http\\Request))
#34 C:\\laragon6\\www\\saudix\\vendor\\laravel\\framework\\src\\Illuminate\\Pipeline\\Pipeline.php(180): App\\Http\\Middleware\\Referer->handle(Object(Illuminate\\Http\\Request), Object(Closure))
#35 C:\\laragon6\\www\\saudix\\vendor\\laravel\\framework\\src\\Illuminate\\View\\Middleware\\ShareErrorsFromSession.php(49): Illuminate\\Pipeline\\Pipeline->Illuminate\\Pipeline\\{closure}(Object(Illuminate\\Http\\Request))
#36 C:\\laragon6\\www\\saudix\\vendor\\laravel\\framework\\src\\Illuminate\\Pipeline\\Pipeline.php(180): Illuminate\\View\\Middleware\\ShareErrorsFromSession->handle(Object(Illuminate\\Http\\Request), Object(Closure))
#37 C:\\laragon6\\www\\saudix\\vendor\\laravel\\framework\\src\\Illuminate\\Session\\Middleware\\StartSession.php(121): Illuminate\\Pipeline\\Pipeline->Illuminate\\Pipeline\\{closure}(Object(Illuminate\\Http\\Request))
#38 C:\\laragon6\\www\\saudix\\vendor\\laravel\\framework\\src\\Illuminate\\Session\\Middleware\\StartSession.php(64): Illuminate\\Session\\Middleware\\StartSession->handleStatefulRequest(Object(Illuminate\\Http\\Request), Object(Illuminate\\Session\\Store), Object(Closure))
#39 C:\\laragon6\\www\\saudix\\vendor\\laravel\\framework\\src\\Illuminate\\Pipeline\\Pipeline.php(180): Illuminate\\Session\\Middleware\\StartSession->handle(Object(Illuminate\\Http\\Request), Object(Closure))
#40 C:\\laragon6\\www\\saudix\\vendor\\laravel\\framework\\src\\Illuminate\\Cookie\\Middleware\\AddQueuedCookiesToResponse.php(37): Illuminate\\Pipeline\\Pipeline->Illuminate\\Pipeline\\{closure}(Object(Illuminate\\Http\\Request))
#41 C:\\laragon6\\www\\saudix\\vendor\\laravel\\framework\\src\\Illuminate\\Pipeline\\Pipeline.php(180): Illuminate\\Cookie\\Middleware\\AddQueuedCookiesToResponse->handle(Object(Illuminate\\Http\\Request), Object(Closure))
#42 C:\\laragon6\\www\\saudix\\vendor\\laravel\\framework\\src\\Illuminate\\Cookie\\Middleware\\EncryptCookies.php(67): Illuminate\\Pipeline\\Pipeline->Illuminate\\Pipeline\\{closure}(Object(Illuminate\\Http\\Request))
#43 C:\\laragon6\\www\\saudix\\vendor\\laravel\\framework\\src\\Illuminate\\Pipeline\\Pipeline.php(180): Illuminate\\Cookie\\Middleware\\EncryptCookies->handle(Object(Illuminate\\Http\\Request), Object(Closure))
#44 C:\\laragon6\\www\\saudix\\vendor\\laravel\\framework\\src\\Illuminate\\Pipeline\\Pipeline.php(116): Illuminate\\Pipeline\\Pipeline->Illuminate\\Pipeline\\{closure}(Object(Illuminate\\Http\\Request))
#45 C:\\laragon6\\www\\saudix\\vendor\\laravel\\framework\\src\\Illuminate\\Routing\\Router.php(797): Illuminate\\Pipeline\\Pipeline->then(Object(Closure))
#46 C:\\laragon6\\www\\saudix\\vendor\\laravel\\framework\\src\\Illuminate\\Routing\\Router.php(776): Illuminate\\Routing\\Router->runRouteWithinStack(Object(Illuminate\\Routing\\Route), Object(Illuminate\\Http\\Request))
#47 C:\\laragon6\\www\\saudix\\vendor\\laravel\\framework\\src\\Illuminate\\Routing\\Router.php(740): Illuminate\\Routing\\Router->runRoute(Object(Illuminate\\Http\\Request), Object(Illuminate\\Routing\\Route))
#48 C:\\laragon6\\www\\saudix\\vendor\\laravel\\framework\\src\\Illuminate\\Routing\\Router.php(729): Illuminate\\Routing\\Router->dispatchToRoute(Object(Illuminate\\Http\\Request))
#49 C:\\laragon6\\www\\saudix\\vendor\\laravel\\framework\\src\\Illuminate\\Foundation\\Http\\Kernel.php(190): Illuminate\\Routing\\Router->dispatch(Object(Illuminate\\Http\\Request))
#50 C:\\laragon6\\www\\saudix\\vendor\\laravel\\framework\\src\\Illuminate\\Pipeline\\Pipeline.php(141): Illuminate\\Foundation\\Http\\Kernel->Illuminate\\Foundation\\Http\\{closure}(Object(Illuminate\\Http\\Request))
#51 C:\\laragon6\\www\\saudix\\vendor\\barryvdh\\laravel-debugbar\\src\\Middleware\\InjectDebugbar.php(66): Illuminate\\Pipeline\\Pipeline->Illuminate\\Pipeline\\{closure}(Object(Illuminate\\Http\\Request))
#52 C:\\laragon6\\www\\saudix\\vendor\\laravel\\framework\\src\\Illuminate\\Pipeline\\Pipeline.php(180): Barryvdh\\Debugbar\\Middleware\\InjectDebugbar->handle(Object(Illuminate\\Http\\Request), Object(Closure))
#53 C:\\laragon6\\www\\saudix\\vendor\\laravel\\framework\\src\\Illuminate\\Http\\Middleware\\TrustHosts.php(48): Illuminate\\Pipeline\\Pipeline->Illuminate\\Pipeline\\{closure}(Object(Illuminate\\Http\\Request))
#54 C:\\laragon6\\www\\saudix\\vendor\\laravel\\framework\\src\\Illuminate\\Pipeline\\Pipeline.php(180): Illuminate\\Http\\Middleware\\TrustHosts->handle(Object(Illuminate\\Http\\Request), Object(Closure))
#55 C:\\laragon6\\www\\saudix\\vendor\\laravel\\framework\\src\\Illuminate\\Http\\Middleware\\HandleCors.php(49): Illuminate\\Pipeline\\Pipeline->Illuminate\\Pipeline\\{closure}(Object(Illuminate\\Http\\Request))
#56 C:\\laragon6\\www\\saudix\\vendor\\laravel\\framework\\src\\Illuminate\\Pipeline\\Pipeline.php(180): Illuminate\\Http\\Middleware\\HandleCors->handle(Object(Illuminate\\Http\\Request), Object(Closure))
#57 C:\\laragon6\\www\\saudix\\vendor\\laravel\\framework\\src\\Illuminate\\Http\\Middleware\\TrustProxies.php(39): Illuminate\\Pipeline\\Pipeline->Illuminate\\Pipeline\\{closure}(Object(Illuminate\\Http\\Request))
#58 C:\\laragon6\\www\\saudix\\vendor\\laravel\\framework\\src\\Illuminate\\Pipeline\\Pipeline.php(180): Illuminate\\Http\\Middleware\\TrustProxies->handle(Object(Illuminate\\Http\\Request), Object(Closure))
#59 C:\\laragon6\\www\\saudix\\app\\Http\\Middleware\\ServerActive.php(34): Illuminate\\Pipeline\\Pipeline->Illuminate\\Pipeline\\{closure}(Object(Illuminate\\Http\\Request))
#60 C:\\laragon6\\www\\saudix\\vendor\\laravel\\framework\\src\\Illuminate\\Pipeline\\Pipeline.php(180): App\\Http\\Middleware\\ServerActive->handle(Object(Illuminate\\Http\\Request), Object(Closure))
#61 C:\\laragon6\\www\\saudix\\vendor\\laravel\\framework\\src\\Illuminate\\Foundation\\Http\\Middleware\\PreventRequestsDuringMaintenance.php(86): Illuminate\\Pipeline\\Pipeline->Illuminate\\Pipeline\\{closure}(Object(Illuminate\\Http\\Request))
#62 C:\\laragon6\\www\\saudix\\vendor\\laravel\\framework\\src\\Illuminate\\Pipeline\\Pipeline.php(180): Illuminate\\Foundation\\Http\\Middleware\\PreventRequestsDuringMaintenance->handle(Object(Illuminate\\Http\\Request), Object(Closure))
#63 C:\\laragon6\\www\\saudix\\vendor\\laravel\\framework\\src\\Illuminate\\Pipeline\\Pipeline.php(116): Illuminate\\Pipeline\\Pipeline->Illuminate\\Pipeline\\{closure}(Object(Illuminate\\Http\\Request))
#64 C:\\laragon6\\www\\saudix\\vendor\\laravel\\framework\\src\\Illuminate\\Foundation\\Http\\Kernel.php(165): Illuminate\\Pipeline\\Pipeline->then(Object(Closure))
#65 C:\\laragon6\\www\\saudix\\vendor\\laravel\\framework\\src\\Illuminate\\Foundation\\Http\\Kernel.php(134): Illuminate\\Foundation\\Http\\Kernel->sendRequestThroughRouter(Object(Illuminate\\Http\\Request))
#66 C:\\laragon6\\www\\saudix\\public\\index.php(51): Illuminate\\Foundation\\Http\\Kernel->handle(Object(Illuminate\\Http\\Request))
#67 C:\\laragon6\\www\\saudix\\server.php(21): require_once('C:\\\\laragon6\\\\www...')
#68 {main}
"} 
[2025-10-24 20:55:48] local.ERROR: Invalid key supplied  
[2025-10-24 20:55:48] local.ERROR: Invalid key supplied  
[2025-10-24 20:55:52] local.ERROR: Invalid key supplied  
[2025-10-24 20:55:59] local.ERROR: Invalid key supplied  
[2025-10-24 20:56:05] local.ERROR: Invalid key supplied  
[2025-10-24 20:56:36] local.ERROR: Invalid key supplied  
[2025-10-24 20:56:46] local.ERROR: Invalid key supplied  
[2025-10-24 20:56:46] local.ERROR: Invalid key supplied  
[2025-10-24 20:56:56] local.ERROR: Invalid key supplied  
[2025-10-24 20:57:46] local.ERROR: Invalid key supplied  
[2025-10-24 20:57:46] local.ERROR: Invalid key supplied  
[2025-10-24 20:58:46] local.ERROR: Invalid key supplied  
[2025-10-24 20:58:46] local.ERROR: Invalid key supplied  
[2025-10-24 20:59:45] local.ERROR: Invalid key supplied  
[2025-10-24 20:59:46] local.ERROR: Invalid key supplied  
[2025-10-24 20:59:46] local.ERROR: Invalid key supplied  
[2025-10-24 21:00:44] local.ERROR: Invalid key supplied  
[2025-10-24 21:00:44] local.ERROR: Invalid key supplied  
[2025-10-24 21:00:47] local.ERROR: Invalid key supplied  
[2025-10-24 21:01:21] local.ERROR: Invalid key supplied  
[2025-10-24 21:01:44] local.ERROR: Invalid key supplied  
[2025-10-24 21:01:44] local.ERROR: Invalid key supplied  
[2025-10-24 21:02:44] local.ERROR: Invalid key supplied  
[2025-10-24 21:02:44] local.ERROR: Invalid key supplied  
[2025-10-24 21:02:57] local.ERROR: Invalid key supplied  
[2025-10-24 21:03:44] local.ERROR: Invalid key supplied  
[2025-10-24 21:03:44] local.ERROR: Invalid key supplied  
[2025-10-24 21:03:46] local.ERROR: Invalid key supplied  
[2025-10-24 21:03:49] local.ERROR: Invalid key supplied  
[2025-10-24 21:03:49] local.ERROR: Invalid key supplied  
[2025-10-24 21:03:52] local.ERROR: Invalid key supplied  
[2025-10-24 21:03:53] local.ERROR: Invalid key supplied  
[2025-10-24 21:03:54] local.ERROR: Invalid key supplied  
[2025-10-24 21:03:54] local.ERROR: Invalid key supplied  
[2025-10-24 21:03:56] local.ERROR: Invalid key supplied  
[2025-10-24 21:03:57] local.ERROR: Invalid key supplied  
[2025-10-24 21:04:23] local.ERROR: Invalid key supplied  
[2025-10-24 21:04:44] local.ERROR: Invalid key supplied  
[2025-10-24 21:04:44] local.ERROR: Invalid key supplied  
[2025-10-24 21:04:53] local.ERROR: Invalid key supplied  
[2025-10-24 21:05:45] local.ERROR: Invalid key supplied  
[2025-10-24 21:05:45] local.ERROR: Invalid key supplied  
[2025-10-24 21:06:31] local.ERROR: Invalid key supplied  
[2025-10-24 21:06:44] local.ERROR: Invalid key supplied  
[2025-10-24 21:06:44] local.ERROR: Invalid key supplied  
[2025-10-24 21:07:22] local.ERROR: Invalid key supplied  
[2025-10-24 21:07:44] local.ERROR: Invalid key supplied  
[2025-10-24 21:07:44] local.ERROR: Invalid key supplied  
[2025-10-24 21:07:59] local.ERROR: Invalid key supplied  
[2025-10-24 21:08:44] local.ERROR: Invalid key supplied  
[2025-10-24 21:08:44] local.ERROR: Invalid key supplied  
[2025-10-24 21:09:43] local.ERROR: Invalid key supplied  
[2025-10-24 21:09:44] local.ERROR: Invalid key supplied  
[2025-10-24 21:09:44] local.ERROR: Invalid key supplied  
[2025-10-24 21:10:44] local.ERROR: Invalid key supplied  
[2025-10-24 21:10:44] local.ERROR: Invalid key supplied  
[2025-10-24 21:11:44] local.ERROR: Invalid key supplied  
[2025-10-24 21:11:44] local.ERROR: Invalid key supplied  
[2025-10-24 21:12:44] local.ERROR: Invalid key supplied  
[2025-10-24 21:12:44] local.ERROR: Invalid key supplied  
[2025-10-24 21:13:44] local.ERROR: Invalid key supplied  
[2025-10-24 21:13:44] local.ERROR: Invalid key supplied  
[2025-10-24 21:14:44] local.ERROR: Invalid key supplied  
[2025-10-24 21:14:44] local.ERROR: Invalid key supplied  
[2025-10-24 21:15:44] local.ERROR: Invalid key supplied  
[2025-10-24 21:15:44] local.ERROR: Invalid key supplied  
[2025-10-24 21:16:44] local.ERROR: Invalid key supplied  
[2025-10-24 21:16:44] local.ERROR: Invalid key supplied  
[2025-10-24 21:17:44] local.ERROR: Invalid key supplied  
[2025-10-24 21:17:44] local.ERROR: Invalid key supplied  
[2025-10-24 21:18:44] local.ERROR: Invalid key supplied  
[2025-10-24 21:18:44] local.ERROR: Invalid key supplied  
[2025-10-24 21:19:43] local.ERROR: Invalid key supplied  
[2025-10-24 21:19:44] local.ERROR: Invalid key supplied  
[2025-10-24 21:19:44] local.ERROR: Invalid key supplied  
[2025-10-24 21:20:44] local.ERROR: Invalid key supplied  
[2025-10-24 21:20:44] local.ERROR: Invalid key supplied  
[2025-10-24 21:21:44] local.ERROR: Invalid key supplied  
[2025-10-24 21:21:44] local.ERROR: Invalid key supplied  
[2025-10-24 21:22:44] local.ERROR: Invalid key supplied  
[2025-10-24 21:22:44] local.ERROR: Invalid key supplied  
[2025-10-24 21:23:44] local.ERROR: Invalid key supplied  
[2025-10-24 21:23:44] local.ERROR: Invalid key supplied  
[2025-10-24 21:24:44] local.ERROR: Invalid key supplied  
[2025-10-24 21:24:44] local.ERROR: Invalid key supplied  
[2025-10-24 21:25:44] local.ERROR: Invalid key supplied  
[2025-10-24 21:25:44] local.ERROR: Invalid key supplied  
[2025-10-24 21:26:44] local.ERROR: Invalid key supplied  
[2025-10-24 21:26:44] local.ERROR: Invalid key supplied  
[2025-10-24 21:27:44] local.ERROR: Invalid key supplied  
[2025-10-24 21:27:44] local.ERROR: Invalid key supplied  
[2025-10-24 21:28:44] local.ERROR: Invalid key supplied  
[2025-10-24 21:28:44] local.ERROR: Invalid key supplied  
[2025-10-24 21:29:43] local.ERROR: Invalid key supplied  
[2025-10-24 21:29:44] local.ERROR: Invalid key supplied  
[2025-10-24 21:29:44] local.ERROR: Invalid key supplied  
[2025-10-24 21:30:44] local.ERROR: Invalid key supplied  
[2025-10-24 21:30:44] local.ERROR: Invalid key supplied  
[2025-10-24 21:31:44] local.ERROR: Invalid key supplied  
[2025-10-24 21:31:44] local.ERROR: Invalid key supplied  
[2025-10-24 21:32:44] local.ERROR: Invalid key supplied  
[2025-10-24 21:32:44] local.ERROR: Invalid key supplied  
[2025-10-24 21:33:44] local.ERROR: Invalid key supplied  
[2025-10-24 21:33:44] local.ERROR: Invalid key supplied  
[2025-10-24 21:34:45] local.ERROR: Invalid key supplied  
[2025-10-24 21:34:45] local.ERROR: Invalid key supplied  
[2025-10-24 21:35:44] local.ERROR: Invalid key supplied  
[2025-10-24 21:35:44] local.ERROR: Invalid key supplied  
[2025-10-24 21:36:45] local.ERROR: Invalid key supplied  
[2025-10-24 21:36:45] local.ERROR: Invalid key supplied  
[2025-10-24 21:37:45] local.ERROR: Invalid key supplied  
[2025-10-24 21:37:45] local.ERROR: Invalid key supplied  
[2025-10-24 21:38:45] local.ERROR: Invalid key supplied  
[2025-10-24 21:38:45] local.ERROR: Invalid key supplied  
[2025-10-24 21:39:43] local.ERROR: Invalid key supplied  
[2025-10-24 21:39:45] local.ERROR: Invalid key supplied  
[2025-10-24 21:39:45] local.ERROR: Invalid key supplied  
[2025-10-24 21:40:45] local.ERROR: Invalid key supplied  
[2025-10-24 21:40:45] local.ERROR: Invalid key supplied  
[2025-10-24 21:41:45] local.ERROR: Invalid key supplied  
[2025-10-24 21:41:45] local.ERROR: Invalid key supplied  
[2025-10-24 21:42:45] local.ERROR: Invalid key supplied  
[2025-10-24 21:42:45] local.ERROR: Invalid key supplied  
[2025-10-24 21:43:45] local.ERROR: Invalid key supplied  
[2025-10-24 21:43:45] local.ERROR: Invalid key supplied  
[2025-10-24 21:44:45] local.ERROR: Invalid key supplied  
[2025-10-24 21:44:45] local.ERROR: Invalid key supplied  
[2025-10-24 21:45:45] local.ERROR: Invalid key supplied  
[2025-10-24 21:45:45] local.ERROR: Invalid key supplied  
[2025-10-24 21:46:45] local.ERROR: Invalid key supplied  
[2025-10-24 21:46:45] local.ERROR: Invalid key supplied  
[2025-10-24 21:47:45] local.ERROR: Invalid key supplied  
[2025-10-24 21:47:45] local.ERROR: Invalid key supplied  
[2025-10-24 21:48:45] local.ERROR: Invalid key supplied  
[2025-10-24 21:48:45] local.ERROR: Invalid key supplied  
[2025-10-24 21:49:43] local.ERROR: Invalid key supplied  
[2025-10-24 21:49:45] local.ERROR: Invalid key supplied  
[2025-10-24 21:49:45] local.ERROR: Invalid key supplied  
[2025-10-24 21:50:45] local.ERROR: Invalid key supplied  
[2025-10-24 21:50:45] local.ERROR: Invalid key supplied  
[2025-10-24 21:51:45] local.ERROR: Invalid key supplied  
[2025-10-24 21:51:45] local.ERROR: Invalid key supplied  
[2025-10-24 21:52:45] local.ERROR: Invalid key supplied  
[2025-10-24 21:52:45] local.ERROR: Invalid key supplied  
[2025-10-24 21:53:45] local.ERROR: Invalid key supplied  
[2025-10-24 21:53:45] local.ERROR: Invalid key supplied  
[2025-10-24 21:54:45] local.ERROR: Invalid key supplied  
[2025-10-24 21:54:45] local.ERROR: Invalid key supplied  
[2025-10-24 21:55:45] local.ERROR: Invalid key supplied  
[2025-10-24 21:55:45] local.ERROR: Invalid key supplied  
[2025-10-24 21:56:45] local.ERROR: Invalid key supplied  
[2025-10-24 21:56:45] local.ERROR: Invalid key supplied  
[2025-10-24 21:57:45] local.ERROR: Invalid key supplied  
[2025-10-24 21:57:45] local.ERROR: Invalid key supplied  
[2025-10-24 21:58:45] local.ERROR: Invalid key supplied  
[2025-10-24 21:58:45] local.ERROR: Invalid key supplied  
[2025-10-24 21:59:43] local.ERROR: Invalid key supplied  
[2025-10-24 21:59:45] local.ERROR: Invalid key supplied  
[2025-10-24 22:00:45] local.ERROR: Invalid key supplied  
[2025-10-24 22:00:45] local.ERROR: Invalid key supplied  
[2025-10-24 22:01:45] local.ERROR: Invalid key supplied  
[2025-10-24 22:01:45] local.ERROR: Invalid key supplied  
[2025-10-24 22:02:45] local.ERROR: Invalid key supplied  
[2025-10-24 22:02:45] local.ERROR: Invalid key supplied  
[2025-10-24 22:03:45] local.ERROR: Invalid key supplied  
[2025-10-24 22:03:45] local.ERROR: Invalid key supplied  
[2025-10-24 22:04:45] local.ERROR: Invalid key supplied  
[2025-10-24 22:04:45] local.ERROR: Invalid key supplied  
[2025-10-24 22:05:45] local.ERROR: Invalid key supplied  
[2025-10-24 22:06:45] local.ERROR: Invalid key supplied  
[2025-10-24 22:06:45] local.ERROR: Invalid key supplied  
[2025-10-24 22:07:45] local.ERROR: Invalid key supplied  
[2025-10-24 22:07:45] local.ERROR: Invalid key supplied  
[2025-10-24 22:08:45] local.ERROR: Invalid key supplied  
[2025-10-24 22:08:45] local.ERROR: Invalid key supplied  
[2025-10-24 22:09:43] local.ERROR: Invalid key supplied  
[2025-10-24 22:09:45] local.ERROR: Invalid key supplied  
[2025-10-24 22:09:45] local.ERROR: Invalid key supplied  
[2025-10-24 22:10:45] local.ERROR: Invalid key supplied  
[2025-10-24 22:10:45] local.ERROR: Invalid key supplied  
[2025-10-24 22:11:45] local.ERROR: Invalid key supplied  
[2025-10-24 22:11:45] local.ERROR: Invalid key supplied  
[2025-10-24 22:12:45] local.ERROR: Invalid key supplied  
[2025-10-24 22:12:45] local.ERROR: Invalid key supplied  
[2025-10-24 22:13:45] local.ERROR: Invalid key supplied  
[2025-10-24 22:14:45] local.ERROR: Invalid key supplied  
[2025-10-24 22:14:45] local.ERROR: Invalid key supplied  
[2025-10-24 22:15:45] local.ERROR: Invalid key supplied  
[2025-10-24 22:15:45] local.ERROR: Invalid key supplied  
[2025-10-24 22:16:45] local.ERROR: Invalid key supplied  
[2025-10-24 22:16:45] local.ERROR: Invalid key supplied  
[2025-10-24 22:17:45] local.ERROR: Invalid key supplied  
[2025-10-24 22:17:45] local.ERROR: Invalid key supplied  
[2025-10-24 22:18:45] local.ERROR: Invalid key supplied  
[2025-10-24 22:18:45] local.ERROR: Invalid key supplied  
[2025-10-24 22:19:43] local.ERROR: Invalid key supplied  
[2025-10-24 22:19:45] local.ERROR: Invalid key supplied  
[2025-10-24 22:19:45] local.ERROR: Invalid key supplied  
[2025-10-24 22:20:45] local.ERROR: Invalid key supplied  
[2025-10-24 22:20:45] local.ERROR: Invalid key supplied  
[2025-10-24 22:21:45] local.ERROR: Invalid key supplied  
[2025-10-24 22:21:45] local.ERROR: Invalid key supplied  
[2025-10-24 22:22:45] local.ERROR: Invalid key supplied  
[2025-10-24 22:22:45] local.ERROR: Invalid key supplied  
[2025-10-24 22:23:45] local.ERROR: Invalid key supplied  
[2025-10-24 22:23:45] local.ERROR: Invalid key supplied  
[2025-10-24 22:24:45] local.ERROR: Invalid key supplied  
[2025-10-24 22:24:45] local.ERROR: Invalid key supplied  
[2025-10-24 22:25:45] local.ERROR: Invalid key supplied  
[2025-10-24 22:25:45] local.ERROR: Invalid key supplied  
[2025-10-24 22:26:45] local.ERROR: Invalid key supplied  
[2025-10-24 22:26:45] local.ERROR: Invalid key supplied  
[2025-10-24 22:27:45] local.ERROR: Invalid key supplied  
[2025-10-24 22:27:45] local.ERROR: Invalid key supplied  
[2025-10-24 22:28:45] local.ERROR: Invalid key supplied  
[2025-10-24 22:28:45] local.ERROR: Invalid key supplied  
[2025-10-24 22:29:43] local.ERROR: Invalid key supplied  
[2025-10-24 22:29:45] local.ERROR: Invalid key supplied  
[2025-10-24 22:29:45] local.ERROR: Invalid key supplied  
[2025-10-24 22:30:45] local.ERROR: Invalid key supplied  
[2025-10-24 22:30:45] local.ERROR: Invalid key supplied  
[2025-10-24 22:31:45] local.ERROR: Invalid key supplied  
[2025-10-24 22:31:45] local.ERROR: Invalid key supplied  
[2025-10-24 22:32:45] local.ERROR: Invalid key supplied  
[2025-10-24 22:32:45] local.ERROR: Invalid key supplied  
[2025-10-24 22:33:45] local.ERROR: Invalid key supplied  
[2025-10-24 22:33:45] local.ERROR: Invalid key supplied  
[2025-10-24 22:34:45] local.ERROR: Invalid key supplied  
[2025-10-24 22:34:45] local.ERROR: Invalid key supplied  
[2025-10-24 22:35:45] local.ERROR: Invalid key supplied  
[2025-10-24 22:35:45] local.ERROR: Invalid key supplied  
[2025-10-24 22:36:45] local.ERROR: Invalid key supplied  
[2025-10-24 22:36:45] local.ERROR: Invalid key supplied  
[2025-10-24 22:37:45] local.ERROR: Invalid key supplied  
[2025-10-24 22:37:45] local.ERROR: Invalid key supplied  
[2025-10-24 22:38:45] local.ERROR: Invalid key supplied  
[2025-10-24 22:38:45] local.ERROR: Invalid key supplied  
[2025-10-24 22:39:43] local.ERROR: Invalid key supplied  
[2025-10-24 22:39:45] local.ERROR: Invalid key supplied  
[2025-10-24 22:39:45] local.ERROR: Invalid key supplied  
[2025-10-24 22:40:45] local.ERROR: Invalid key supplied  
[2025-10-24 22:40:45] local.ERROR: Invalid key supplied  
[2025-10-24 22:41:45] local.ERROR: Invalid key supplied  
[2025-10-24 22:41:45] local.ERROR: Invalid key supplied  
[2025-10-24 22:42:45] local.ERROR: Invalid key supplied  
[2025-10-24 22:42:45] local.ERROR: Invalid key supplied  
[2025-10-24 22:43:45] local.ERROR: Invalid key supplied  
[2025-10-24 22:43:45] local.ERROR: Invalid key supplied  
[2025-10-24 22:44:45] local.ERROR: Invalid key supplied  
[2025-10-24 22:44:45] local.ERROR: Invalid key supplied  
[2025-10-24 22:45:45] local.ERROR: Invalid key supplied  
[2025-10-24 22:45:45] local.ERROR: Invalid key supplied  
[2025-10-24 22:46:45] local.ERROR: Invalid key supplied  
[2025-10-24 22:46:45] local.ERROR: Invalid key supplied  
[2025-10-24 22:47:45] local.ERROR: Invalid key supplied  
[2025-10-24 22:47:45] local.ERROR: Invalid key supplied  
[2025-10-24 22:48:45] local.ERROR: Invalid key supplied  
[2025-10-24 22:48:45] local.ERROR: Invalid key supplied  
[2025-10-24 22:49:43] local.ERROR: Invalid key supplied  
[2025-10-24 22:49:45] local.ERROR: Invalid key supplied  
[2025-10-24 22:49:45] local.ERROR: Invalid key supplied  
[2025-10-24 22:50:45] local.ERROR: Invalid key supplied  
[2025-10-24 22:50:45] local.ERROR: Invalid key supplied  
[2025-10-24 22:51:45] local.ERROR: Invalid key supplied  
[2025-10-24 22:51:45] local.ERROR: Invalid key supplied  
[2025-10-24 22:52:45] local.ERROR: Invalid key supplied  
[2025-10-24 22:52:45] local.ERROR: Invalid key supplied  
[2025-10-24 22:53:45] local.ERROR: Invalid key supplied  
[2025-10-24 22:53:45] local.ERROR: Invalid key supplied  
[2025-10-24 22:54:45] local.ERROR: Invalid key supplied  
[2025-10-24 22:54:45] local.ERROR: Invalid key supplied  
[2025-10-24 22:55:45] local.ERROR: Invalid key supplied  
[2025-10-24 22:55:45] local.ERROR: Invalid key supplied  
[2025-10-24 22:56:45] local.ERROR: Invalid key supplied  
[2025-10-24 22:56:45] local.ERROR: Invalid key supplied  
[2025-10-24 22:57:45] local.ERROR: Invalid key supplied  
[2025-10-24 22:57:45] local.ERROR: Invalid key supplied  
[2025-10-24 22:58:45] local.ERROR: Invalid key supplied  
[2025-10-24 22:58:45] local.ERROR: Invalid key supplied  
[2025-10-24 22:59:43] local.ERROR: Invalid key supplied  
[2025-10-24 22:59:45] local.ERROR: Invalid key supplied  
[2025-10-24 22:59:45] local.ERROR: Invalid key supplied  
[2025-10-24 23:00:45] local.ERROR: Invalid key supplied  
[2025-10-24 23:00:45] local.ERROR: Invalid key supplied  
[2025-10-24 23:01:45] local.ERROR: Invalid key supplied  
[2025-10-24 23:01:45] local.ERROR: Invalid key supplied  
[2025-10-24 23:02:45] local.ERROR: Invalid key supplied  
[2025-10-24 23:02:45] local.ERROR: Invalid key supplied  
[2025-10-24 23:03:45] local.ERROR: Invalid key supplied  
[2025-10-24 23:03:45] local.ERROR: Invalid key supplied  
[2025-10-24 23:04:45] local.ERROR: Invalid key supplied  
[2025-10-24 23:04:45] local.ERROR: Invalid key supplied  
[2025-10-24 23:05:45] local.ERROR: Invalid key supplied  
[2025-10-24 23:05:45] local.ERROR: Invalid key supplied  
[2025-10-24 23:06:45] local.ERROR: Invalid key supplied  
[2025-10-24 23:06:45] local.ERROR: Invalid key supplied  
[2025-10-24 23:07:45] local.ERROR: Invalid key supplied  
[2025-10-24 23:07:45] local.ERROR: Invalid key supplied  
[2025-10-24 23:08:45] local.ERROR: Invalid key supplied  
[2025-10-24 23:08:45] local.ERROR: Invalid key supplied  
[2025-10-24 23:09:43] local.ERROR: Invalid key supplied  
[2025-10-24 23:09:45] local.ERROR: Invalid key supplied  
[2025-10-24 23:09:45] local.ERROR: Invalid key supplied  
[2025-10-24 23:10:45] local.ERROR: Invalid key supplied  
[2025-10-24 23:10:45] local.ERROR: Invalid key supplied  
[2025-10-24 23:11:45] local.ERROR: Invalid key supplied  
[2025-10-24 23:11:45] local.ERROR: Invalid key supplied  
[2025-10-24 23:12:45] local.ERROR: Invalid key supplied  
[2025-10-24 23:12:45] local.ERROR: Invalid key supplied  
[2025-10-24 23:13:45] local.ERROR: Invalid key supplied  
[2025-10-24 23:13:45] local.ERROR: Invalid key supplied  
[2025-10-24 23:14:45] local.ERROR: Invalid key supplied  
[2025-10-24 23:14:45] local.ERROR: Invalid key supplied  
[2025-10-24 23:15:45] local.ERROR: Invalid key supplied  
[2025-10-24 23:15:45] local.ERROR: Invalid key supplied  
[2025-10-24 23:16:45] local.ERROR: Invalid key supplied  
[2025-10-24 23:16:45] local.ERROR: Invalid key supplied  
[2025-10-24 23:17:45] local.ERROR: Invalid key supplied  
[2025-10-24 23:17:45] local.ERROR: Invalid key supplied  
[2025-10-24 23:18:45] local.ERROR: Invalid key supplied  
[2025-10-24 23:18:45] local.ERROR: Invalid key supplied  
[2025-10-24 23:19:43] local.ERROR: Invalid key supplied  
[2025-10-24 23:19:45] local.ERROR: Invalid key supplied  
[2025-10-24 23:19:45] local.ERROR: Invalid key supplied  
[2025-10-24 23:20:45] local.ERROR: Invalid key supplied  
[2025-10-24 23:20:45] local.ERROR: Invalid key supplied  
[2025-10-24 23:21:45] local.ERROR: Invalid key supplied  
[2025-10-24 23:21:45] local.ERROR: Invalid key supplied  
[2025-10-24 23:22:45] local.ERROR: Invalid key supplied  
[2025-10-24 23:22:45] local.ERROR: Invalid key supplied  
[2025-10-24 23:23:45] local.ERROR: Invalid key supplied  
[2025-10-24 23:23:45] local.ERROR: Invalid key supplied  
[2025-10-24 23:24:45] local.ERROR: Invalid key supplied  
[2025-10-24 23:24:45] local.ERROR: Invalid key supplied  
[2025-10-24 23:25:45] local.ERROR: Invalid key supplied  
[2025-10-24 23:25:45] local.ERROR: Invalid key supplied  
[2025-10-24 23:26:46] local.ERROR: Invalid key supplied  
[2025-10-24 23:26:46] local.ERROR: Invalid key supplied  
[2025-10-24 23:27:45] local.ERROR: Invalid key supplied  
[2025-10-24 23:27:45] local.ERROR: Invalid key supplied  
[2025-10-24 23:28:45] local.ERROR: Invalid key supplied  
[2025-10-24 23:28:45] local.ERROR: Invalid key supplied  
[2025-10-24 23:29:43] local.ERROR: Invalid key supplied  
[2025-10-24 23:29:45] local.ERROR: Invalid key supplied  
[2025-10-24 23:30:45] local.ERROR: Invalid key supplied  
[2025-10-24 23:30:45] local.ERROR: Invalid key supplied  
[2025-10-24 23:31:45] local.ERROR: Invalid key supplied  
[2025-10-24 23:31:45] local.ERROR: Invalid key supplied  
[2025-10-24 23:32:45] local.ERROR: Invalid key supplied  
[2025-10-24 23:32:45] local.ERROR: Invalid key supplied  
[2025-10-24 23:33:45] local.ERROR: Invalid key supplied  
[2025-10-24 23:33:45] local.ERROR: Invalid key supplied  
[2025-10-24 23:34:45] local.ERROR: Invalid key supplied  
[2025-10-24 23:34:45] local.ERROR: Invalid key supplied  
[2025-10-24 23:35:45] local.ERROR: Invalid key supplied  
[2025-10-24 23:35:45] local.ERROR: Invalid key supplied  
[2025-10-24 23:36:45] local.ERROR: Invalid key supplied  
[2025-10-24 23:36:45] local.ERROR: Invalid key supplied  
[2025-10-24 23:37:45] local.ERROR: Invalid key supplied  
[2025-10-24 23:37:45] local.ERROR: Invalid key supplied  
[2025-10-24 23:38:45] local.ERROR: Invalid key supplied  
[2025-10-24 23:38:45] local.ERROR: Invalid key supplied  
[2025-10-24 23:39:43] local.ERROR: Invalid key supplied  
[2025-10-24 23:39:45] local.ERROR: Invalid key supplied  
[2025-10-24 23:39:45] local.ERROR: Invalid key supplied  
[2025-10-24 23:40:46] local.ERROR: Invalid key supplied  
[2025-10-24 23:40:46] local.ERROR: Invalid key supplied  
[2025-10-24 23:41:45] local.ERROR: Invalid key supplied  
[2025-10-24 23:41:45] local.ERROR: Invalid key supplied  
[2025-10-24 23:42:46] local.ERROR: Invalid key supplied  
[2025-10-24 23:42:46] local.ERROR: Invalid key supplied  
[2025-10-24 23:43:46] local.ERROR: Invalid key supplied  
[2025-10-24 23:43:46] local.ERROR: Invalid key supplied  
[2025-10-24 23:44:46] local.ERROR: Invalid key supplied  
[2025-10-24 23:44:46] local.ERROR: Invalid key supplied  
[2025-10-24 23:45:45] local.ERROR: Invalid key supplied  
[2025-10-24 23:45:45] local.ERROR: Invalid key supplied  
[2025-10-24 23:46:46] local.ERROR: Invalid key supplied  
[2025-10-24 23:46:46] local.ERROR: Invalid key supplied  
[2025-10-24 23:47:46] local.ERROR: Invalid key supplied  
[2025-10-24 23:47:46] local.ERROR: Invalid key supplied  
[2025-10-24 23:48:45] local.ERROR: Invalid key supplied  
[2025-10-24 23:48:46] local.ERROR: Invalid key supplied  
[2025-10-24 23:49:43] local.ERROR: Invalid key supplied  
[2025-10-24 23:49:46] local.ERROR: Invalid key supplied  
[2025-10-24 23:49:46] local.ERROR: Invalid key supplied  
[2025-10-24 23:50:46] local.ERROR: Invalid key supplied  
[2025-10-24 23:50:46] local.ERROR: Invalid key supplied  
[2025-10-24 23:51:46] local.ERROR: Invalid key supplied  
[2025-10-24 23:51:46] local.ERROR: Invalid key supplied  
[2025-10-24 23:52:46] local.ERROR: Invalid key supplied  
[2025-10-24 23:52:46] local.ERROR: Invalid key supplied  
[2025-10-24 23:53:46] local.ERROR: Invalid key supplied  
[2025-10-24 23:54:46] local.ERROR: Invalid key supplied  
[2025-10-24 23:54:46] local.ERROR: Invalid key supplied  
[2025-10-24 23:55:46] local.ERROR: Invalid key supplied  
[2025-10-24 23:55:46] local.ERROR: Invalid key supplied  
[2025-10-24 23:56:46] local.ERROR: Invalid key supplied  
[2025-10-24 23:56:46] local.ERROR: Invalid key supplied  
[2025-10-24 23:57:45] local.ERROR: Invalid key supplied  
[2025-10-24 23:57:45] local.ERROR: Invalid key supplied  
[2025-10-24 23:58:46] local.ERROR: Invalid key supplied  
[2025-10-24 23:58:46] local.ERROR: Invalid key supplied  
[2025-10-24 23:59:43] local.ERROR: Invalid key supplied  
[2025-10-24 23:59:46] local.ERROR: Invalid key supplied  
[2025-10-24 23:59:46] local.ERROR: Invalid key supplied  
[2025-10-24 23:59:59] local.ERROR: Invalid key supplied  
